segment_no,vector_row
050308_SEG_TURN_00570,0
050430_SEG_TURN_00137,1
050308_SEG_PREV_CURR_00570,2
050308_SEG_CURR_NEXT_00569,3
050430_SEG_PREV_CURR_00138,4
050430_SEG_CURR_NEXT_00137,5
050430_SEG_CURR_NEXT_00136,6
050430_SEG_PREV_CURR_00137,7
050308_SEG_TURN_00385,8
050308_SEG_TURN_00074,9
050350_SEG_TURN_00217,10
050308_SEG_CURR_NEXT_00384,11
050308_SEG_PREV_CURR_00385,12
050308_SEG_PREV_CURR_00571,13
050308_SEG_CURR_NEXT_00570,14
050606_SEG_TURN_00565,15
050308_SEG_PREV_CURR_00074,16
050308_SEG_CURR_NEXT_00073,17
050350_SEG_TURN_01264,18
050350_SEG_CURR_NEXT_00216,19
050350_SEG_PREV_CURR_00217,20
050350_SEG_PREV_CURR_00218,21
050350_SEG_CURR_NEXT_00217,22
050308_SEG_CURR_NEXT_00074,23
050308_SEG_PREV_CURR_00075,24
050492_SEG_TURN_00344,25
050430_SEG_TURN_01139,26
050606_SEG_PREV_CURR_00565,27
050606_SEG_CURR_NEXT_00564,28
050492_SEG_CURR_NEXT_00344,29
050492_SEG_PREV_CURR_00345,30
050492_SEG_PREV_CURR_00344,31
050492_SEG_CURR_NEXT_00343,32
050615_SEG_TURN_00491,33
050350_SEG_PREV_CURR_01264,34
050350_SEG_CURR_NEXT_01263,35
050430_SEG_TURN_00736,36
050350_SEG_PREV_CURR_01265,37
050350_SEG_CURR_NEXT_01264,38
050350_SEG_TURN_00106,39
050430_SEG_TURN_00097,40
050492_SEG_TURN_00197,41
050430_SEG_CURR_NEXT_00736,42
050430_SEG_PREV_CURR_00737,43
050430_SEG_PREV_CURR_00098,44
050430_SEG_CURR_NEXT_00097,45
050308_SEG_CURR_NEXT_00385,46
050308_SEG_PREV_CURR_00386,47
050492_SEG_PREV_CURR_00197,48
050492_SEG_CURR_NEXT_00196,49
050492_SEG_TURN_00145,50
050615_SEG_TURN_01350,51
050615_SEG_PREV_CURR_01350,52
050615_SEG_CURR_NEXT_01349,53
050615_SEG_CURR_NEXT_01350,54
050615_SEG_PREV_CURR_01351,55
050350_SEG_TURN_01104,56
050606_SEG_TURN_00914,57
050673_SEG_TURN_00399,58
050606_SEG_TURN_00284,59
050606_SEG_CURR_NEXT_00284,60
050606_SEG_PREV_CURR_00285,61
050430_SEG_TURN_00500,62
050492_SEG_PREV_CURR_00145,63
050492_SEG_CURR_NEXT_00144,64
050606_SEG_CURR_NEXT_00914,65
050606_SEG_PREV_CURR_00915,66
050606_SEG_CURR_NEXT_00913,67
050606_SEG_PREV_CURR_00914,68
050606_SEG_PREV_CURR_00284,69
050606_SEG_CURR_NEXT_00283,70
050615_SEG_TURN_01163,71
050673_SEG_TURN_01172,72
050673_SEG_PREV_CURR_00400,73
050673_SEG_CURR_NEXT_00399,74
050615_SEG_TURN_01494,75
050430_SEG_TURN_00674,76
050492_SEG_TURN_01369,77
050615_SEG_CURR_NEXT_01163,78
050615_SEG_PREV_CURR_01164,79
050430_SEG_CURR_NEXT_00500,80
050430_SEG_PREV_CURR_00501,81
050673_SEG_PREV_CURR_00399,82
050673_SEG_CURR_NEXT_00398,83
050350_SEG_TURN_01363,84
050430_SEG_CURR_NEXT_00002,85
050430_SEG_PREV_CURR_00003,86
050606_SEG_TURN_01149,87
050673_SEG_CURR_NEXT_01172,88
050673_SEG_PREV_CURR_01173,89
050350_SEG_CURR_NEXT_01362,90
050350_SEG_PREV_CURR_01363,91
050673_SEG_PREV_CURR_01172,92
050673_SEG_CURR_NEXT_01171,93
050673_SEG_TURN_00440,94
050606_SEG_TURN_00956,95
050492_SEG_CURR_NEXT_01369,96
050492_SEG_PREV_CURR_01370,97
050606_SEG_CURR_NEXT_01149,98
050606_SEG_PREV_CURR_01150,99
050350_SEG_TURN_00329,100
050615_SEG_TURN_01426,101
050350_SEG_TURN_01182,102
050350_SEG_CURR_NEXT_00328,103
050350_SEG_PREV_CURR_00329,104
050350_SEG_CURR_NEXT_00329,105
050350_SEG_PREV_CURR_00330,106
050615_SEG_TURN_00143,107
050615_SEG_PREV_CURR_01426,108
050615_SEG_CURR_NEXT_01425,109
050615_SEG_CURR_NEXT_00143,110
050615_SEG_PREV_CURR_00144,111
050492_SEG_TURN_00937,112
050615_SEG_PREV_CURR_00143,113
050615_SEG_CURR_NEXT_00142,114
050615_SEG_CURR_NEXT_01426,115
050615_SEG_PREV_CURR_01427,116
050492_SEG_PREV_CURR_00938,117
050492_SEG_CURR_NEXT_00937,118
050492_SEG_CURR_NEXT_00933,119
050492_SEG_PREV_CURR_00934,120
050492_SEG_TURN_00934,121
050350_SEG_CURR_NEXT_01182,122
050350_SEG_PREV_CURR_01183,123
050615_SEG_TURN_00144,124
050350_SEG_PREV_CURR_01182,125
050350_SEG_CURR_NEXT_01181,126
050673_SEG_TURN_00209,127
050308_SEG_TURN_00213,128
050673_SEG_TURN_00539,129
050606_SEG_TURN_00128,130
050430_SEG_TURN_00844,131
050430_SEG_PREV_CURR_00845,132
050430_SEG_CURR_NEXT_00844,133
050606_SEG_TURN_01114,134
050308_SEG_PREV_CURR_00213,135
050308_SEG_CURR_NEXT_00212,136
050492_SEG_CURR_NEXT_00936,137
050492_SEG_PREV_CURR_00937,138
050430_SEG_CURR_NEXT_00843,139
050430_SEG_PREV_CURR_00844,140
050606_SEG_PREV_CURR_00129,141
050606_SEG_CURR_NEXT_00128,142
050606_SEG_PREV_CURR_00128,143
050606_SEG_CURR_NEXT_00127,144
050492_SEG_TURN_00933,145
050606_SEG_PREV_CURR_01114,146
050606_SEG_CURR_NEXT_01113,147
050606_SEG_PREV_CURR_01115,148
050606_SEG_CURR_NEXT_01114,149
050615_SEG_TURN_00996,150
050615_SEG_CURR_NEXT_00995,151
050615_SEG_PREV_CURR_00996,152
050606_SEG_TURN_01344,153
050606_SEG_CURR_NEXT_01344,154
050606_SEG_PREV_CURR_01345,155
050606_SEG_CURR_NEXT_01343,156
050606_SEG_PREV_CURR_01344,157
050492_SEG_CURR_NEXT_00197,158
050492_SEG_PREV_CURR_00198,159
050673_SEG_TURN_00168,160
050492_SEG_TURN_00884,161
050308_SEG_TURN_00594,162
050615_SEG_PREV_CURR_00997,163
050615_SEG_CURR_NEXT_00996,164
050606_SEG_TURN_01100,165
050308_SEG_PREV_CURR_00595,166
050308_SEG_CURR_NEXT_00594,167
050606_SEG_PREV_CURR_01101,168
050606_SEG_CURR_NEXT_01100,169
050673_SEG_CURR_NEXT_00167,170
050673_SEG_PREV_CURR_00168,171
050492_SEG_TURN_01253,172
050492_SEG_TURN_01283,173
050308_SEG_TURN_00893,174
050606_SEG_PREV_CURR_01100,175
050606_SEG_CURR_NEXT_01099,176
050606_SEG_TURN_01192,177
050673_SEG_PREV_CURR_00169,178
050673_SEG_CURR_NEXT_00168,179
050492_SEG_TURN_01251,180
050308_SEG_CURR_NEXT_00593,181
050308_SEG_PREV_CURR_00594,182
050615_SEG_TURN_00832,183
050673_SEG_TURN_00707,184
050492_SEG_TURN_01255,185
050606_SEG_PREV_CURR_01193,186
050615_SEG_TURN_00468,187
050615_SEG_CURR_NEXT_00467,188
050615_SEG_PREV_CURR_00468,189
050615_SEG_CURR_NEXT_00468,190
050615_SEG_PREV_CURR_00469,191
050615_SEG_TURN_01182,192
050350_SEG_TURN_01266,193
050430_SEG_TURN_00879,194
050492_SEG_TURN_01582,195
050673_SEG_TURN_00634,196
050673_SEG_PREV_CURR_00634,197
050673_SEG_CURR_NEXT_00633,198
050673_SEG_PREV_CURR_00635,199
050673_SEG_CURR_NEXT_00634,200
050615_SEG_CURR_NEXT_01182,201
050615_SEG_PREV_CURR_01183,202
050492_SEG_PREV_CURR_01583,203
050492_SEG_CURR_NEXT_01582,204
050615_SEG_TURN_00472,205
050430_SEG_PREV_CURR_00880,206
050430_SEG_CURR_NEXT_00879,207
050350_SEG_PREV_CURR_01266,208
050350_SEG_CURR_NEXT_01265,209
050350_SEG_TURN_00755,210
050430_SEG_TURN_00003,211
050430_SEG_PREV_CURR_00004,212
050430_SEG_CURR_NEXT_00003,213
050492_SEG_TURN_01033,214
050308_SEG_TURN_00224,215
050492_SEG_CURR_NEXT_01581,216
050492_SEG_PREV_CURR_01582,217
050308_SEG_CURR_NEXT_00223,218
050308_SEG_PREV_CURR_00224,219
050430_SEG_TURN_00516,220
050615_SEG_CURR_NEXT_00471,221
050615_SEG_PREV_CURR_00472,222
050492_SEG_CURR_NEXT_01032,223
050492_SEG_PREV_CURR_01033,224
050615_SEG_PREV_CURR_00473,225
050615_SEG_CURR_NEXT_00472,226
050430_SEG_CURR_NEXT_00516,227
050430_SEG_PREV_CURR_00517,228
050350_SEG_PREV_CURR_00755,229
050350_SEG_CURR_NEXT_00754,230
050430_SEG_CURR_NEXT_00515,231
050430_SEG_PREV_CURR_00516,232
050673_SEG_TURN_00158,233
050308_SEG_TURN_00957,234
050492_SEG_TURN_01021,235
050308_SEG_TURN_00330,236
050430_SEG_TURN_00930,237
050308_SEG_TURN_00502,238
050430_SEG_CURR_NEXT_00760,239
050430_SEG_PREV_CURR_00761,240
050430_SEG_TURN_00761,241
050430_SEG_TURN_00285,242
050673_SEG_TURN_00109,243
050308_SEG_CURR_NEXT_00502,244
050308_SEG_PREV_CURR_00503,245
050673_SEG_TURN_01026,246
050606_SEG_TURN_00535,247
050606_SEG_PREV_CURR_00536,248
050606_SEG_CURR_NEXT_00535,249
050606_SEG_PREV_CURR_00535,250
050606_SEG_CURR_NEXT_00534,251
050308_SEG_TURN_00373,252
050308_SEG_TURN_00819,253
050308_SEG_TURN_00497,254
050308_SEG_CURR_NEXT_00372,255
050308_SEG_PREV_CURR_00373,256
050308_SEG_PREV_CURR_00819,257
050308_SEG_CURR_NEXT_00818,258
050308_SEG_PREV_CURR_00498,259
050308_SEG_CURR_NEXT_00497,260
050430_SEG_PREV_CURR_00286,261
050430_SEG_CURR_NEXT_00285,262
050308_SEG_PREV_CURR_00820,263
050308_SEG_CURR_NEXT_00819,264
050430_SEG_CURR_NEXT_00929,265
050430_SEG_PREV_CURR_00930,266
050308_SEG_PREV_CURR_00497,267
050308_SEG_CURR_NEXT_00496,268
050308_SEG_PREV_CURR_00374,269
050308_SEG_CURR_NEXT_00373,270
050308_SEG_PREV_CURR_00330,271
050308_SEG_CURR_NEXT_00329,272
050673_SEG_PREV_CURR_00110,273
050673_SEG_CURR_NEXT_00109,274
050308_SEG_TURN_00072,275
050430_SEG_CURR_NEXT_00759,276
050430_SEG_PREV_CURR_00760,277
050673_SEG_CURR_NEXT_01025,278
050673_SEG_PREV_CURR_01026,279
050673_SEG_PREV_CURR_01027,280
050308_SEG_TURN_00375,281
050673_SEG_PREV_CURR_00210,282
050673_SEG_CURR_NEXT_00209,283
050673_SEG_TURN_00023,284
050673_SEG_CURR_NEXT_00022,285
050673_SEG_PREV_CURR_00023,286
050673_SEG_CURR_NEXT_00023,287
050673_SEG_PREV_CURR_00024,288
050673_SEG_CURR_NEXT_00208,289
050673_SEG_PREV_CURR_00209,290
050308_SEG_CURR_NEXT_00375,291
050308_SEG_PREV_CURR_00376,292
050673_SEG_TURN_00656,293
050615_SEG_TURN_01159,294
050606_SEG_TURN_00903,295
050308_SEG_CURR_NEXT_00374,296
050308_SEG_PREV_CURR_00375,297
050606_SEG_TURN_00253,298
050673_SEG_CURR_NEXT_00194,299
050673_SEG_PREV_CURR_00195,300
050673_SEG_TURN_00809,301
050606_SEG_CURR_NEXT_00902,302
050606_SEG_PREV_CURR_00903,303
050673_SEG_TURN_01064,304
050606_SEG_TURN_00224,305
050615_SEG_CURR_NEXT_01158,306
050615_SEG_PREV_CURR_01159,307
050606_SEG_TURN_00986,308
050350_SEG_TURN_00261,309
050615_SEG_TURN_00139,310
050673_SEG_TURN_00195,311
050606_SEG_CURR_NEXT_00223,312
050606_SEG_PREV_CURR_00224,313
050606_SEG_PREV_CURR_00254,314
050606_SEG_CURR_NEXT_00253,315
050673_SEG_TURN_00687,316
050615_SEG_TURN_00676,317
050430_SEG_TURN_01224,318
050492_SEG_TURN_01081,319
050673_SEG_TURN_00194,320
050673_SEG_TURN_00812,321
050615_SEG_CURR_NEXT_00139,322
050615_SEG_PREV_CURR_00140,323
050615_SEG_CURR_NEXT_00676,324
050673_SEG_TURN_00342,325
050673_SEG_CURR_NEXT_00341,326
050673_SEG_PREV_CURR_00342,327
050673_SEG_CURR_NEXT_00342,328
050673_SEG_PREV_CURR_00343,329
050673_SEG_TURN_00345,330
050673_SEG_PREV_CURR_00345,331
050673_SEG_CURR_NEXT_00344,332
050673_SEG_PREV_CURR_00346,333
050673_SEG_CURR_NEXT_00345,334
050615_SEG_TURN_00540,335
050673_SEG_TURN_01002,336
050615_SEG_CURR_NEXT_00539,337
050615_SEG_PREV_CURR_00540,338
050673_SEG_PREV_CURR_01003,339
050673_SEG_CURR_NEXT_01002,340
050615_SEG_CURR_NEXT_00540,341
050615_SEG_PREV_CURR_00541,342
050673_SEG_PREV_CURR_01002,343
050673_SEG_CURR_NEXT_01001,344
050673_SEG_TURN_00340,345
050673_SEG_PREV_CURR_00341,346
050673_SEG_CURR_NEXT_00340,347
050492_SEG_TURN_00960,348
050673_SEG_PREV_CURR_00340,349
050673_SEG_CURR_NEXT_00339,350
050308_SEG_TURN_00604,351
050615_SEG_TURN_00650,352
050492_SEG_PREV_CURR_00960,353
050492_SEG_CURR_NEXT_00959,354
050492_SEG_PREV_CURR_00961,355
050492_SEG_CURR_NEXT_00960,356
050673_SEG_TURN_00332,357
050606_SEG_TURN_01210,358
050308_SEG_TURN_00080,359
050308_SEG_PREV_CURR_00086,360
050308_SEG_CURR_NEXT_00085,361
050308_SEG_CURR_NEXT_00080,362
050308_SEG_PREV_CURR_00081,363
050308_SEG_CURR_NEXT_00086,364
050308_SEG_PREV_CURR_00087,365
050308_SEG_CURR_NEXT_00079,366
050308_SEG_PREV_CURR_00080,367
050308_SEG_TURN_00086,368
050308_SEG_TURN_00085,369
050308_SEG_CURR_NEXT_00084,370
050308_SEG_PREV_CURR_00085,371
050308_SEG_TURN_00087,372
050308_SEG_TURN_00084,373
050308_SEG_TURN_00276,374
050308_SEG_PREV_CURR_00084,375
050308_SEG_CURR_NEXT_00083,376
050308_SEG_CURR_NEXT_00276,377
050308_SEG_PREV_CURR_00277,378
050308_SEG_CURR_NEXT_00275,379
050308_SEG_PREV_CURR_00276,380
050606_SEG_TURN_00347,381
050606_SEG_CURR_NEXT_00347,382
050606_SEG_PREV_CURR_00348,383
050606_SEG_CURR_NEXT_00346,384
050606_SEG_PREV_CURR_00347,385
050606_SEG_TURN_01168,386
050308_SEG_TURN_00840,387
050615_SEG_CURR_NEXT_00491,388
050615_SEG_PREV_CURR_00492,389
050308_SEG_TURN_00689,390
050308_SEG_CURR_NEXT_00087,391
050308_SEG_PREV_CURR_00088,392
050308_SEG_TURN_00916,393
050673_SEG_TURN_00438,394
050350_SEG_TURN_00011,395
050606_SEG_CURR_NEXT_01167,396
050606_SEG_PREV_CURR_01168,397
050308_SEG_CURR_NEXT_00689,398
050308_SEG_PREV_CURR_00690,399
050615_SEG_TURN_00353,400
050308_SEG_CURR_NEXT_00916,401
050308_SEG_PREV_CURR_00917,402
050350_SEG_PREV_CURR_00012,403
050350_SEG_CURR_NEXT_00011,404
050308_SEG_CURR_NEXT_00839,405
050308_SEG_PREV_CURR_00840,406
050492_SEG_TURN_00666,407
050673_SEG_TURN_00391,408
050430_SEG_TURN_00557,409
050673_SEG_TURN_00369,410
050350_SEG_TURN_00073,411
050673_SEG_TURN_01147,412
050350_SEG_PREV_CURR_00073,413
050350_SEG_CURR_NEXT_00072,414
050350_SEG_TURN_01099,415
050673_SEG_PREV_CURR_00439,416
050673_SEG_CURR_NEXT_00438,417
050673_SEG_PREV_CURR_00438,418
050673_SEG_CURR_NEXT_00437,419
050492_SEG_TURN_00079,420
050673_SEG_PREV_CURR_00369,421
050673_SEG_CURR_NEXT_00368,422
050492_SEG_CURR_NEXT_00665,423
050492_SEG_PREV_CURR_00666,424
050606_SEG_TURN_01679,425
050350_SEG_CURR_NEXT_01099,426
050350_SEG_PREV_CURR_01100,427
050308_SEG_TURN_00682,428
050606_SEG_TURN_00437,429
050673_SEG_TURN_00490,430
050606_SEG_TURN_00990,431
050308_SEG_PREV_CURR_00683,432
050308_SEG_CURR_NEXT_00682,433
050673_SEG_TURN_00574,434
050350_SEG_TURN_00227,435
050492_SEG_TURN_00725,436
050492_SEG_TURN_00696,437
050350_SEG_CURR_NEXT_00227,438
050350_SEG_PREV_CURR_00228,439
050615_SEG_TURN_00556,440
050492_SEG_CURR_NEXT_00666,441
050492_SEG_PREV_CURR_00667,442
050673_SEG_CURR_NEXT_00573,443
050673_SEG_PREV_CURR_00574,444
050350_SEG_PREV_CURR_00227,445
050350_SEG_CURR_NEXT_00226,446
050673_SEG_PREV_CURR_01147,447
050673_SEG_CURR_NEXT_01146,448
050673_SEG_TURN_00989,449
050673_SEG_PREV_CURR_00391,450
050673_SEG_CURR_NEXT_00390,451
050308_SEG_PREV_CURR_00682,452
050308_SEG_CURR_NEXT_00681,453
050606_SEG_CURR_NEXT_00437,454
050673_SEG_TURN_01197,455
050673_SEG_TURN_00427,456
050673_SEG_TURN_00545,457
050673_SEG_PREV_CURR_01198,458
050673_SEG_CURR_NEXT_01197,459
050673_SEG_CURR_NEXT_00426,460
050673_SEG_PREV_CURR_00427,461
050673_SEG_PREV_CURR_00546,462
050673_SEG_CURR_NEXT_00545,463
050673_SEG_TURN_00557,464
050673_SEG_CURR_NEXT_00546,465
050673_SEG_PREV_CURR_00547,466
050673_SEG_TURN_00429,467
050673_SEG_CURR_NEXT_00427,468
050673_SEG_PREV_CURR_00428,469
050673_SEG_TURN_00547,470
050673_SEG_TURN_00551,471
050492_SEG_TURN_01285,472
050673_SEG_TURN_00563,473
050673_SEG_TURN_00433,474
050673_SEG_TURN_00546,475
050492_SEG_CURR_NEXT_01285,476
050492_SEG_PREV_CURR_01286,477
050492_SEG_CURR_NEXT_01284,478
050492_SEG_PREV_CURR_01285,479
050673_SEG_TURN_00553,480
050673_SEG_PREV_CURR_00548,481
050673_SEG_CURR_NEXT_00547,482
050673_SEG_PREV_CURR_00557,483
050673_SEG_CURR_NEXT_00556,484
050673_SEG_PREV_CURR_00558,485
050673_SEG_CURR_NEXT_00557,486
050673_SEG_TURN_00561,487
050673_SEG_TURN_00555,488
050673_SEG_CURR_NEXT_00544,489
050673_SEG_PREV_CURR_00545,490
050673_SEG_TURN_00031,491
050673_SEG_CURR_NEXT_00553,492
050673_SEG_PREV_CURR_00554,493
050673_SEG_PREV_CURR_00552,494
050673_SEG_CURR_NEXT_00551,495
050673_SEG_CURR_NEXT_01196,496
050673_SEG_PREV_CURR_01197,497
050673_SEG_TURN_00559,498
050673_SEG_CURR_NEXT_00554,499
050673_SEG_PREV_CURR_00555,500
050673_SEG_CURR_NEXT_00030,501
050673_SEG_PREV_CURR_00031,502
050673_SEG_TURN_00998,503
050673_SEG_TURN_01088,504
050673_SEG_TURN_01090,505
050673_SEG_TURN_01008,506
050673_SEG_TURN_00992,507
050673_SEG_TURN_00996,508
050673_SEG_PREV_CURR_00999,509
050673_SEG_CURR_NEXT_00998,510
050673_SEG_TURN_00990,511
050673_SEG_TURN_01006,512
050673_SEG_PREV_CURR_00998,513
050673_SEG_CURR_NEXT_00997,514
050673_SEG_TURN_01004,515
050673_SEG_PREV_CURR_00992,516
050673_SEG_CURR_NEXT_00991,517
050673_SEG_PREV_CURR_00997,518
050673_SEG_CURR_NEXT_00996,519
050430_SEG_TURN_00197,520
050673_SEG_PREV_CURR_01008,521
050673_SEG_CURR_NEXT_01007,522
050673_SEG_PREV_CURR_00991,523
050673_SEG_CURR_NEXT_00990,524
050673_SEG_PREV_CURR_00990,525
050673_SEG_CURR_NEXT_00989,526
050673_SEG_TURN_00016,527
050673_SEG_PREV_CURR_01009,528
050673_SEG_CURR_NEXT_01008,529
050606_SEG_TURN_01424,530
050673_SEG_PREV_CURR_00996,531
050673_SEG_CURR_NEXT_00995,532
050430_SEG_PREV_CURR_00198,533
050430_SEG_CURR_NEXT_00197,534
050673_SEG_PREV_CURR_01007,535
050673_SEG_CURR_NEXT_01006,536
050673_SEG_PREV_CURR_01004,537
050673_SEG_CURR_NEXT_01003,538
050606_SEG_PREV_CURR_01424,539
050606_SEG_CURR_NEXT_01423,540
050606_SEG_PREV_CURR_01425,541
050606_SEG_CURR_NEXT_01424,542
050673_SEG_CURR_NEXT_00992,543
050673_SEG_PREV_CURR_00993,544
050673_SEG_CURR_NEXT_01005,545
050673_SEG_PREV_CURR_01006,546
050673_SEG_PREV_CURR_00017,547
050673_SEG_TURN_00329,548
050673_SEG_TURN_01159,549
050673_SEG_TURN_00538,550
050673_SEG_CURR_NEXT_01158,551
050673_SEG_PREV_CURR_01159,552
050673_SEG_CURR_NEXT_01159,553
050673_SEG_PREV_CURR_01160,554
050673_SEG_TURN_00948,555
050350_SEG_TURN_00167,556
050673_SEG_PREV_CURR_00330,557
050673_SEG_CURR_NEXT_00329,558
050673_SEG_CURR_NEXT_00537,559
050673_SEG_PREV_CURR_00538,560
050430_SEG_TURN_00570,561
050673_SEG_TURN_00295,562
050673_SEG_PREV_CURR_00295,563
050673_SEG_CURR_NEXT_00294,564
050673_SEG_TURN_01118,565
050673_SEG_PREV_CURR_00296,566
050673_SEG_CURR_NEXT_00295,567
050430_SEG_PREV_CURR_00570,568
050430_SEG_CURR_NEXT_00569,569
050673_SEG_TURN_00986,570
050350_SEG_TURN_00885,571
050673_SEG_CURR_NEXT_00986,572
050673_SEG_PREV_CURR_00987,573
050673_SEG_PREV_CURR_00986,574
050673_SEG_CURR_NEXT_00985,575
050673_SEG_CURR_NEXT_00367,576
050673_SEG_PREV_CURR_00368,577
050350_SEG_CURR_NEXT_00166,578
050350_SEG_PREV_CURR_00167,579
050430_SEG_CURR_NEXT_00570,580
050430_SEG_PREV_CURR_00571,581
050673_SEG_PREV_CURR_01119,582
050673_SEG_CURR_NEXT_01118,583
050673_SEG_CURR_NEXT_00328,584
050673_SEG_PREV_CURR_00329,585
050673_SEG_PREV_CURR_00116,586
050673_SEG_CURR_NEXT_00115,587
050606_SEG_TURN_00626,588
050308_SEG_TURN_00228,589
050308_SEG_CURR_NEXT_00228,590
050308_SEG_PREV_CURR_00229,591
050308_SEG_CURR_NEXT_00227,592
050308_SEG_PREV_CURR_00228,593
050606_SEG_CURR_NEXT_00625,594
050606_SEG_PREV_CURR_00626,595
050606_SEG_PREV_CURR_00627,596
050606_SEG_CURR_NEXT_00626,597
050308_SEG_TURN_00233,598
050308_SEG_PREV_CURR_00233,599
050308_SEG_CURR_NEXT_00232,600
050308_SEG_PREV_CURR_00234,601
050308_SEG_CURR_NEXT_00233,602
050308_SEG_TURN_00230,603
050308_SEG_PREV_CURR_00230,604
050308_SEG_CURR_NEXT_00229,605
050606_SEG_TURN_00706,606
050308_SEG_CURR_NEXT_00230,607
050308_SEG_PREV_CURR_00231,608
050308_SEG_TURN_00235,609
050606_SEG_PREV_CURR_00956,610
050606_SEG_CURR_NEXT_00955,611
050308_SEG_CURR_NEXT_00234,612
050308_SEG_PREV_CURR_00235,613
050615_SEG_TURN_00435,614
050308_SEG_TURN_01053,615
050350_SEG_TURN_00932,616
050615_SEG_PREV_CURR_00435,617
050615_SEG_CURR_NEXT_00434,618
050308_SEG_TURN_00318,619
050308_SEG_TURN_00231,620
050615_SEG_PREV_CURR_00436,621
050615_SEG_CURR_NEXT_00435,622
050673_SEG_PREV_CURR_00440,623
050606_SEG_TURN_00012,624
050606_SEG_CURR_NEXT_00012,625
050606_SEG_PREV_CURR_00013,626
050606_SEG_TURN_00013,627
050606_SEG_PREV_CURR_00014,628
050606_SEG_CURR_NEXT_00013,629
050606_SEG_TURN_01058,630
050606_SEG_PREV_CURR_01059,631
050606_SEG_CURR_NEXT_01058,632
050606_SEG_TURN_00015,633
050606_SEG_CURR_NEXT_01057,634
050606_SEG_PREV_CURR_01058,635
050606_SEG_CURR_NEXT_00014,636
050606_SEG_PREV_CURR_00015,637
050606_SEG_PREV_CURR_00016,638
050606_SEG_CURR_NEXT_00015,639
050606_SEG_TURN_01275,640
050606_SEG_TURN_00662,641
050606_SEG_TURN_00373,642
050606_SEG_PREV_CURR_01276,643
050606_SEG_CURR_NEXT_01275,644
050606_SEG_CURR_NEXT_01274,645
050606_SEG_PREV_CURR_01275,646
050606_SEG_PREV_CURR_00374,647
050606_SEG_CURR_NEXT_00373,648
050606_SEG_PREV_CURR_00373,649
050606_SEG_CURR_NEXT_00372,650
050606_SEG_TURN_01530,651
050606_SEG_CURR_NEXT_00002,652
050606_SEG_PREV_CURR_00003,653
050606_SEG_PREV_CURR_00002,654
050606_SEG_CURR_NEXT_00001,655
050606_SEG_TURN_00002,656
050606_SEG_TURN_01692,657
050606_SEG_TURN_00027,658
050606_SEG_CURR_NEXT_00026,659
050606_SEG_PREV_CURR_00027,660
050606_SEG_PREV_CURR_00028,661
050606_SEG_CURR_NEXT_00027,662
050606_SEG_PREV_CURR_01530,663
050606_SEG_CURR_NEXT_01529,664
050606_SEG_PREV_CURR_01692,665
050606_SEG_CURR_NEXT_01691,666
050606_SEG_CURR_NEXT_01530,667
050606_SEG_PREV_CURR_01531,668
050308_SEG_TURN_00956,669
050308_SEG_PREV_CURR_00957,670
050308_SEG_CURR_NEXT_00956,671
050673_SEG_TURN_00159,672
050350_SEG_TURN_01315,673
050615_SEG_TURN_01332,674
050308_SEG_TURN_00092,675
050615_SEG_PREV_CURR_01333,676
050615_SEG_CURR_NEXT_01332,677
050615_SEG_PREV_CURR_01332,678
050615_SEG_CURR_NEXT_01331,679
050350_SEG_TURN_01321,680
050308_SEG_PREV_CURR_00093,681
050308_SEG_CURR_NEXT_00092,682
050308_SEG_PREV_CURR_00092,683
050308_SEG_CURR_NEXT_00091,684
050350_SEG_PREV_CURR_01315,685
050350_SEG_CURR_NEXT_01314,686
050606_SEG_TURN_00709,687
050615_SEG_PREV_CURR_00833,688
050615_SEG_CURR_NEXT_00832,689
050350_SEG_CURR_NEXT_01315,690
050350_SEG_PREV_CURR_01316,691
050308_SEG_CURR_NEXT_00955,692
050308_SEG_PREV_CURR_00956,693
050606_SEG_TURN_01542,694
050308_SEG_TURN_00203,695
050606_SEG_CURR_NEXT_00709,696
050606_SEG_PREV_CURR_00710,697
050606_SEG_CURR_NEXT_00708,698
050606_SEG_PREV_CURR_00709,699
050350_SEG_CURR_NEXT_01321,700
050350_SEG_PREV_CURR_01322,701
050606_SEG_PREV_CURR_01543,702
050606_SEG_CURR_NEXT_01542,703
050606_SEG_TURN_00102,704
050606_SEG_TURN_00056,705
050606_SEG_TURN_01090,706
050492_SEG_TURN_01046,707
050615_SEG_TURN_00896,708
050615_SEG_PREV_CURR_00897,709
050615_SEG_CURR_NEXT_00896,710
050615_SEG_PREV_CURR_00896,711
050615_SEG_CURR_NEXT_00895,712
050615_SEG_TURN_00900,713
050615_SEG_CURR_NEXT_00899,714
050615_SEG_PREV_CURR_00900,715
050492_SEG_PREV_CURR_01047,716
050492_SEG_CURR_NEXT_01046,717
050615_SEG_CURR_NEXT_00900,718
050615_SEG_PREV_CURR_00901,719
050673_SEG_TURN_00756,720
050430_SEG_CURR_NEXT_00878,721
050430_SEG_PREV_CURR_00879,722
050673_SEG_TURN_01115,723
050673_SEG_CURR_NEXT_00755,724
050673_SEG_PREV_CURR_00756,725
050673_SEG_TURN_00646,726
050615_SEG_TURN_00629,727
050606_SEG_TURN_00125,728
050606_SEG_TURN_00871,729
050673_SEG_PREV_CURR_00647,730
050673_SEG_CURR_NEXT_00646,731
050492_SEG_TURN_00450,732
050606_SEG_TURN_00474,733
050492_SEG_CURR_NEXT_01045,734
050492_SEG_PREV_CURR_01046,735
050350_SEG_TURN_00658,736
050606_SEG_CURR_NEXT_00473,737
050606_SEG_PREV_CURR_00474,738
050606_SEG_TURN_01695,739
050606_SEG_TURN_00635,740
050606_SEG_PREV_CURR_00636,741
050606_SEG_CURR_NEXT_00635,742
050606_SEG_TURN_00613,743
050606_SEG_TURN_00636,744
050606_SEG_CURR_NEXT_00634,745
050606_SEG_PREV_CURR_00635,746
050606_SEG_PREV_CURR_00614,747
050606_SEG_CURR_NEXT_00613,748
050606_SEG_PREV_CURR_01695,749
050606_SEG_CURR_NEXT_01694,750
050606_SEG_TURN_00625,751
050606_SEG_TURN_00621,752
050606_SEG_PREV_CURR_00625,753
050606_SEG_CURR_NEXT_00624,754
050606_SEG_CURR_NEXT_00636,755
050606_SEG_PREV_CURR_00637,756
050606_SEG_PREV_CURR_00613,757
050606_SEG_CURR_NEXT_00612,758
050606_SEG_PREV_CURR_00622,759
050606_SEG_CURR_NEXT_00621,760
050430_SEG_TURN_00827,761
050430_SEG_CURR_NEXT_00826,762
050430_SEG_PREV_CURR_00827,763
050606_SEG_TURN_00641,764
050606_SEG_TURN_00628,765
050606_SEG_CURR_NEXT_00640,766
050606_SEG_PREV_CURR_00641,767
050606_SEG_CURR_NEXT_00641,768
050606_SEG_PREV_CURR_00642,769
050430_SEG_CURR_NEXT_00827,770
050430_SEG_PREV_CURR_00828,771
050606_SEG_PREV_CURR_00629,772
050606_SEG_CURR_NEXT_00628,773
050606_SEG_PREV_CURR_00628,774
050606_SEG_CURR_NEXT_00627,775
050606_SEG_CURR_NEXT_00620,776
050606_SEG_PREV_CURR_00621,777
050430_SEG_TURN_00831,778
050430_SEG_PREV_CURR_00831,779
050430_SEG_CURR_NEXT_00830,780
050606_SEG_TURN_00844,781
050430_SEG_CURR_NEXT_00831,782
050430_SEG_PREV_CURR_00832,783
050492_SEG_TURN_01428,784
050492_SEG_PREV_CURR_01428,785
050492_SEG_CURR_NEXT_01427,786
050430_SEG_TURN_00431,787
050430_SEG_TURN_00433,788
050430_SEG_CURR_NEXT_00433,789
050430_SEG_PREV_CURR_00434,790
050430_SEG_CURR_NEXT_00430,791
050430_SEG_PREV_CURR_00431,792
050430_SEG_PREV_CURR_00433,793
050430_SEG_CURR_NEXT_00432,794
050430_SEG_CURR_NEXT_00431,795
050430_SEG_PREV_CURR_00432,796
050430_SEG_TURN_00619,797
050430_SEG_PREV_CURR_00619,798
050430_SEG_CURR_NEXT_00618,799
050430_SEG_TURN_00435,800
050430_SEG_CURR_NEXT_00434,801
050430_SEG_PREV_CURR_00435,802
050430_SEG_TURN_00682,803
050430_SEG_TURN_01037,804
050430_SEG_CURR_NEXT_00619,805
050430_SEG_PREV_CURR_00620,806
050430_SEG_CURR_NEXT_00681,807
050430_SEG_PREV_CURR_00682,808
050430_SEG_PREV_CURR_00436,809
050430_SEG_CURR_NEXT_00435,810
050430_SEG_PREV_CURR_00683,811
050430_SEG_CURR_NEXT_00682,812
050430_SEG_PREV_CURR_01037,813
050430_SEG_CURR_NEXT_01036,814
050430_SEG_CURR_NEXT_01037,815
050430_SEG_PREV_CURR_01038,816
050606_SEG_PREV_CURR_01169,817
050606_SEG_CURR_NEXT_01168,818
050430_SEG_TURN_00620,819
050492_SEG_TURN_01430,820
050350_SEG_TURN_00019,821
050615_SEG_TURN_00857,822
050615_SEG_CURR_NEXT_00857,823
050615_SEG_PREV_CURR_00858,824
050615_SEG_TURN_01462,825
050615_SEG_CURR_NEXT_00856,826
050615_SEG_PREV_CURR_00857,827
050308_SEG_TURN_00641,828
050308_SEG_CURR_NEXT_00641,829
050308_SEG_PREV_CURR_00642,830
050615_SEG_CURR_NEXT_01462,831
050615_SEG_PREV_CURR_01463,832
050430_SEG_PREV_CURR_00316,833
050430_SEG_CURR_NEXT_00315,834
050430_SEG_TURN_00315,835
050615_SEG_TURN_00007,836
050430_SEG_PREV_CURR_00315,837
050430_SEG_CURR_NEXT_00314,838
050615_SEG_PREV_CURR_00008,839
050615_SEG_CURR_NEXT_00007,840
050615_SEG_PREV_CURR_00007,841
050615_SEG_CURR_NEXT_00006,842
050615_SEG_PREV_CURR_01462,843
050615_SEG_CURR_NEXT_01461,844
050615_SEG_TURN_00859,845
050430_SEG_TURN_00310,846
050430_SEG_CURR_NEXT_00310,847
050430_SEG_PREV_CURR_00311,848
050615_SEG_PREV_CURR_00859,849
050615_SEG_CURR_NEXT_00858,850
050615_SEG_CURR_NEXT_00859,851
050615_SEG_PREV_CURR_00860,852
050430_SEG_CURR_NEXT_00309,853
050430_SEG_PREV_CURR_00310,854
050430_SEG_TURN_00005,855
050615_SEG_TURN_01361,856
050430_SEG_PREV_CURR_00005,857
050430_SEG_CURR_NEXT_00004,858
050350_SEG_TURN_01253,859
050350_SEG_PREV_CURR_01254,860
050350_SEG_CURR_NEXT_01253,861
050350_SEG_CURR_NEXT_01252,862
050350_SEG_PREV_CURR_01253,863
050606_SEG_TURN_01549,864
050606_SEG_CURR_NEXT_01548,865
050606_SEG_PREV_CURR_01549,866
050606_SEG_CURR_NEXT_01549,867
050606_SEG_PREV_CURR_01550,868
050350_SEG_TURN_01231,869
050350_SEG_PREV_CURR_01231,870
050350_SEG_CURR_NEXT_01230,871
050350_SEG_PREV_CURR_01232,872
050350_SEG_CURR_NEXT_01231,873
050606_SEG_TURN_01547,874
050606_SEG_TURN_00069,875
050606_SEG_TURN_00077,876
050606_SEG_CURR_NEXT_01546,877
050606_SEG_PREV_CURR_01547,878
050606_SEG_CURR_NEXT_01547,879
050606_SEG_PREV_CURR_01548,880
050606_SEG_CURR_NEXT_00069,881
050606_SEG_PREV_CURR_00070,882
050615_SEG_TURN_01240,883
050606_SEG_PREV_CURR_00069,884
050606_SEG_CURR_NEXT_00068,885
050606_SEG_TURN_00079,886
050606_SEG_CURR_NEXT_00079,887
050606_SEG_PREV_CURR_00080,888
050606_SEG_PREV_CURR_00078,889
050606_SEG_CURR_NEXT_00077,890
050606_SEG_CURR_NEXT_00078,891
050606_SEG_PREV_CURR_00079,892
050606_SEG_PREV_CURR_00077,893
050606_SEG_CURR_NEXT_00076,894
050615_SEG_PREV_CURR_00326,895
050615_SEG_CURR_NEXT_00325,896
050430_SEG_TURN_00453,897
050615_SEG_TURN_00261,898
050492_SEG_TURN_01028,899
050615_SEG_TURN_00326,900
050606_SEG_TURN_01399,901
050350_SEG_TURN_00432,902
050430_SEG_TURN_00423,903
050430_SEG_CURR_NEXT_00453,904
050430_SEG_PREV_CURR_00454,905
050615_SEG_PREV_CURR_01240,906
050615_SEG_CURR_NEXT_01239,907
050615_SEG_TURN_00325,908
050430_SEG_TURN_00192,909
050430_SEG_PREV_CURR_00192,910
050430_SEG_CURR_NEXT_00191,911
050606_SEG_TURN_00916,912
050606_SEG_PREV_CURR_00917,913
050606_SEG_CURR_NEXT_00916,914
050492_SEG_TURN_00533,915
050606_SEG_TURN_01490,916
050308_SEG_TURN_00388,917
050430_SEG_PREV_CURR_00329,918
050430_SEG_CURR_NEXT_00328,919
050430_SEG_TURN_00329,920
050606_SEG_TURN_00917,921
050615_SEG_TURN_00264,922
050492_SEG_TURN_00092,923
050430_SEG_CURR_NEXT_00192,924
050430_SEG_PREV_CURR_00193,925
050492_SEG_PREV_CURR_00533,926
050492_SEG_CURR_NEXT_00532,927
050673_SEG_TURN_00368,928
050492_SEG_PREV_CURR_00093,929
050492_SEG_CURR_NEXT_00092,930
050492_SEG_TURN_01056,931
050430_SEG_TURN_00296,932
050606_SEG_TURN_01492,933
050492_SEG_CURR_NEXT_00533,934
050492_SEG_PREV_CURR_00534,935
050615_SEG_CURR_NEXT_00431,936
050615_SEG_PREV_CURR_00432,937
050615_SEG_TURN_00431,938
050615_SEG_TURN_01416,939
050308_SEG_CURR_NEXT_00103,940
050308_SEG_PREV_CURR_00104,941
050308_SEG_TURN_00103,942
050615_SEG_CURR_NEXT_00430,943
050615_SEG_PREV_CURR_00431,944
050615_SEG_CURR_NEXT_01415,945
050615_SEG_PREV_CURR_01416,946
050615_SEG_CURR_NEXT_01416,947
050615_SEG_PREV_CURR_01417,948
050350_SEG_TURN_00984,949
050308_SEG_TURN_00104,950
050430_SEG_TURN_00759,951
050350_SEG_CURR_NEXT_00984,952
050350_SEG_PREV_CURR_00985,953
050673_SEG_TURN_00772,954
050615_SEG_TURN_00417,955
050350_SEG_CURR_NEXT_00983,956
050350_SEG_PREV_CURR_00984,957
050350_SEG_TURN_00414,958
050615_SEG_PREV_CURR_00760,959
050615_SEG_CURR_NEXT_00759,960
050673_SEG_CURR_NEXT_00772,961
050673_SEG_PREV_CURR_00773,962
050615_SEG_CURR_NEXT_00193,963
050615_SEG_PREV_CURR_00194,964
050350_SEG_PREV_CURR_00414,965
050350_SEG_CURR_NEXT_00413,966
050615_SEG_TURN_00168,967
050615_SEG_CURR_NEXT_01162,968
050615_SEG_PREV_CURR_01163,969
050492_SEG_TURN_00124,970
050615_SEG_TURN_00438,971
050673_SEG_TURN_00100,972
050615_SEG_PREV_CURR_00438,973
050615_SEG_CURR_NEXT_00437,974
050615_SEG_CURR_NEXT_00438,975
050615_SEG_PREV_CURR_00439,976
050673_SEG_PREV_CURR_00100,977
050673_SEG_CURR_NEXT_00099,978
050673_SEG_TURN_00364,979
050350_SEG_TURN_00048,980
050673_SEG_PREV_CURR_00101,981
050673_SEG_CURR_NEXT_00100,982
050492_SEG_TURN_00433,983
050308_SEG_CURR_NEXT_01053,984
050308_SEG_PREV_CURR_01054,985
050492_SEG_PREV_CURR_00434,986
050492_SEG_CURR_NEXT_00433,987
050615_SEG_TURN_01034,988
050606_SEG_TURN_00122,989
050492_SEG_TURN_01311,990
050492_SEG_CURR_NEXT_00432,991
050492_SEG_PREV_CURR_00433,992
050308_SEG_CURR_NEXT_01052,993
050308_SEG_PREV_CURR_01053,994
050673_SEG_TURN_00225,995
050615_SEG_PREV_CURR_01034,996
050615_SEG_CURR_NEXT_01033,997
050615_SEG_TURN_00760,998
050615_SEG_CURR_NEXT_01034,999
050615_SEG_PREV_CURR_01035,1000
050673_SEG_CURR_NEXT_00439,1001
050615_SEG_CURR_NEXT_00760,1002
050615_SEG_PREV_CURR_00761,1003
050430_SEG_TURN_00037,1004
050492_SEG_TURN_01308,1005
050430_SEG_PREV_CURR_00038,1006
050430_SEG_CURR_NEXT_00037,1007
050430_SEG_CURR_NEXT_00036,1008
050430_SEG_PREV_CURR_00037,1009
050606_SEG_CURR_NEXT_00121,1010
050606_SEG_PREV_CURR_00122,1011
050615_SEG_TURN_00367,1012
050350_SEG_TURN_01118,1013
050430_SEG_TURN_00717,1014
050615_SEG_PREV_CURR_00367,1015
050615_SEG_CURR_NEXT_00366,1016
050430_SEG_CURR_NEXT_00716,1017
050430_SEG_PREV_CURR_00717,1018
050430_SEG_TURN_00265,1019
050606_SEG_TURN_00930,1020
050492_SEG_CURR_NEXT_01307,1021
050492_SEG_PREV_CURR_01308,1022
050615_SEG_TURN_00317,1023
050615_SEG_TURN_00158,1024
050615_SEG_PREV_CURR_01421,1025
050615_SEG_CURR_NEXT_01420,1026
050615_SEG_TURN_01134,1027
050615_SEG_TURN_01443,1028
050615_SEG_TURN_01445,1029
050615_SEG_TURN_01421,1030
050615_SEG_TURN_01459,1031
050615_SEG_TURN_00166,1032
050615_SEG_TURN_00313,1033
050615_SEG_TURN_01425,1034
050615_SEG_TURN_01423,1035
050615_SEG_TURN_01505,1036
050615_SEG_TURN_00946,1037
050615_SEG_TURN_00839,1038
050615_SEG_TURN_01499,1039
050615_SEG_TURN_00315,1040
050615_SEG_TURN_01495,1041
050615_SEG_CURR_NEXT_00833,1042
050615_SEG_PREV_CURR_00834,1043
050615_SEG_TURN_00160,1044
050615_SEG_TURN_01455,1045
050615_SEG_TURN_01453,1046
050615_SEG_TURN_01433,1047
050615_SEG_TURN_01431,1048
050615_SEG_TURN_00849,1049
050615_SEG_TURN_01437,1050
050615_SEG_TURN_00851,1051
050615_SEG_PREV_CURR_00313,1052
050615_SEG_CURR_NEXT_00312,1053
050615_SEG_TURN_01441,1054
050615_SEG_TURN_01457,1055
050615_SEG_TURN_00847,1056
050615_SEG_TURN_00156,1057
050615_SEG_TURN_00309,1058
050615_SEG_TURN_01449,1059
050615_SEG_TURN_00833,1060
050615_SEG_TURN_01140,1061
050615_SEG_TURN_00123,1062
050615_SEG_CURR_NEXT_01423,1063
050615_SEG_PREV_CURR_01424,1064
050615_SEG_TURN_01439,1065
050615_SEG_PREV_CURR_01425,1066
050615_SEG_CURR_NEXT_01424,1067
050615_SEG_TURN_00834,1068
050615_SEG_CURR_NEXT_01443,1069
050615_SEG_PREV_CURR_01444,1070
050615_SEG_TURN_01501,1071
050615_SEG_TURN_01451,1072
050308_SEG_PREV_CURR_00352,1073
050308_SEG_CURR_NEXT_00351,1074
050308_SEG_TURN_00352,1075
050308_SEG_TURN_00351,1076
050308_SEG_CURR_NEXT_00350,1077
050308_SEG_PREV_CURR_00351,1078
050615_SEG_TURN_01247,1079
050606_SEG_TURN_00047,1080
050615_SEG_CURR_NEXT_01246,1081
050615_SEG_PREV_CURR_01247,1082
050308_SEG_TURN_00347,1083
050615_SEG_PREV_CURR_01248,1084
050615_SEG_CURR_NEXT_01247,1085
050350_SEG_TURN_00344,1086
050308_SEG_PREV_CURR_00348,1087
050308_SEG_CURR_NEXT_00347,1088
050308_SEG_PREV_CURR_00347,1089
050308_SEG_CURR_NEXT_00346,1090
050673_SEG_TURN_00128,1091
050350_SEG_CURR_NEXT_00343,1092
050350_SEG_PREV_CURR_00344,1093
050673_SEG_TURN_00136,1094
050350_SEG_CURR_NEXT_00344,1095
050350_SEG_PREV_CURR_00345,1096
050350_SEG_TURN_01426,1097
050673_SEG_CURR_NEXT_00128,1098
050673_SEG_PREV_CURR_00129,1099
050673_SEG_TURN_00382,1100
050308_SEG_CURR_NEXT_00352,1101
050308_SEG_PREV_CURR_00353,1102
050673_SEG_CURR_NEXT_00135,1103
050673_SEG_PREV_CURR_00136,1104
050492_SEG_TURN_00148,1105
050606_SEG_PREV_CURR_00048,1106
050606_SEG_CURR_NEXT_00047,1107
050673_SEG_CURR_NEXT_00382,1108
050673_SEG_PREV_CURR_00383,1109
050606_SEG_TURN_00660,1110
050673_SEG_CURR_NEXT_00136,1111
050673_SEG_PREV_CURR_00137,1112
050673_SEG_PREV_CURR_00128,1113
050673_SEG_CURR_NEXT_00127,1114
050430_SEG_TURN_01028,1115
050606_SEG_TURN_00067,1116
050430_SEG_TURN_00470,1117
050430_SEG_CURR_NEXT_00469,1118
050430_SEG_PREV_CURR_00470,1119
050430_SEG_CURR_NEXT_00470,1120
050430_SEG_PREV_CURR_00471,1121
050615_SEG_TURN_01375,1122
050615_SEG_CURR_NEXT_01374,1123
050615_SEG_PREV_CURR_01375,1124
050615_SEG_TURN_00155,1125
050615_SEG_CURR_NEXT_01375,1126
050615_SEG_PREV_CURR_01376,1127
050308_SEG_TURN_01033,1128
050492_SEG_TURN_00011,1129
050615_SEG_CURR_NEXT_00155,1130
050615_SEG_PREV_CURR_00156,1131
050492_SEG_CURR_NEXT_00010,1132
050492_SEG_PREV_CURR_00011,1133
050492_SEG_PREV_CURR_00012,1134
050492_SEG_CURR_NEXT_00011,1135
050615_SEG_PREV_CURR_00155,1136
050615_SEG_CURR_NEXT_00154,1137
050308_SEG_TURN_01061,1138
050308_SEG_CURR_NEXT_01060,1139
050308_SEG_PREV_CURR_01061,1140
050308_SEG_CURR_NEXT_01061,1141
050308_SEG_PREV_CURR_01062,1142
050673_SEG_TURN_00970,1143
050615_SEG_TURN_00338,1144
050492_SEG_CURR_NEXT_01308,1145
050492_SEG_PREV_CURR_01309,1146
050615_SEG_CURR_NEXT_00417,1147
050615_SEG_PREV_CURR_00418,1148
050430_SEG_PREV_CURR_00304,1149
050430_SEG_CURR_NEXT_00303,1150
050606_SEG_TURN_00308,1151
050615_SEG_CURR_NEXT_00416,1152
050615_SEG_PREV_CURR_00417,1153
050615_SEG_TURN_00267,1154
050615_SEG_TURN_00660,1155
050615_SEG_PREV_CURR_00338,1156
050615_SEG_CURR_NEXT_00337,1157
050492_SEG_CURR_NEXT_01311,1158
050492_SEG_PREV_CURR_01312,1159
050430_SEG_TURN_00304,1160
050430_SEG_TURN_00303,1161
050673_SEG_PREV_CURR_00970,1162
050673_SEG_CURR_NEXT_00969,1163
050606_SEG_TURN_01122,1164
050606_SEG_CURR_NEXT_00307,1165
050606_SEG_PREV_CURR_00308,1166
050615_SEG_TURN_00762,1167
050606_SEG_TURN_00587,1168
050350_SEG_TURN_00272,1169
050350_SEG_CURR_NEXT_00272,1170
050350_SEG_PREV_CURR_00273,1171
050308_SEG_TURN_00395,1172
050430_SEG_TURN_00050,1173
050308_SEG_TURN_00287,1174
050308_SEG_CURR_NEXT_00394,1175
050308_SEG_PREV_CURR_00395,1176
050308_SEG_CURR_NEXT_00395,1177
050308_SEG_PREV_CURR_00396,1178
050606_SEG_CURR_NEXT_00706,1179
050606_SEG_PREV_CURR_00707,1180
050492_SEG_TURN_00974,1181
050492_SEG_TURN_00163,1182
050350_SEG_CURR_NEXT_00271,1183
050350_SEG_PREV_CURR_00272,1184
050308_SEG_PREV_CURR_00288,1185
050308_SEG_CURR_NEXT_00287,1186
050606_SEG_CURR_NEXT_00705,1187
050606_SEG_PREV_CURR_00706,1188
050430_SEG_TURN_00305,1189
050492_SEG_PREV_CURR_00975,1190
050492_SEG_CURR_NEXT_00974,1191
050492_SEG_CURR_NEXT_00163,1192
050492_SEG_PREV_CURR_00164,1193
050430_SEG_PREV_CURR_00051,1194
050430_SEG_CURR_NEXT_00050,1195
050350_SEG_TURN_01303,1196
050308_SEG_TURN_00842,1197
050350_SEG_CURR_NEXT_01303,1198
050350_SEG_PREV_CURR_01304,1199
050430_SEG_TURN_00647,1200
050430_SEG_CURR_NEXT_00647,1201
050430_SEG_PREV_CURR_00648,1202
050430_SEG_PREV_CURR_00647,1203
050430_SEG_CURR_NEXT_00646,1204
050308_SEG_CURR_NEXT_00286,1205
050308_SEG_PREV_CURR_00287,1206
050308_SEG_PREV_CURR_00843,1207
050308_SEG_CURR_NEXT_00842,1208
050615_SEG_TURN_01096,1209
050430_SEG_PREV_CURR_00305,1210
050350_SEG_TURN_00538,1211
050350_SEG_CURR_NEXT_00538,1212
050350_SEG_PREV_CURR_00539,1213
050615_SEG_TURN_00602,1214
050606_SEG_TURN_00279,1215
050430_SEG_TURN_00027,1216
050430_SEG_TURN_00219,1217
050606_SEG_PREV_CURR_00280,1218
050606_SEG_CURR_NEXT_00279,1219
050430_SEG_PREV_CURR_00220,1220
050430_SEG_CURR_NEXT_00219,1221
050615_SEG_CURR_NEXT_00601,1222
050615_SEG_PREV_CURR_00602,1223
050615_SEG_CURR_NEXT_00602,1224
050615_SEG_PREV_CURR_00603,1225
050430_SEG_CURR_NEXT_00304,1226
050430_SEG_PREV_CURR_00028,1227
050430_SEG_CURR_NEXT_00027,1228
050430_SEG_PREV_CURR_00219,1229
050430_SEG_CURR_NEXT_00218,1230
050606_SEG_PREV_CURR_00279,1231
050606_SEG_CURR_NEXT_00278,1232
050615_SEG_TURN_01292,1233
050430_SEG_TURN_00274,1234
050350_SEG_PREV_CURR_00538,1235
050350_SEG_CURR_NEXT_00537,1236
050430_SEG_CURR_NEXT_00273,1237
050430_SEG_PREV_CURR_00274,1238
050430_SEG_TURN_00088,1239
050308_SEG_TURN_00885,1240
050673_SEG_TURN_01192,1241
050430_SEG_PREV_CURR_00275,1242
050430_SEG_CURR_NEXT_00274,1243
050673_SEG_CURR_NEXT_01191,1244
050615_SEG_TURN_01429,1245
050615_SEG_CURR_NEXT_01428,1246
050615_SEG_PREV_CURR_01429,1247
050350_SEG_TURN_01292,1248
050615_SEG_CURR_NEXT_01429,1249
050615_SEG_PREV_CURR_01430,1250
050308_SEG_TURN_00578,1251
050308_SEG_CURR_NEXT_00578,1252
050308_SEG_PREV_CURR_00579,1253
050308_SEG_TURN_00910,1254
050308_SEG_PREV_CURR_00578,1255
050308_SEG_CURR_NEXT_00577,1256
050606_SEG_TURN_00281,1257
050350_SEG_PREV_CURR_01293,1258
050350_SEG_CURR_NEXT_01292,1259
050606_SEG_CURR_NEXT_00280,1260
050606_SEG_PREV_CURR_00281,1261
050606_SEG_CURR_NEXT_00281,1262
050606_SEG_PREV_CURR_00282,1263
050492_SEG_TURN_01497,1264
050350_SEG_PREV_CURR_01292,1265
050350_SEG_CURR_NEXT_01291,1266
050430_SEG_TURN_00559,1267
050492_SEG_PREV_CURR_01497,1268
050492_SEG_CURR_NEXT_01496,1269
050492_SEG_CURR_NEXT_01497,1270
050492_SEG_PREV_CURR_01498,1271
050350_SEG_TURN_01121,1272
050308_SEG_CURR_NEXT_00910,1273
050308_SEG_PREV_CURR_00911,1274
050492_SEG_TURN_01170,1275
050492_SEG_TURN_01434,1276
050430_SEG_PREV_CURR_00560,1277
050430_SEG_CURR_NEXT_00559,1278
050308_SEG_TURN_00856,1279
050606_SEG_TURN_01197,1280
050615_SEG_TURN_01389,1281
050615_SEG_CURR_NEXT_01389,1282
050615_SEG_PREV_CURR_01390,1283
050615_SEG_CURR_NEXT_01388,1284
050615_SEG_PREV_CURR_01389,1285
050615_SEG_TURN_01391,1286
050615_SEG_PREV_CURR_00684,1287
050615_SEG_CURR_NEXT_00683,1288
050615_SEG_TURN_00683,1289
050615_SEG_PREV_CURR_01391,1290
050615_SEG_CURR_NEXT_01390,1291
050615_SEG_PREV_CURR_00683,1292
050615_SEG_CURR_NEXT_00682,1293
050492_SEG_TURN_00906,1294
050492_SEG_CURR_NEXT_00905,1295
050492_SEG_PREV_CURR_00906,1296
050492_SEG_PREV_CURR_00907,1297
050492_SEG_CURR_NEXT_00906,1298
050615_SEG_TURN_01383,1299
050615_SEG_CURR_NEXT_01382,1300
050615_SEG_PREV_CURR_01383,1301
050615_SEG_CURR_NEXT_01391,1302
050615_SEG_PREV_CURR_01392,1303
050492_SEG_TURN_01132,1304
050615_SEG_CURR_NEXT_01383,1305
050615_SEG_PREV_CURR_01384,1306
050492_SEG_CURR_NEXT_01132,1307
050492_SEG_PREV_CURR_01133,1308
050350_SEG_TURN_01282,1309
050492_SEG_CURR_NEXT_01131,1310
050492_SEG_PREV_CURR_01132,1311
050615_SEG_TURN_00675,1312
050350_SEG_PREV_CURR_01282,1313
050350_SEG_CURR_NEXT_01281,1314
050615_SEG_CURR_NEXT_00674,1315
050615_SEG_PREV_CURR_00675,1316
050430_SEG_TURN_00756,1317
050492_SEG_TURN_00199,1318
050615_SEG_CURR_NEXT_00675,1319
050615_SEG_PREV_CURR_00676,1320
050492_SEG_CURR_NEXT_00198,1321
050492_SEG_PREV_CURR_00199,1322
050430_SEG_TURN_00039,1323
050350_SEG_PREV_CURR_01283,1324
050350_SEG_CURR_NEXT_01282,1325
050430_SEG_CURR_NEXT_00039,1326
050430_SEG_PREV_CURR_00040,1327
050430_SEG_CURR_NEXT_00038,1328
050430_SEG_PREV_CURR_00039,1329
050673_SEG_TURN_00919,1330
050673_SEG_CURR_NEXT_00918,1331
050673_SEG_PREV_CURR_00919,1332
050673_SEG_PREV_CURR_00920,1333
050673_SEG_CURR_NEXT_00919,1334
050308_SEG_TURN_00064,1335
050308_SEG_CURR_NEXT_00063,1336
050308_SEG_PREV_CURR_00064,1337
050308_SEG_PREV_CURR_00065,1338
050308_SEG_CURR_NEXT_00064,1339
050350_SEG_TURN_00509,1340
050350_SEG_CURR_NEXT_00508,1341
050350_SEG_PREV_CURR_00509,1342
050492_SEG_TURN_00157,1343
050430_SEG_TURN_01150,1344
050615_SEG_TURN_00322,1345
050350_SEG_CURR_NEXT_00509,1346
050350_SEG_PREV_CURR_00510,1347
050430_SEG_PREV_CURR_01150,1348
050430_SEG_CURR_NEXT_01149,1349
050430_SEG_CURR_NEXT_01150,1350
050430_SEG_PREV_CURR_01151,1351
050615_SEG_PREV_CURR_00322,1352
050615_SEG_CURR_NEXT_00321,1353
050615_SEG_CURR_NEXT_00322,1354
050615_SEG_PREV_CURR_00323,1355
050492_SEG_TURN_00223,1356
050430_SEG_TURN_00760,1357
050492_SEG_TURN_00225,1358
050350_SEG_TURN_00850,1359
050492_SEG_CURR_NEXT_00223,1360
050492_SEG_PREV_CURR_00224,1361
050673_SEG_TURN_00931,1362
050350_SEG_CURR_NEXT_00849,1363
050606_SEG_TURN_00812,1364
050673_SEG_TURN_00667,1365
050606_SEG_CURR_NEXT_00811,1366
050606_SEG_PREV_CURR_00812,1367
050673_SEG_PREV_CURR_00667,1368
050673_SEG_CURR_NEXT_00666,1369
050606_SEG_CURR_NEXT_00812,1370
050606_SEG_PREV_CURR_00813,1371
050673_SEG_CURR_NEXT_00667,1372
050673_SEG_PREV_CURR_00668,1373
050606_SEG_TURN_01336,1374
050606_SEG_PREV_CURR_01336,1375
050606_SEG_CURR_NEXT_01335,1376
050673_SEG_TURN_00665,1377
050673_SEG_CURR_NEXT_00665,1378
050673_SEG_PREV_CURR_00666,1379
050673_SEG_PREV_CURR_00665,1380
050673_SEG_CURR_NEXT_00664,1381
050606_SEG_CURR_NEXT_01336,1382
050606_SEG_PREV_CURR_01337,1383
050673_SEG_CURR_NEXT_00462,1384
050673_SEG_PREV_CURR_00463,1385
050673_SEG_TURN_00463,1386
050673_SEG_PREV_CURR_00464,1387
050673_SEG_CURR_NEXT_00463,1388
050673_SEG_TURN_00683,1389
050673_SEG_PREV_CURR_00958,1390
050673_SEG_CURR_NEXT_00957,1391
050430_SEG_TURN_00376,1392
050492_SEG_TURN_01168,1393
050308_SEG_TURN_00750,1394
050673_SEG_PREV_CURR_00684,1395
050673_SEG_CURR_NEXT_00683,1396
050673_SEG_CURR_NEXT_00682,1397
050673_SEG_PREV_CURR_00683,1398
050673_SEG_TURN_00958,1399
050606_SEG_TURN_01330,1400
050430_SEG_PREV_CURR_00377,1401
050430_SEG_CURR_NEXT_00376,1402
050673_SEG_TURN_00522,1403
050673_SEG_PREV_CURR_00523,1404
050673_SEG_CURR_NEXT_00522,1405
050673_SEG_PREV_CURR_00522,1406
050673_SEG_CURR_NEXT_00521,1407
050673_SEG_CURR_NEXT_00540,1408
050673_SEG_PREV_CURR_00541,1409
050673_SEG_TURN_00540,1410
050350_SEG_TURN_00311,1411
050673_SEG_CURR_NEXT_00539,1412
050673_SEG_PREV_CURR_00540,1413
050606_SEG_TURN_00273,1414
050350_SEG_PREV_CURR_00311,1415
050350_SEG_CURR_NEXT_00310,1416
050615_SEG_TURN_00364,1417
050308_SEG_TURN_00132,1418
050615_SEG_CURR_NEXT_00363,1419
050615_SEG_PREV_CURR_00364,1420
050492_SEG_TURN_01330,1421
050308_SEG_CURR_NEXT_00131,1422
050308_SEG_PREV_CURR_00132,1423
050492_SEG_CURR_NEXT_01329,1424
050492_SEG_PREV_CURR_01330,1425
050615_SEG_CURR_NEXT_00364,1426
050615_SEG_PREV_CURR_00365,1427
050492_SEG_PREV_CURR_01331,1428
050492_SEG_CURR_NEXT_01330,1429
050350_SEG_CURR_NEXT_00311,1430
050350_SEG_PREV_CURR_00312,1431
050673_SEG_TURN_00189,1432
050492_SEG_TURN_00239,1433
050492_SEG_PREV_CURR_00240,1434
050492_SEG_CURR_NEXT_00239,1435
050606_SEG_TURN_01316,1436
050492_SEG_CURR_NEXT_00238,1437
050492_SEG_PREV_CURR_00239,1438
050606_SEG_CURR_NEXT_01315,1439
050606_SEG_PREV_CURR_01316,1440
050673_SEG_TURN_01133,1441
050615_SEG_TURN_01117,1442
050606_SEG_PREV_CURR_01317,1443
050606_SEG_CURR_NEXT_01316,1444
050615_SEG_PREV_CURR_00353,1445
050615_SEG_CURR_NEXT_00352,1446
050492_SEG_CURR_NEXT_01020,1447
050492_SEG_PREV_CURR_01021,1448
050615_SEG_TURN_00656,1449
050673_SEG_PREV_CURR_01134,1450
050673_SEG_CURR_NEXT_01133,1451
050492_SEG_CURR_NEXT_01021,1452
050492_SEG_PREV_CURR_01022,1453
050615_SEG_TURN_00172,1454
050615_SEG_CURR_NEXT_01116,1455
050615_SEG_PREV_CURR_01117,1456
050673_SEG_TURN_01122,1457
050615_SEG_CURR_NEXT_00172,1458
050615_SEG_PREV_CURR_00173,1459
050615_SEG_TURN_00961,1460
050615_SEG_PREV_CURR_00961,1461
050615_SEG_CURR_NEXT_00960,1462
050492_SEG_TURN_01079,1463
050615_SEG_CURR_NEXT_00353,1464
050615_SEG_PREV_CURR_00354,1465
050615_SEG_CURR_NEXT_00655,1466
050615_SEG_PREV_CURR_00656,1467
050615_SEG_CURR_NEXT_00961,1468
050615_SEG_PREV_CURR_00962,1469
050492_SEG_CURR_NEXT_01079,1470
050492_SEG_PREV_CURR_01080,1471
050430_SEG_TURN_00954,1472
050615_SEG_TURN_01321,1473
050492_SEG_PREV_CURR_01079,1474
050492_SEG_CURR_NEXT_01078,1475
050673_SEG_CURR_NEXT_01122,1476
050673_SEG_PREV_CURR_01123,1477
050430_SEG_CURR_NEXT_00954,1478
050430_SEG_PREV_CURR_00955,1479
050430_SEG_PREV_CURR_00954,1480
050606_SEG_TURN_00605,1481
050606_SEG_CURR_NEXT_00604,1482
050606_SEG_PREV_CURR_00605,1483
050615_SEG_TURN_00669,1484
050606_SEG_PREV_CURR_00606,1485
050606_SEG_CURR_NEXT_00605,1486
050606_SEG_CURR_NEXT_00606,1487
050606_SEG_PREV_CURR_00607,1488
050606_SEG_TURN_00607,1489
050615_SEG_PREV_CURR_00669,1490
050615_SEG_CURR_NEXT_00668,1491
050606_SEG_PREV_CURR_00608,1492
050606_SEG_CURR_NEXT_00607,1493
050606_SEG_TURN_00606,1494
050606_SEG_TURN_00608,1495
050673_SEG_TURN_00941,1496
050673_SEG_CURR_NEXT_00941,1497
050673_SEG_PREV_CURR_00942,1498
050606_SEG_TURN_01064,1499
050615_SEG_CURR_NEXT_00669,1500
050615_SEG_PREV_CURR_00670,1501
050308_SEG_TURN_00925,1502
050606_SEG_CURR_NEXT_00608,1503
050606_SEG_PREV_CURR_00609,1504
050606_SEG_PREV_CURR_01064,1505
050606_SEG_CURR_NEXT_01063,1506
050606_SEG_PREV_CURR_01065,1507
050606_SEG_CURR_NEXT_01064,1508
050673_SEG_CURR_NEXT_00940,1509
050673_SEG_PREV_CURR_00941,1510
050308_SEG_PREV_CURR_00925,1511
050308_SEG_CURR_NEXT_00924,1512
050308_SEG_PREV_CURR_00926,1513
050308_SEG_CURR_NEXT_00925,1514
050673_SEG_TURN_00939,1515
050615_SEG_TURN_00181,1516
050615_SEG_CURR_NEXT_00180,1517
050615_SEG_PREV_CURR_00181,1518
050615_SEG_PREV_CURR_00182,1519
050615_SEG_CURR_NEXT_00181,1520
050673_SEG_PREV_CURR_00939,1521
050673_SEG_CURR_NEXT_00938,1522
050350_SEG_TURN_00943,1523
050615_SEG_TURN_00106,1524
050673_SEG_TURN_01111,1525
050673_SEG_TURN_00306,1526
050673_SEG_TURN_00769,1527
050673_SEG_TURN_00272,1528
050673_SEG_TURN_00750,1529
050430_SEG_TURN_00573,1530
050673_SEG_PREV_CURR_00539,1531
050673_SEG_CURR_NEXT_00538,1532
050673_SEG_CURR_NEXT_00402,1533
050673_SEG_PREV_CURR_00403,1534
050673_SEG_TURN_00409,1535
050673_SEG_TURN_00411,1536
050673_SEG_TURN_00423,1537
050673_SEG_TURN_00278,1538
050673_SEG_TURN_01113,1539
050673_SEG_TURN_00918,1540
050673_SEG_TURN_00304,1541
050673_SEG_TURN_00637,1542
050673_SEG_TURN_00403,1543
050673_SEG_TURN_00415,1544
050673_SEG_TURN_00908,1545
050673_SEG_TURN_00274,1546
050673_SEG_TURN_00286,1547
050673_SEG_TURN_00276,1548
050673_SEG_TURN_00930,1549
050673_SEG_TURN_00922,1550
050673_SEG_TURN_00946,1551
050673_SEG_TURN_00300,1552
050606_SEG_TURN_01296,1553
050673_SEG_TURN_00518,1554
050673_SEG_TURN_00402,1555
050606_SEG_TURN_01548,1556
050673_SEG_TURN_00527,1557
050673_SEG_TURN_00462,1558
050673_SEG_TURN_00270,1559
050673_SEG_TURN_00820,1560
050673_SEG_TURN_00541,1561
050673_SEG_TURN_00290,1562
050350_SEG_TURN_00695,1563
050673_SEG_TURN_00944,1564
050673_SEG_TURN_00347,1565
050673_SEG_TURN_00049,1566
050673_SEG_TURN_00916,1567
050673_SEG_TURN_00356,1568
050673_SEG_TURN_00641,1569
050673_SEG_TURN_00421,1570
050673_SEG_TURN_00331,1571
050673_SEG_TURN_00529,1572
050673_SEG_TURN_00854,1573
050673_SEG_TURN_00852,1574
050673_SEG_PREV_CURR_00854,1575
050673_SEG_CURR_NEXT_00853,1576
050673_SEG_PREV_CURR_00855,1577
050673_SEG_CURR_NEXT_00854,1578
050673_SEG_CURR_NEXT_00852,1579
050673_SEG_PREV_CURR_00853,1580
050430_SEG_TURN_00443,1581
050673_SEG_PREV_CURR_00852,1582
050673_SEG_CURR_NEXT_00851,1583
050430_SEG_CURR_NEXT_00442,1584
050430_SEG_PREV_CURR_00443,1585
050430_SEG_CURR_NEXT_00443,1586
050430_SEG_PREV_CURR_00444,1587
050673_SEG_TURN_00015,1588
050673_SEG_CURR_NEXT_00015,1589
050673_SEG_PREV_CURR_00016,1590
050673_SEG_PREV_CURR_00015,1591
050673_SEG_CURR_NEXT_00014,1592
050430_SEG_TURN_00441,1593
050430_SEG_CURR_NEXT_00441,1594
050430_SEG_PREV_CURR_00442,1595
050430_SEG_CURR_NEXT_00440,1596
050430_SEG_PREV_CURR_00441,1597
050673_SEG_TURN_00363,1598
050673_SEG_TURN_00213,1599
050606_SEG_TURN_00563,1600
050673_SEG_CURR_NEXT_00213,1601
050673_SEG_PREV_CURR_00214,1602
050673_SEG_TURN_01082,1603
050673_SEG_CURR_NEXT_00212,1604
050673_SEG_PREV_CURR_00213,1605
050606_SEG_CURR_NEXT_00563,1606
050606_SEG_PREV_CURR_00564,1607
050673_SEG_PREV_CURR_01083,1608
050673_SEG_CURR_NEXT_01082,1609
050606_SEG_CURR_NEXT_00562,1610
050606_SEG_PREV_CURR_00563,1611
050673_SEG_TURN_01136,1612
050673_SEG_CURR_NEXT_01136,1613
050673_SEG_PREV_CURR_01137,1614
050673_SEG_PREV_CURR_01136,1615
050673_SEG_CURR_NEXT_01135,1616
050673_SEG_TURN_01069,1617
050430_SEG_TURN_00438,1618
050673_SEG_CURR_NEXT_01081,1619
050673_SEG_PREV_CURR_01082,1620
050673_SEG_TURN_00663,1621
050673_SEG_CURR_NEXT_00662,1622
050673_SEG_PREV_CURR_00663,1623
050308_SEG_PREV_CURR_00542,1624
050308_SEG_CURR_NEXT_00541,1625
050308_SEG_TURN_00542,1626
050350_SEG_TURN_00990,1627
050673_SEG_PREV_CURR_00664,1628
050673_SEG_CURR_NEXT_00663,1629
050308_SEG_PREV_CURR_00543,1630
050308_SEG_CURR_NEXT_00542,1631
050673_SEG_TURN_00662,1632
050308_SEG_TURN_00541,1633
050350_SEG_PREV_CURR_00990,1634
050350_SEG_CURR_NEXT_00989,1635
050350_SEG_CURR_NEXT_00990,1636
050350_SEG_PREV_CURR_00991,1637
050673_SEG_TURN_00084,1638
050673_SEG_PREV_CURR_00662,1639
050673_SEG_CURR_NEXT_00661,1640
050430_SEG_TURN_00046,1641
050673_SEG_TURN_00623,1642
050308_SEG_TURN_00543,1643
050673_SEG_TURN_00416,1644
050308_SEG_CURR_NEXT_00540,1645
050308_SEG_PREV_CURR_00541,1646
050673_SEG_CURR_NEXT_00084,1647
050673_SEG_PREV_CURR_00085,1648
050673_SEG_CURR_NEXT_00415,1649
050673_SEG_PREV_CURR_00416,1650
050430_SEG_CURR_NEXT_00046,1651
050430_SEG_PREV_CURR_00047,1652
050673_SEG_CURR_NEXT_00416,1653
050673_SEG_PREV_CURR_00417,1654
050673_SEG_TURN_00868,1655
050673_SEG_PREV_CURR_00869,1656
050673_SEG_CURR_NEXT_00868,1657
050673_SEG_CURR_NEXT_01069,1658
050673_SEG_PREV_CURR_01070,1659
050673_SEG_PREV_CURR_01069,1660
050673_SEG_CURR_NEXT_01068,1661
050673_SEG_CURR_NEXT_00867,1662
050673_SEG_PREV_CURR_00868,1663
050673_SEG_PREV_CURR_01066,1664
050673_SEG_CURR_NEXT_01065,1665
050673_SEG_TURN_01065,1666
050615_SEG_TURN_00633,1667
050430_SEG_TURN_00442,1668
050673_SEG_TURN_01080,1669
050673_SEG_TURN_00243,1670
050673_SEG_TURN_01070,1671
050673_SEG_TURN_00245,1672
050673_SEG_TURN_01066,1673
050673_SEG_TURN_01074,1674
050673_SEG_TURN_00853,1675
050615_SEG_CURR_NEXT_00633,1676
050615_SEG_PREV_CURR_00634,1677
050615_SEG_CURR_NEXT_00632,1678
050615_SEG_PREV_CURR_00633,1679
050673_SEG_PREV_CURR_01065,1680
050673_SEG_CURR_NEXT_01064,1681
050673_SEG_TURN_01068,1682
050673_SEG_TURN_00249,1683
050308_SEG_TURN_00218,1684
050308_SEG_CURR_NEXT_00217,1685
050308_SEG_PREV_CURR_00218,1686
050673_SEG_TURN_00865,1687
050673_SEG_TURN_00247,1688
050673_SEG_TURN_01072,1689
050430_SEG_TURN_00444,1690
050673_SEG_TURN_00879,1691
050673_SEG_TURN_00240,1692
050673_SEG_TURN_00869,1693
050673_SEG_TURN_00883,1694
050308_SEG_TURN_00217,1695
050673_SEG_TURN_00877,1696
050308_SEG_PREV_CURR_00217,1697
050308_SEG_CURR_NEXT_00216,1698
050673_SEG_PREV_CURR_00244,1699
050673_SEG_CURR_NEXT_00243,1700
050673_SEG_PREV_CURR_00245,1701
050673_SEG_CURR_NEXT_00244,1702
050673_SEG_TURN_00875,1703
050673_SEG_PREV_CURR_00879,1704
050673_SEG_CURR_NEXT_00878,1705
050673_SEG_PREV_CURR_01080,1706
050673_SEG_CURR_NEXT_01079,1707
050308_SEG_CURR_NEXT_00218,1708
050308_SEG_PREV_CURR_00219,1709
050673_SEG_CURR_NEXT_00869,1710
050673_SEG_PREV_CURR_00870,1711
050430_SEG_CURR_NEXT_00444,1712
050430_SEG_PREV_CURR_00445,1713
050673_SEG_TURN_01076,1714
050673_SEG_PREV_CURR_00878,1715
050673_SEG_CURR_NEXT_00877,1716
050673_SEG_TURN_00014,1717
050673_SEG_TURN_00855,1718
050673_SEG_CURR_NEXT_00865,1719
050673_SEG_PREV_CURR_00866,1720
050430_SEG_TURN_00632,1721
050615_SEG_CURR_NEXT_01096,1722
050615_SEG_PREV_CURR_01097,1723
050615_SEG_PREV_CURR_01098,1724
050615_SEG_CURR_NEXT_01097,1725
050430_SEG_TURN_00254,1726
050615_SEG_TURN_01098,1727
050673_SEG_TURN_00166,1728
050615_SEG_TURN_01097,1729
050430_SEG_PREV_CURR_00633,1730
050430_SEG_CURR_NEXT_00632,1731
050615_SEG_PREV_CURR_01099,1732
050615_SEG_CURR_NEXT_01098,1733
050606_SEG_TURN_00806,1734
050606_SEG_TURN_00249,1735
050673_SEG_CURR_NEXT_00166,1736
050673_SEG_PREV_CURR_00167,1737
050606_SEG_CURR_NEXT_00805,1738
050606_SEG_PREV_CURR_00806,1739
050492_SEG_TURN_01209,1740
050430_SEG_CURR_NEXT_00631,1741
050430_SEG_PREV_CURR_00632,1742
050350_SEG_TURN_01176,1743
050606_SEG_PREV_CURR_00249,1744
050606_SEG_CURR_NEXT_00248,1745
050615_SEG_TURN_00146,1746
050430_SEG_CURR_NEXT_00194,1747
050430_SEG_PREV_CURR_00195,1748
050673_SEG_CURR_NEXT_00165,1749
050673_SEG_PREV_CURR_00166,1750
050492_SEG_TURN_00781,1751
050492_SEG_TURN_00057,1752
050606_SEG_PREV_CURR_00250,1753
050606_SEG_CURR_NEXT_00249,1754
050615_SEG_PREV_CURR_00147,1755
050615_SEG_CURR_NEXT_00146,1756
050673_SEG_TURN_00465,1757
050606_SEG_TURN_01289,1758
050430_SEG_TURN_00195,1759
050615_SEG_TURN_01348,1760
050350_SEG_PREV_CURR_01176,1761
050492_SEG_TURN_00391,1762
050430_SEG_TURN_01026,1763
050492_SEG_CURR_NEXT_00391,1764
050492_SEG_PREV_CURR_00392,1765
050430_SEG_PREV_CURR_01026,1766
050430_SEG_CURR_NEXT_01025,1767
050430_SEG_PREV_CURR_01027,1768
050430_SEG_CURR_NEXT_01026,1769
050606_SEG_CURR_NEXT_01506,1770
050606_SEG_PREV_CURR_01507,1771
050606_SEG_TURN_01506,1772
050615_SEG_TURN_00731,1773
050492_SEG_CURR_NEXT_00390,1774
050492_SEG_PREV_CURR_00391,1775
050606_SEG_TURN_01507,1776
050492_SEG_TURN_00806,1777
050606_SEG_TURN_01500,1778
050606_SEG_TURN_00426,1779
050492_SEG_PREV_CURR_00807,1780
050492_SEG_CURR_NEXT_00806,1781
050606_SEG_CURR_NEXT_01507,1782
050606_SEG_PREV_CURR_01508,1783
050606_SEG_PREV_CURR_00427,1784
050606_SEG_CURR_NEXT_00426,1785
050606_SEG_PREV_CURR_01506,1786
050606_SEG_CURR_NEXT_01505,1787
050308_SEG_TURN_00680,1788
050606_SEG_CURR_NEXT_01209,1789
050606_SEG_PREV_CURR_01210,1790
050430_SEG_TURN_00550,1791
050606_SEG_PREV_CURR_00426,1792
050606_SEG_CURR_NEXT_00425,1793
050308_SEG_CURR_NEXT_00679,1794
050308_SEG_PREV_CURR_00680,1795
050492_SEG_TURN_00390,1796
050606_SEG_CURR_NEXT_01210,1797
050606_SEG_PREV_CURR_01211,1798
050606_SEG_TURN_00888,1799
050350_SEG_TURN_01408,1800
050350_SEG_CURR_NEXT_01407,1801
050350_SEG_PREV_CURR_01408,1802
050673_SEG_TURN_00444,1803
050350_SEG_CURR_NEXT_01408,1804
050350_SEG_PREV_CURR_01409,1805
050492_SEG_TURN_00724,1806
050606_SEG_CURR_NEXT_00888,1807
050606_SEG_PREV_CURR_00889,1808
050606_SEG_CURR_NEXT_00887,1809
050606_SEG_PREV_CURR_00888,1810
050308_SEG_TURN_00185,1811
050308_SEG_CURR_NEXT_00185,1812
050308_SEG_PREV_CURR_00186,1813
050308_SEG_CURR_NEXT_00184,1814
050308_SEG_PREV_CURR_00185,1815
050308_SEG_PREV_CURR_00187,1816
050308_SEG_CURR_NEXT_00186,1817
050308_SEG_TURN_00186,1818
050308_SEG_TURN_00187,1819
050308_SEG_CURR_NEXT_00187,1820
050308_SEG_PREV_CURR_00188,1821
050492_SEG_TURN_00408,1822
050492_SEG_PREV_CURR_00408,1823
050492_SEG_CURR_NEXT_00407,1824
050492_SEG_CURR_NEXT_00408,1825
050492_SEG_PREV_CURR_00409,1826
050673_SEG_TURN_00288,1827
050673_SEG_TURN_00675,1828
050615_SEG_TURN_01435,1829
050673_SEG_PREV_CURR_00676,1830
050673_SEG_CURR_NEXT_00675,1831
050430_SEG_TURN_00591,1832
050615_SEG_TURN_00058,1833
050615_SEG_PREV_CURR_01435,1834
050615_SEG_CURR_NEXT_01434,1835
050673_SEG_CURR_NEXT_00288,1836
050673_SEG_PREV_CURR_00289,1837
050673_SEG_TURN_00097,1838
050606_SEG_TURN_01435,1839
050606_SEG_TURN_00967,1840
050430_SEG_CURR_NEXT_00590,1841
050430_SEG_PREV_CURR_00591,1842
050350_SEG_TURN_00245,1843
050606_SEG_PREV_CURR_00968,1844
050606_SEG_CURR_NEXT_00967,1845
050430_SEG_TURN_00458,1846
050606_SEG_PREV_CURR_00967,1847
050606_SEG_CURR_NEXT_00966,1848
050430_SEG_CURR_NEXT_00458,1849
050430_SEG_PREV_CURR_00459,1850
050673_SEG_PREV_CURR_00097,1851
050673_SEG_CURR_NEXT_00096,1852
050673_SEG_CURR_NEXT_00097,1853
050673_SEG_PREV_CURR_00098,1854
050615_SEG_CURR_NEXT_01435,1855
050615_SEG_PREV_CURR_01436,1856
050606_SEG_PREV_CURR_01435,1857
050606_SEG_CURR_NEXT_01434,1858
050350_SEG_TURN_00625,1859
050615_SEG_TURN_01310,1860
050673_SEG_TURN_00703,1861
050673_SEG_TURN_00705,1862
050673_SEG_PREV_CURR_00706,1863
050673_SEG_CURR_NEXT_00705,1864
050673_SEG_CURR_NEXT_00704,1865
050673_SEG_PREV_CURR_00705,1866
050673_SEG_CURR_NEXT_00706,1867
050673_SEG_PREV_CURR_00707,1868
050673_SEG_CURR_NEXT_00707,1869
050673_SEG_PREV_CURR_00708,1870
050615_SEG_TURN_01249,1871
050615_SEG_CURR_NEXT_01249,1872
050615_SEG_PREV_CURR_01250,1873
050673_SEG_PREV_CURR_00703,1874
050673_SEG_CURR_NEXT_00702,1875
050673_SEG_PREV_CURR_00704,1876
050673_SEG_CURR_NEXT_00703,1877
050615_SEG_PREV_CURR_01357,1878
050615_SEG_CURR_NEXT_01356,1879
050615_SEG_TURN_01356,1880
050615_SEG_PREV_CURR_01356,1881
050615_SEG_CURR_NEXT_01355,1882
050615_SEG_CURR_NEXT_01248,1883
050615_SEG_PREV_CURR_01249,1884
050615_SEG_TURN_00010,1885
050615_SEG_PREV_CURR_01050,1886
050615_SEG_CURR_NEXT_01049,1887
050615_SEG_TURN_01049,1888
050615_SEG_PREV_CURR_00011,1889
050615_SEG_CURR_NEXT_00010,1890
050615_SEG_TURN_00011,1891
050615_SEG_PREV_CURR_00012,1892
050615_SEG_CURR_NEXT_00011,1893
050308_SEG_TURN_00749,1894
050615_SEG_TURN_01320,1895
050615_SEG_PREV_CURR_01316,1896
050615_SEG_CURR_NEXT_01315,1897
050615_SEG_TURN_01315,1898
050615_SEG_TURN_00807,1899
050673_SEG_TURN_00709,1900
050308_SEG_TURN_00066,1901
050308_SEG_PREV_CURR_00880,1902
050308_SEG_CURR_NEXT_00879,1903
050308_SEG_TURN_00880,1904
050308_SEG_CURR_NEXT_00880,1905
050308_SEG_PREV_CURR_00881,1906
050308_SEG_TURN_00875,1907
050308_SEG_TURN_00873,1908
050308_SEG_TURN_00879,1909
050308_SEG_TURN_00825,1910
050308_SEG_TURN_00829,1911
050308_SEG_TURN_00881,1912
050606_SEG_TURN_00198,1913
050308_SEG_PREV_CURR_00876,1914
050308_SEG_CURR_NEXT_00875,1915
050308_SEG_TURN_00877,1916
050606_SEG_CURR_NEXT_00197,1917
050606_SEG_PREV_CURR_00198,1918
050308_SEG_CURR_NEXT_00874,1919
050308_SEG_PREV_CURR_00875,1920
050308_SEG_PREV_CURR_00877,1921
050308_SEG_CURR_NEXT_00876,1922
050606_SEG_TURN_00267,1923
050308_SEG_CURR_NEXT_00873,1924
050308_SEG_PREV_CURR_00874,1925
050673_SEG_TURN_00137,1926
050606_SEG_CURR_NEXT_00198,1927
050606_SEG_PREV_CURR_00199,1928
050308_SEG_PREV_CURR_00882,1929
050308_SEG_CURR_NEXT_00881,1930
050308_SEG_CURR_NEXT_00878,1931
050308_SEG_PREV_CURR_00879,1932
050308_SEG_CURR_NEXT_00872,1933
050308_SEG_PREV_CURR_00873,1934
050308_SEG_PREV_CURR_00878,1935
050308_SEG_CURR_NEXT_00877,1936
050606_SEG_PREV_CURR_00268,1937
050606_SEG_CURR_NEXT_00267,1938
050606_SEG_PREV_CURR_00267,1939
050606_SEG_CURR_NEXT_00266,1940
050308_SEG_CURR_NEXT_00825,1941
050308_SEG_PREV_CURR_00826,1942
050308_SEG_TURN_00872,1943
050308_SEG_TURN_00883,1944
050308_SEG_CURR_NEXT_00871,1945
050308_SEG_PREV_CURR_00872,1946
050308_SEG_TURN_00101,1947
050350_SEG_CURR_NEXT_00943,1948
050350_SEG_PREV_CURR_00944,1949
050673_SEG_PREV_CURR_00940,1950
050673_SEG_CURR_NEXT_00939,1951
050350_SEG_PREV_CURR_00943,1952
050350_SEG_CURR_NEXT_00942,1953
050673_SEG_TURN_00651,1954
050606_SEG_TURN_00575,1955
050492_SEG_TURN_00637,1956
050615_SEG_TURN_00619,1957
050308_SEG_CURR_NEXT_00957,1958
050308_SEG_PREV_CURR_00958,1959
050430_SEG_TURN_00268,1960
050606_SEG_TURN_01688,1961
050308_SEG_PREV_CURR_00101,1962
050308_SEG_CURR_NEXT_00100,1963
050430_SEG_PREV_CURR_00268,1964
050430_SEG_CURR_NEXT_00267,1965
050430_SEG_CURR_NEXT_00268,1966
050430_SEG_PREV_CURR_00269,1967
050606_SEG_PREV_CURR_01689,1968
050606_SEG_CURR_NEXT_01688,1969
050606_SEG_PREV_CURR_01688,1970
050606_SEG_CURR_NEXT_01687,1971
050673_SEG_CURR_NEXT_00137,1972
050673_SEG_PREV_CURR_00138,1973
050673_SEG_TURN_00963,1974
050673_SEG_PREV_CURR_00964,1975
050673_SEG_CURR_NEXT_00963,1976
050673_SEG_CURR_NEXT_00962,1977
050673_SEG_PREV_CURR_00963,1978
050673_SEG_PREV_CURR_00365,1979
050673_SEG_CURR_NEXT_00364,1980
050673_SEG_TURN_00105,1981
050673_SEG_CURR_NEXT_00105,1982
050673_SEG_PREV_CURR_00106,1983
050350_SEG_CURR_NEXT_00048,1984
050350_SEG_PREV_CURR_00049,1985
050350_SEG_CURR_NEXT_00047,1986
050350_SEG_PREV_CURR_00048,1987
050673_SEG_TURN_00961,1988
050673_SEG_TURN_00102,1989
050673_SEG_PREV_CURR_00105,1990
050673_SEG_CURR_NEXT_00104,1991
050673_SEG_PREV_CURR_00107,1992
050673_SEG_CURR_NEXT_00106,1993
050673_SEG_CURR_NEXT_00960,1994
050673_SEG_PREV_CURR_00961,1995
050673_SEG_CURR_NEXT_00363,1996
050673_SEG_PREV_CURR_00364,1997
050673_SEG_TURN_00362,1998
050430_SEG_TURN_00708,1999
050673_SEG_PREV_CURR_00102,2000
050673_SEG_CURR_NEXT_00101,2001
050673_SEG_TURN_00107,2002
050673_SEG_PREV_CURR_00362,2003
050673_SEG_CURR_NEXT_00361,2004
050673_SEG_CURR_NEXT_00961,2005
050673_SEG_PREV_CURR_00962,2006
050673_SEG_TURN_00106,2007
050673_SEG_PREV_CURR_00103,2008
050673_SEG_CURR_NEXT_00102,2009
050492_SEG_TURN_00460,2010
050673_SEG_TURN_01013,2011
050615_SEG_TURN_01422,2012
050492_SEG_TURN_00159,2013
050673_SEG_PREV_CURR_01014,2014
050673_SEG_CURR_NEXT_01013,2015
050673_SEG_TURN_00517,2016
050673_SEG_PREV_CURR_01013,2017
050673_SEG_CURR_NEXT_01012,2018
050615_SEG_CURR_NEXT_01421,2019
050615_SEG_PREV_CURR_01422,2020
050492_SEG_PREV_CURR_00460,2021
050492_SEG_CURR_NEXT_00459,2022
050615_SEG_PREV_CURR_01423,2023
050615_SEG_CURR_NEXT_01422,2024
050492_SEG_PREV_CURR_00461,2025
050492_SEG_CURR_NEXT_00460,2026
050673_SEG_CURR_NEXT_00517,2027
050673_SEG_PREV_CURR_00518,2028
050673_SEG_PREV_CURR_00517,2029
050430_SEG_TURN_00058,2030
050606_SEG_TURN_01639,2031
050606_SEG_PREV_CURR_01639,2032
050606_SEG_CURR_NEXT_01638,2033
050606_SEG_PREV_CURR_01640,2034
050606_SEG_CURR_NEXT_01639,2035
050492_SEG_TURN_01185,2036
050673_SEG_TURN_00254,2037
050492_SEG_PREV_CURR_01185,2038
050492_SEG_CURR_NEXT_01184,2039
050430_SEG_CURR_NEXT_00057,2040
050430_SEG_PREV_CURR_00058,2041
050308_SEG_CURR_NEXT_00284,2042
050308_SEG_PREV_CURR_00285,2043
050308_SEG_TURN_00284,2044
050430_SEG_CURR_NEXT_00058,2045
050430_SEG_PREV_CURR_00059,2046
050308_SEG_PREV_CURR_00284,2047
050308_SEG_CURR_NEXT_00283,2048
050673_SEG_TURN_00334,2049
050615_SEG_TURN_00754,2050
050673_SEG_PREV_CURR_00254,2051
050673_SEG_CURR_NEXT_00253,2052
050673_SEG_CURR_NEXT_00334,2053
050673_SEG_PREV_CURR_00335,2054
050615_SEG_CURR_NEXT_00754,2055
050615_SEG_PREV_CURR_00755,2056
050673_SEG_CURR_NEXT_00333,2057
050673_SEG_PREV_CURR_00334,2058
050673_SEG_TURN_00603,2059
050430_SEG_TURN_01031,2060
050308_SEG_TURN_00282,2061
050492_SEG_TURN_01314,2062
050430_SEG_PREV_CURR_01031,2063
050430_SEG_CURR_NEXT_01030,2064
050430_SEG_PREV_CURR_01032,2065
050430_SEG_CURR_NEXT_01031,2066
050606_SEG_TURN_00011,2067
050308_SEG_PREV_CURR_00283,2068
050308_SEG_CURR_NEXT_00282,2069
050492_SEG_PREV_CURR_01315,2070
050492_SEG_CURR_NEXT_01314,2071
050492_SEG_CURR_NEXT_01313,2072
050492_SEG_PREV_CURR_01314,2073
050308_SEG_TURN_00286,2074
050673_SEG_TURN_01036,2075
050430_SEG_TURN_01146,2076
050308_SEG_TURN_00747,2077
050430_SEG_CURR_NEXT_01145,2078
050430_SEG_PREV_CURR_01146,2079
050308_SEG_PREV_CURR_00747,2080
050308_SEG_CURR_NEXT_00746,2081
050673_SEG_PREV_CURR_01037,2082
050673_SEG_CURR_NEXT_01036,2083
050430_SEG_CURR_NEXT_01146,2084
050430_SEG_PREV_CURR_01147,2085
050308_SEG_CURR_NEXT_00285,2086
050308_SEG_PREV_CURR_00286,2087
050308_SEG_TURN_00292,2088
050673_SEG_PREV_CURR_01036,2089
050673_SEG_CURR_NEXT_01035,2090
050308_SEG_PREV_CURR_00292,2091
050308_SEG_CURR_NEXT_00291,2092
050308_SEG_PREV_CURR_00282,2093
050308_SEG_CURR_NEXT_00281,2094
050308_SEG_CURR_NEXT_00292,2095
050308_SEG_PREV_CURR_00293,2096
050430_SEG_CURR_NEXT_01147,2097
050430_SEG_PREV_CURR_01148,2098
050673_SEG_TURN_01029,2099
050308_SEG_TURN_00001,2100
050308_SEG_PREV_CURR_00748,2101
050308_SEG_CURR_NEXT_00747,2102
050673_SEG_CURR_NEXT_01028,2103
050673_SEG_PREV_CURR_01029,2104
050308_SEG_TURN_01066,2105
050430_SEG_TURN_01147,2106
050308_SEG_TURN_00745,2107
050308_SEG_CURR_NEXT_00745,2108
050308_SEG_PREV_CURR_00746,2109
050308_SEG_CURR_NEXT_01066,2110
050308_SEG_PREV_CURR_01067,2111
050308_SEG_CURR_NEXT_00744,2112
050308_SEG_PREV_CURR_00745,2113
050615_SEG_TURN_00283,2114
050615_SEG_PREV_CURR_00284,2115
050615_SEG_CURR_NEXT_00283,2116
050615_SEG_TURN_00825,2117
050615_SEG_PREV_CURR_00283,2118
050615_SEG_CURR_NEXT_00282,2119
050308_SEG_TURN_00289,2120
050308_SEG_CURR_NEXT_00289,2121
050308_SEG_PREV_CURR_00290,2122
050308_SEG_CURR_NEXT_00288,2123
050308_SEG_PREV_CURR_00289,2124
050615_SEG_TURN_00080,2125
050615_SEG_CURR_NEXT_00080,2126
050615_SEG_PREV_CURR_00081,2127
050615_SEG_CURR_NEXT_00079,2128
050615_SEG_PREV_CURR_00080,2129
050615_SEG_CURR_NEXT_00824,2130
050615_SEG_PREV_CURR_00825,2131
050615_SEG_CURR_NEXT_01365,2132
050615_SEG_PREV_CURR_01366,2133
050615_SEG_TURN_01365,2134
050615_SEG_TURN_00973,2135
050606_SEG_TURN_00091,2136
050308_SEG_TURN_00290,2137
050615_SEG_PREV_CURR_00826,2138
050615_SEG_CURR_NEXT_00825,2139
050606_SEG_PREV_CURR_00092,2140
050606_SEG_CURR_NEXT_00091,2141
050615_SEG_TURN_01366,2142
050615_SEG_PREV_CURR_00973,2143
050615_SEG_CURR_NEXT_00972,2144
050615_SEG_CURR_NEXT_01366,2145
050615_SEG_PREV_CURR_01367,2146
050606_SEG_TURN_00723,2147
050615_SEG_PREV_CURR_00974,2148
050615_SEG_CURR_NEXT_00973,2149
050308_SEG_PREV_CURR_00291,2150
050308_SEG_CURR_NEXT_00290,2151
050606_SEG_CURR_NEXT_00090,2152
050606_SEG_PREV_CURR_00091,2153
050606_SEG_CURR_NEXT_00722,2154
050606_SEG_PREV_CURR_00723,2155
050615_SEG_CURR_NEXT_01364,2156
050615_SEG_PREV_CURR_01365,2157
050606_SEG_TURN_00146,2158
050308_SEG_TURN_00406,2159
050308_SEG_PREV_CURR_00406,2160
050308_SEG_CURR_NEXT_00405,2161
050308_SEG_PREV_CURR_00407,2162
050308_SEG_CURR_NEXT_00406,2163
050615_SEG_TURN_01102,2164
050615_SEG_PREV_CURR_01103,2165
050615_SEG_CURR_NEXT_01102,2166
050673_SEG_TURN_00640,2167
050350_SEG_TURN_00438,2168
050615_SEG_TURN_01084,2169
050350_SEG_PREV_CURR_00438,2170
050350_SEG_CURR_NEXT_00437,2171
050673_SEG_CURR_NEXT_00640,2172
050673_SEG_PREV_CURR_00641,2173
050308_SEG_TURN_00400,2174
050308_SEG_PREV_CURR_00400,2175
050308_SEG_CURR_NEXT_00399,2176
050350_SEG_PREV_CURR_00439,2177
050350_SEG_CURR_NEXT_00438,2178
050673_SEG_PREV_CURR_00640,2179
050673_SEG_CURR_NEXT_00639,2180
050606_SEG_TURN_00549,2181
050308_SEG_PREV_CURR_00401,2182
050308_SEG_CURR_NEXT_00400,2183
050430_SEG_TURN_00785,2184
050606_SEG_PREV_CURR_00549,2185
050606_SEG_CURR_NEXT_00548,2186
050492_SEG_TURN_00624,2187
050492_SEG_TURN_00004,2188
050606_SEG_TURN_00757,2189
050606_SEG_CURR_NEXT_00549,2190
050606_SEG_PREV_CURR_00550,2191
050430_SEG_CURR_NEXT_00785,2192
050430_SEG_PREV_CURR_00786,2193
050673_SEG_TURN_00004,2194
050606_SEG_CURR_NEXT_00756,2195
050606_SEG_PREV_CURR_00757,2196
050308_SEG_TURN_00411,2197
050615_SEG_TURN_00004,2198
050615_SEG_TURN_00664,2199
050615_SEG_PREV_CURR_00665,2200
050615_SEG_CURR_NEXT_00664,2201
050606_SEG_TURN_01675,2202
050606_SEG_TURN_00343,2203
050606_SEG_PREV_CURR_00343,2204
050606_SEG_CURR_NEXT_00342,2205
050606_SEG_CURR_NEXT_00343,2206
050606_SEG_PREV_CURR_00344,2207
050615_SEG_CURR_NEXT_00663,2208
050615_SEG_PREV_CURR_00664,2209
050606_SEG_CURR_NEXT_01674,2210
050606_SEG_PREV_CURR_01675,2211
050606_SEG_CURR_NEXT_01675,2212
050606_SEG_PREV_CURR_01676,2213
050606_SEG_PREV_CURR_01331,2214
050606_SEG_CURR_NEXT_01330,2215
050606_SEG_TURN_01677,2216
050606_SEG_PREV_CURR_01677,2217
050606_SEG_CURR_NEXT_01676,2218
050606_SEG_PREV_CURR_01678,2219
050606_SEG_CURR_NEXT_01677,2220
050606_SEG_CURR_NEXT_01329,2221
050606_SEG_PREV_CURR_01330,2222
050615_SEG_TURN_01273,2223
050615_SEG_PREV_CURR_01273,2224
050615_SEG_CURR_NEXT_01272,2225
050615_SEG_CURR_NEXT_01273,2226
050615_SEG_PREV_CURR_01274,2227
050350_SEG_TURN_00867,2228
050308_SEG_PREV_CURR_00301,2229
050308_SEG_CURR_NEXT_00300,2230
050350_SEG_TURN_00164,2231
050350_SEG_PREV_CURR_00165,2232
050350_SEG_CURR_NEXT_00164,2233
050308_SEG_TURN_00300,2234
050350_SEG_PREV_CURR_00164,2235
050350_SEG_CURR_NEXT_00163,2236
050308_SEG_PREV_CURR_00300,2237
050308_SEG_CURR_NEXT_00299,2238
050308_SEG_TURN_00301,2239
050615_SEG_TURN_01180,2240
050350_SEG_TURN_01383,2241
050350_SEG_PREV_CURR_00867,2242
050350_SEG_CURR_NEXT_00866,2243
050615_SEG_TURN_00376,2244
050615_SEG_CURR_NEXT_00375,2245
050615_SEG_PREV_CURR_00376,2246
050615_SEG_CURR_NEXT_00376,2247
050606_SEG_CURR_NEXT_01289,2248
050606_SEG_PREV_CURR_01290,2249
050606_SEG_CURR_NEXT_01288,2250
050606_SEG_PREV_CURR_01289,2251
050606_SEG_CURR_NEXT_01192,2252
050492_SEG_CURR_NEXT_00723,2253
050492_SEG_PREV_CURR_00724,2254
050606_SEG_TURN_01193,2255
050350_SEG_TURN_01298,2256
050350_SEG_TURN_00418,2257
050308_SEG_TURN_00123,2258
050606_SEG_PREV_CURR_01194,2259
050606_SEG_CURR_NEXT_01193,2260
050606_SEG_TURN_01290,2261
050350_SEG_TURN_00555,2262
050308_SEG_TURN_00234,2263
050350_SEG_CURR_NEXT_01298,2264
050350_SEG_PREV_CURR_01299,2265
050350_SEG_PREV_CURR_01298,2266
050350_SEG_CURR_NEXT_01297,2267
050606_SEG_TURN_00561,2268
050350_SEG_CURR_NEXT_00417,2269
050350_SEG_PREV_CURR_00418,2270
050606_SEG_TURN_01683,2271
050606_SEG_CURR_NEXT_01682,2272
050606_SEG_PREV_CURR_01683,2273
050606_SEG_CURR_NEXT_01678,2274
050606_SEG_PREV_CURR_01679,2275
050606_SEG_TURN_00295,2276
050606_SEG_CURR_NEXT_01683,2277
050606_SEG_PREV_CURR_01684,2278
050606_SEG_CURR_NEXT_01679,2279
050606_SEG_PREV_CURR_01680,2280
050606_SEG_PREV_CURR_00295,2281
050606_SEG_CURR_NEXT_00294,2282
050308_SEG_TURN_00052,2283
050606_SEG_PREV_CURR_00296,2284
050606_SEG_CURR_NEXT_00295,2285
050308_SEG_CURR_NEXT_00052,2286
050308_SEG_PREV_CURR_00053,2287
050615_SEG_TURN_01269,2288
050308_SEG_PREV_CURR_00052,2289
050308_SEG_CURR_NEXT_00051,2290
050615_SEG_PREV_CURR_01270,2291
050615_SEG_CURR_NEXT_01269,2292
050615_SEG_CURR_NEXT_01268,2293
050615_SEG_PREV_CURR_01269,2294
050606_SEG_TURN_00315,2295
050606_SEG_TURN_01681,2296
050606_SEG_CURR_NEXT_00314,2297
050606_SEG_PREV_CURR_00315,2298
050606_SEG_CURR_NEXT_01681,2299
050606_SEG_PREV_CURR_01682,2300
050606_SEG_PREV_CURR_00316,2301
050606_SEG_CURR_NEXT_00315,2302
050350_SEG_TURN_00900,2303
050606_SEG_TURN_00303,2304
050606_SEG_PREV_CURR_00304,2305
050606_SEG_CURR_NEXT_00303,2306
050606_SEG_PREV_CURR_00303,2307
050606_SEG_CURR_NEXT_00302,2308
050350_SEG_CURR_NEXT_00899,2309
050350_SEG_PREV_CURR_00900,2310
050350_SEG_PREV_CURR_00901,2311
050350_SEG_CURR_NEXT_00900,2312
050615_SEG_TURN_01175,2313
050615_SEG_PREV_CURR_01186,2314
050615_SEG_CURR_NEXT_01185,2315
050615_SEG_TURN_01185,2316
050615_SEG_CURR_NEXT_01184,2317
050615_SEG_PREV_CURR_01185,2318
050615_SEG_TURN_00627,2319
050615_SEG_PREV_CURR_00627,2320
050615_SEG_CURR_NEXT_00626,2321
050615_SEG_CURR_NEXT_00627,2322
050615_SEG_PREV_CURR_00628,2323
050615_SEG_TURN_01186,2324
050615_SEG_CURR_NEXT_01186,2325
050615_SEG_PREV_CURR_01187,2326
050615_SEG_TURN_00623,2327
050615_SEG_CURR_NEXT_00623,2328
050615_SEG_PREV_CURR_00624,2329
050615_SEG_PREV_CURR_00623,2330
050615_SEG_CURR_NEXT_00622,2331
050615_SEG_PREV_CURR_00625,2332
050615_SEG_CURR_NEXT_00624,2333
050615_SEG_PREV_CURR_00626,2334
050615_SEG_CURR_NEXT_00625,2335
050615_SEG_TURN_00625,2336
050615_SEG_TURN_00651,2337
050615_SEG_CURR_NEXT_00650,2338
050615_SEG_PREV_CURR_00651,2339
050615_SEG_TURN_01101,2340
050615_SEG_PREV_CURR_01101,2341
050615_SEG_CURR_NEXT_01100,2342
050615_SEG_CURR_NEXT_01101,2343
050615_SEG_PREV_CURR_01102,2344
050615_SEG_CURR_NEXT_00997,2345
050615_SEG_PREV_CURR_00998,2346
050615_SEG_TURN_00998,2347
050492_SEG_TURN_01543,2348
050615_SEG_TURN_00997,2349
050492_SEG_TURN_00582,2350
050615_SEG_CURR_NEXT_00998,2351
050615_SEG_PREV_CURR_00999,2352
050615_SEG_TURN_01194,2353
050615_SEG_CURR_NEXT_01193,2354
050615_SEG_PREV_CURR_01194,2355
050615_SEG_CURR_NEXT_00651,2356
050615_SEG_PREV_CURR_00652,2357
050615_SEG_TURN_00987,2358
050615_SEG_PREV_CURR_01195,2359
050615_SEG_CURR_NEXT_01194,2360
050615_SEG_TURN_00819,2361
050673_SEG_TURN_00293,2362
050673_SEG_CURR_NEXT_00292,2363
050673_SEG_PREV_CURR_00293,2364
050673_SEG_CURR_NEXT_00293,2365
050673_SEG_PREV_CURR_00294,2366
050615_SEG_TURN_00169,2367
050615_SEG_TURN_00017,2368
050615_SEG_CURR_NEXT_00016,2369
050615_SEG_PREV_CURR_00017,2370
050615_SEG_CURR_NEXT_01084,2371
050615_SEG_PREV_CURR_01085,2372
050615_SEG_CURR_NEXT_00168,2373
050615_SEG_PREV_CURR_00169,2374
050615_SEG_CURR_NEXT_00169,2375
050615_SEG_PREV_CURR_00170,2376
050615_SEG_PREV_CURR_00018,2377
050615_SEG_CURR_NEXT_00017,2378
050615_SEG_TURN_01085,2379
050615_SEG_PREV_CURR_01086,2380
050615_SEG_CURR_NEXT_01085,2381
050615_SEG_TURN_01059,2382
050615_SEG_TURN_01330,2383
050615_SEG_PREV_CURR_01330,2384
050615_SEG_CURR_NEXT_01329,2385
050615_SEG_CURR_NEXT_01330,2386
050615_SEG_PREV_CURR_01331,2387
050492_SEG_TURN_01061,2388
050492_SEG_TURN_00992,2389
050615_SEG_TURN_01070,2390
050615_SEG_PREV_CURR_01084,2391
050615_SEG_CURR_NEXT_01083,2392
050492_SEG_PREV_CURR_01062,2393
050606_SEG_CURR_NEXT_00125,2394
050606_SEG_PREV_CURR_00126,2395
050606_SEG_CURR_NEXT_00124,2396
050606_SEG_PREV_CURR_00125,2397
050673_SEG_TURN_00428,2398
050430_SEG_CURR_NEXT_00842,2399
050430_SEG_PREV_CURR_00843,2400
050606_SEG_CURR_NEXT_00871,2401
050606_SEG_PREV_CURR_00872,2402
050430_SEG_TURN_00842,2403
050606_SEG_TURN_00095,2404
050606_SEG_CURR_NEXT_00870,2405
050606_SEG_PREV_CURR_00871,2406
050430_SEG_PREV_CURR_00842,2407
050430_SEG_CURR_NEXT_00841,2408
050673_SEG_CURR_NEXT_00428,2409
050673_SEG_PREV_CURR_00429,2410
050615_SEG_TURN_00131,2411
050430_SEG_CURR_NEXT_00917,2412
050430_SEG_PREV_CURR_00918,2413
050430_SEG_TURN_00918,2414
050615_SEG_TURN_00136,2415
050615_SEG_TURN_01228,2416
050606_SEG_TURN_01005,2417
050615_SEG_CURR_NEXT_01228,2418
050615_SEG_TURN_01219,2419
050615_SEG_TURN_01038,2420
050615_SEG_TURN_01188,2421
050615_SEG_TURN_01008,2422
050615_SEG_TURN_01329,2423
050615_SEG_TURN_00634,2424
050615_SEG_TURN_01333,2425
050615_SEG_TURN_01190,2426
050615_SEG_TURN_01105,2427
050615_SEG_TURN_01020,2428
050615_SEG_TURN_00972,2429
050615_SEG_TURN_00624,2430
050615_SEG_TURN_00632,2431
050615_SEG_TURN_01223,2432
050615_SEG_TURN_00626,2433
050615_SEG_TURN_00970,2434
050615_SEG_TURN_01010,2435
050615_SEG_TURN_01018,2436
050615_SEG_TURN_01229,2437
050615_SEG_TURN_01107,2438
050615_SEG_TURN_01016,2439
050615_SEG_PREV_CURR_01220,2440
050615_SEG_CURR_NEXT_01219,2441
050615_SEG_TURN_00630,2442
050615_SEG_TURN_01225,2443
050615_SEG_TURN_00622,2444
050615_SEG_TURN_01227,2445
050615_SEG_TURN_00978,2446
050615_SEG_TURN_00974,2447
050615_SEG_TURN_01221,2448
050615_SEG_TURN_01036,2449
050615_SEG_TURN_01069,2450
050615_SEG_TURN_00132,2451
050615_SEG_TURN_01075,2452
050615_SEG_TURN_00638,2453
050615_SEG_TURN_01129,2454
050615_SEG_TURN_01006,2455
050615_SEG_TURN_01307,2456
050615_SEG_PREV_CURR_01329,2457
050615_SEG_CURR_NEXT_01328,2458
050615_SEG_TURN_01111,2459
050615_SEG_TURN_00992,2460
050615_SEG_TURN_00824,2461
050615_SEG_TURN_01331,2462
050615_SEG_TURN_00436,2463
050615_SEG_TURN_01030,2464
050615_SEG_TURN_00440,2465
050615_SEG_TURN_01073,2466
050615_SEG_TURN_00814,2467
050615_SEG_TURN_01004,2468
050615_SEG_TURN_00962,2469
050615_SEG_CURR_NEXT_00962,2470
050615_SEG_PREV_CURR_00963,2471
050430_SEG_TURN_00163,2472
050606_SEG_TURN_00629,2473
050606_SEG_PREV_CURR_00630,2474
050606_SEG_CURR_NEXT_00629,2475
050430_SEG_PREV_CURR_00164,2476
050430_SEG_CURR_NEXT_00163,2477
050430_SEG_CURR_NEXT_00784,2478
050430_SEG_PREV_CURR_00785,2479
050308_SEG_TURN_00207,2480
050308_SEG_PREV_CURR_00208,2481
050308_SEG_CURR_NEXT_00207,2482
050492_SEG_TURN_01060,2483
050308_SEG_CURR_NEXT_00206,2484
050308_SEG_PREV_CURR_00207,2485
050673_SEG_TURN_00660,2486
050350_SEG_TURN_00973,2487
050308_SEG_TURN_00232,2488
050615_SEG_TURN_01150,2489
050430_SEG_CURR_NEXT_00162,2490
050430_SEG_PREV_CURR_00163,2491
050615_SEG_TURN_00229,2492
050615_SEG_TURN_01504,2493
050492_SEG_CURR_NEXT_01059,2494
050492_SEG_PREV_CURR_01060,2495
050430_SEG_PREV_CURR_00168,2496
050430_SEG_CURR_NEXT_00167,2497
050673_SEG_TURN_01125,2498
050492_SEG_TURN_01152,2499
050673_SEG_CURR_NEXT_01124,2500
050673_SEG_PREV_CURR_01125,2501
050430_SEG_TURN_01168,2502
050430_SEG_TURN_00168,2503
050430_SEG_PREV_CURR_01169,2504
050430_SEG_CURR_NEXT_01168,2505
050615_SEG_PREV_CURR_00959,2506
050615_SEG_CURR_NEXT_00958,2507
050615_SEG_CURR_NEXT_00959,2508
050615_SEG_PREV_CURR_00960,2509
050615_SEG_TURN_00959,2510
050430_SEG_PREV_CURR_01168,2511
050430_SEG_CURR_NEXT_01167,2512
050350_SEG_TURN_01127,2513
050492_SEG_CURR_NEXT_01151,2514
050492_SEG_PREV_CURR_01152,2515
050673_SEG_TURN_00013,2516
050350_SEG_TURN_00342,2517
050673_SEG_PREV_CURR_00014,2518
050673_SEG_CURR_NEXT_00013,2519
050673_SEG_CURR_NEXT_00012,2520
050673_SEG_PREV_CURR_00013,2521
050350_SEG_CURR_NEXT_01126,2522
050350_SEG_PREV_CURR_01127,2523
050492_SEG_CURR_NEXT_01152,2524
050492_SEG_PREV_CURR_01153,2525
050350_SEG_PREV_CURR_00433,2526
050350_SEG_CURR_NEXT_00432,2527
050673_SEG_PREV_CURR_01126,2528
050673_SEG_CURR_NEXT_01125,2529
050430_SEG_PREV_CURR_00169,2530
050606_SEG_TURN_00430,2531
050606_SEG_CURR_NEXT_00430,2532
050606_SEG_PREV_CURR_00431,2533
050606_SEG_CURR_NEXT_00429,2534
050606_SEG_PREV_CURR_00430,2535
050350_SEG_TURN_00542,2536
050350_SEG_PREV_CURR_00542,2537
050350_SEG_CURR_NEXT_00541,2538
050615_SEG_CURR_NEXT_00452,2539
050615_SEG_PREV_CURR_00453,2540
050615_SEG_TURN_00452,2541
050615_SEG_TURN_00095,2542
050615_SEG_PREV_CURR_00095,2543
050615_SEG_CURR_NEXT_00094,2544
050615_SEG_PREV_CURR_00452,2545
050615_SEG_CURR_NEXT_00451,2546
050615_SEG_PREV_CURR_00096,2547
050615_SEG_CURR_NEXT_00095,2548
050350_SEG_PREV_CURR_00543,2549
050350_SEG_CURR_NEXT_00542,2550
050673_SEG_PREV_CURR_00736,2551
050673_SEG_CURR_NEXT_00735,2552
050673_SEG_TURN_01041,2553
050492_SEG_TURN_01018,2554
050492_SEG_TURN_00156,2555
050308_SEG_PREV_CURR_00742,2556
050308_SEG_CURR_NEXT_00741,2557
050615_SEG_TURN_00883,2558
050615_SEG_CURR_NEXT_00883,2559
050615_SEG_PREV_CURR_00884,2560
050673_SEG_TURN_00736,2561
050673_SEG_TURN_00735,2562
050615_SEG_PREV_CURR_01049,2563
050615_SEG_CURR_NEXT_01048,2564
050615_SEG_TURN_01196,2565
050492_SEG_PREV_CURR_01019,2566
050492_SEG_CURR_NEXT_01018,2567
050615_SEG_PREV_CURR_00883,2568
050615_SEG_CURR_NEXT_00882,2569
050492_SEG_PREV_CURR_01018,2570
050492_SEG_CURR_NEXT_01017,2571
050673_SEG_TURN_00732,2572
050492_SEG_PREV_CURR_00157,2573
050492_SEG_CURR_NEXT_00156,2574
050673_SEG_TURN_00739,2575
050615_SEG_TURN_01212,2576
050615_SEG_TURN_00893,2577
050615_SEG_PREV_CURR_00894,2578
050615_SEG_CURR_NEXT_00893,2579
050615_SEG_PREV_CURR_00893,2580
050615_SEG_CURR_NEXT_00892,2581
050308_SEG_TURN_00418,2582
050308_SEG_CURR_NEXT_00418,2583
050308_SEG_PREV_CURR_00419,2584
050673_SEG_TURN_00207,2585
050308_SEG_CURR_NEXT_00417,2586
050308_SEG_PREV_CURR_00418,2587
050492_SEG_TURN_01043,2588
050492_SEG_CURR_NEXT_01042,2589
050492_SEG_PREV_CURR_01043,2590
050615_SEG_TURN_00759,2591
050492_SEG_PREV_CURR_01044,2592
050492_SEG_CURR_NEXT_01043,2593
050615_SEG_TURN_01342,2594
050606_SEG_CURR_NEXT_01196,2595
050606_SEG_PREV_CURR_01197,2596
050606_SEG_CURR_NEXT_01197,2597
050606_SEG_PREV_CURR_01198,2598
050615_SEG_CURR_NEXT_01196,2599
050615_SEG_PREV_CURR_01197,2600
050615_SEG_CURR_NEXT_01195,2601
050615_SEG_PREV_CURR_01196,2602
050615_SEG_PREV_CURR_01212,2603
050615_SEG_CURR_NEXT_01211,2604
050615_SEG_PREV_CURR_01213,2605
050615_SEG_CURR_NEXT_01212,2606
050615_SEG_TURN_01202,2607
050615_SEG_CURR_NEXT_01201,2608
050615_SEG_PREV_CURR_01202,2609
050615_SEG_CURR_NEXT_01202,2610
050615_SEG_PREV_CURR_01203,2611
050615_SEG_TURN_01214,2612
050615_SEG_CURR_NEXT_01213,2613
050615_SEG_PREV_CURR_01214,2614
050615_SEG_CURR_NEXT_01314,2615
050615_SEG_PREV_CURR_01315,2616
050615_SEG_CURR_NEXT_01210,2617
050615_SEG_PREV_CURR_01211,2618
050615_SEG_TURN_01210,2619
050615_SEG_PREV_CURR_01210,2620
050615_SEG_CURR_NEXT_01209,2621
050615_SEG_CURR_NEXT_01214,2622
050615_SEG_PREV_CURR_01215,2623
050615_SEG_CURR_NEXT_01346,2624
050615_SEG_PREV_CURR_01347,2625
050615_SEG_TURN_01346,2626
050615_SEG_CURR_NEXT_01345,2627
050615_SEG_PREV_CURR_01346,2628
050615_SEG_TURN_00467,2629
050615_SEG_TURN_01052,2630
050615_SEG_TURN_01050,2631
050615_SEG_TURN_01351,2632
050615_SEG_TURN_01349,2633
050615_SEG_TURN_00471,2634
050615_SEG_TURN_00455,2635
050615_SEG_TURN_00453,2636
050615_SEG_TURN_01201,2637
050615_SEG_TURN_01205,2638
050615_SEG_TURN_00179,2639
050615_SEG_PREV_CURR_00180,2640
050615_SEG_CURR_NEXT_00179,2641
050615_SEG_CURR_NEXT_00178,2642
050615_SEG_PREV_CURR_00179,2643
050615_SEG_PREV_CURR_01052,2644
050615_SEG_CURR_NEXT_01051,2645
050615_SEG_PREV_CURR_01051,2646
050615_SEG_CURR_NEXT_01050,2647
050615_SEG_TURN_01051,2648
050615_SEG_TURN_00461,2649
050615_SEG_TURN_00800,2650
050673_SEG_TURN_00863,2651
050615_SEG_CURR_NEXT_00461,2652
050615_SEG_PREV_CURR_00462,2653
050673_SEG_CURR_NEXT_00862,2654
050673_SEG_PREV_CURR_00863,2655
050615_SEG_PREV_CURR_01200,2656
050615_SEG_CURR_NEXT_01199,2657
050615_SEG_CURR_NEXT_01200,2658
050615_SEG_PREV_CURR_01201,2659
050673_SEG_CURR_NEXT_00863,2660
050673_SEG_PREV_CURR_00864,2661
050615_SEG_CURR_NEXT_00460,2662
050615_SEG_PREV_CURR_00461,2663
050615_SEG_TURN_01456,2664
050606_SEG_TURN_01597,2665
050615_SEG_PREV_CURR_01456,2666
050615_SEG_CURR_NEXT_01455,2667
050615_SEG_CURR_NEXT_01456,2668
050615_SEG_PREV_CURR_01457,2669
050606_SEG_TURN_01015,2670
050606_SEG_PREV_CURR_01597,2671
050606_SEG_CURR_NEXT_01596,2672
050430_SEG_CURR_NEXT_00735,2673
050430_SEG_PREV_CURR_00736,2674
050673_SEG_TURN_00806,2675
050673_SEG_TURN_00185,2676
050606_SEG_PREV_CURR_01016,2677
050606_SEG_CURR_NEXT_01015,2678
050673_SEG_CURR_NEXT_00805,2679
050673_SEG_PREV_CURR_00806,2680
050606_SEG_TURN_01011,2681
050430_SEG_PREV_CURR_01140,2682
050430_SEG_CURR_NEXT_01139,2683
050615_SEG_TURN_01360,2684
050606_SEG_TURN_01382,2685
050673_SEG_CURR_NEXT_00184,2686
050673_SEG_PREV_CURR_00185,2687
050673_SEG_CURR_NEXT_00806,2688
050673_SEG_PREV_CURR_00807,2689
050606_SEG_PREV_CURR_01382,2690
050606_SEG_CURR_NEXT_01381,2691
050673_SEG_CURR_NEXT_00185,2692
050673_SEG_PREV_CURR_00186,2693
050606_SEG_CURR_NEXT_01011,2694
050606_SEG_PREV_CURR_01012,2695
050673_SEG_TURN_00459,2696
050673_SEG_TURN_00519,2697
050430_SEG_TURN_00146,2698
050673_SEG_TURN_00435,2699
050673_SEG_TURN_00439,2700
050430_SEG_TURN_00136,2701
050673_SEG_TURN_00476,2702
050430_SEG_TURN_00156,2703
050430_SEG_TURN_00138,2704
050673_SEG_TURN_00072,2705
050673_SEG_TURN_00070,2706
050673_SEG_TURN_00335,2707
050673_SEG_TURN_00141,2708
050673_SEG_TURN_00936,2709
050673_SEG_TURN_00470,2710
050673_SEG_TURN_00498,2711
050673_SEG_TURN_00129,2712
050673_SEG_TURN_00506,2713
050673_SEG_TURN_00633,2714
050673_SEG_TURN_00625,2715
050673_SEG_TURN_00621,2716
050673_SEG_TURN_00078,2717
050673_SEG_TURN_00147,2718
050430_SEG_TURN_00148,2719
050673_SEG_TURN_00445,2720
050673_SEG_TURN_00617,2721
050673_SEG_TURN_00437,2722
050673_SEG_TURN_00619,2723
050673_SEG_TURN_00449,2724
050673_SEG_TURN_00074,2725
050673_SEG_TURN_00088,2726
050673_SEG_TURN_00496,2727
050673_SEG_TURN_00504,2728
050673_SEG_TURN_00337,2729
050673_SEG_CURR_NEXT_00935,2730
050673_SEG_PREV_CURR_00936,2731
050673_SEG_TURN_00096,2732
050673_SEG_CURR_NEXT_00129,2733
050673_SEG_PREV_CURR_00130,2734
050673_SEG_TURN_00482,2735
050673_SEG_TURN_00076,2736
050673_SEG_TURN_00080,2737
050673_SEG_TURN_00333,2738
050673_SEG_TURN_00068,2739
050673_SEG_TURN_00892,2740
050673_SEG_TURN_00131,2741
050673_SEG_TURN_00135,2742
050673_SEG_TURN_00453,2743
050673_SEG_TURN_00890,2744
050673_SEG_TURN_00139,2745
050673_SEG_PREV_CURR_00196,2746
050673_SEG_CURR_NEXT_00195,2747
050350_SEG_CURR_NEXT_00106,2748
050350_SEG_PREV_CURR_00107,2749
050673_SEG_TURN_00174,2750
050673_SEG_TURN_00029,2751
050673_SEG_CURR_NEXT_00029,2752
050673_SEG_TURN_00480,2753
050673_SEG_CURR_NEXT_00479,2754
050673_SEG_PREV_CURR_00480,2755
050673_SEG_CURR_NEXT_00480,2756
050673_SEG_PREV_CURR_00481,2757
050673_SEG_TURN_00267,2758
050673_SEG_TURN_00162,2759
050673_SEG_PREV_CURR_00162,2760
050673_SEG_CURR_NEXT_00161,2761
050615_SEG_TURN_00411,2762
050308_SEG_TURN_00684,2763
050308_SEG_PREV_CURR_00684,2764
050308_SEG_CURR_NEXT_00683,2765
050673_SEG_TURN_00148,2766
050673_SEG_PREV_CURR_00163,2767
050673_SEG_CURR_NEXT_00162,2768
050673_SEG_PREV_CURR_00148,2769
050673_SEG_CURR_NEXT_00147,2770
050350_SEG_TURN_01167,2771
050308_SEG_PREV_CURR_00685,2772
050308_SEG_CURR_NEXT_00684,2773
050673_SEG_PREV_CURR_00149,2774
050673_SEG_CURR_NEXT_00148,2775
050615_SEG_CURR_NEXT_00410,2776
050615_SEG_PREV_CURR_00411,2777
050492_SEG_TURN_00027,2778
050430_SEG_PREV_CURR_00146,2779
050430_SEG_CURR_NEXT_00145,2780
050492_SEG_TURN_00007,2781
050492_SEG_CURR_NEXT_00006,2782
050492_SEG_PREV_CURR_00007,2783
050350_SEG_TURN_00118,2784
050673_SEG_PREV_CURR_00030,2785
050492_SEG_CURR_NEXT_00007,2786
050492_SEG_PREV_CURR_00008,2787
050615_SEG_TURN_00415,2788
050673_SEG_PREV_CURR_00207,2789
050673_SEG_CURR_NEXT_00206,2790
050615_SEG_PREV_CURR_00415,2791
050615_SEG_CURR_NEXT_00414,2792
050615_SEG_CURR_NEXT_00415,2793
050615_SEG_PREV_CURR_00416,2794
050673_SEG_PREV_CURR_00445,2795
050673_SEG_CURR_NEXT_00444,2796
050673_SEG_TURN_00199,2797
050673_SEG_CURR_NEXT_00196,2798
050673_SEG_PREV_CURR_00197,2799
050606_SEG_TURN_00005,2800
050606_SEG_CURR_NEXT_00005,2801
050606_SEG_PREV_CURR_00006,2802
050673_SEG_CURR_NEXT_00603,2803
050673_SEG_PREV_CURR_00604,2804
050673_SEG_PREV_CURR_00199,2805
050673_SEG_CURR_NEXT_00198,2806
050673_SEG_PREV_CURR_00200,2807
050673_SEG_CURR_NEXT_00199,2808
050673_SEG_TURN_00197,2809
050606_SEG_CURR_NEXT_00004,2810
050606_SEG_PREV_CURR_00005,2811
050673_SEG_TURN_00614,2812
050673_SEG_PREV_CURR_00603,2813
050673_SEG_CURR_NEXT_00602,2814
050350_SEG_TURN_00468,2815
050673_SEG_CURR_NEXT_00197,2816
050673_SEG_PREV_CURR_00211,2817
050673_SEG_CURR_NEXT_00210,2818
050673_SEG_TURN_00210,2819
050606_SEG_TURN_00155,2820
050673_SEG_TURN_00217,2821
050606_SEG_CURR_NEXT_00154,2822
050606_SEG_PREV_CURR_00155,2823
050673_SEG_CURR_NEXT_00217,2824
050673_SEG_PREV_CURR_00218,2825
050673_SEG_CURR_NEXT_00216,2826
050673_SEG_PREV_CURR_00217,2827
050308_SEG_TURN_00209,2828
050492_SEG_TURN_00226,2829
050308_SEG_CURR_NEXT_00208,2830
050308_SEG_PREV_CURR_00209,2831
050308_SEG_CURR_NEXT_00209,2832
050308_SEG_PREV_CURR_00210,2833
050673_SEG_TURN_00847,2834
050492_SEG_TURN_00594,2835
050615_SEG_TURN_00791,2836
050673_SEG_PREV_CURR_00848,2837
050673_SEG_CURR_NEXT_00847,2838
050615_SEG_CURR_NEXT_00791,2839
050615_SEG_PREV_CURR_00792,2840
050606_SEG_PREV_CURR_00156,2841
050606_SEG_CURR_NEXT_00155,2842
050673_SEG_TURN_00582,2843
050673_SEG_TURN_00211,2844
050350_SEG_TURN_00965,2845
050673_SEG_PREV_CURR_00212,2846
050673_SEG_CURR_NEXT_00211,2847
050673_SEG_PREV_CURR_00582,2848
050673_SEG_CURR_NEXT_00581,2849
050615_SEG_PREV_CURR_00791,2850
050615_SEG_CURR_NEXT_00790,2851
050492_SEG_CURR_NEXT_00594,2852
050492_SEG_PREV_CURR_00595,2853
050673_SEG_CURR_NEXT_00582,2854
050615_SEG_TURN_01352,2855
050606_SEG_TURN_01502,2856
050606_SEG_TURN_01217,2857
050606_SEG_TURN_01468,2858
050606_SEG_TURN_01464,2859
050606_SEG_TURN_01510,2860
050606_SEG_TURN_01225,2861
050606_SEG_TURN_01215,2862
050606_SEG_TURN_01446,2863
050606_SEG_TURN_01508,2864
050606_SEG_TURN_01448,2865
050606_SEG_TURN_01512,2866
050606_SEG_TURN_01219,2867
050606_SEG_PREV_CURR_01465,2868
050606_SEG_CURR_NEXT_01464,2869
050606_SEG_TURN_01452,2870
050615_SEG_CURR_NEXT_01351,2871
050615_SEG_PREV_CURR_01352,2872
050606_SEG_TURN_01460,2873
050606_SEG_CURR_NEXT_01221,2874
050606_SEG_PREV_CURR_01222,2875
050606_SEG_TURN_01458,2876
050606_SEG_CURR_NEXT_01228,2877
050606_SEG_PREV_CURR_01229,2878
050606_SEG_CURR_NEXT_01463,2879
050606_SEG_PREV_CURR_01464,2880
050606_SEG_TURN_01222,2881
050606_SEG_CURR_NEXT_01467,2882
050606_SEG_PREV_CURR_01468,2883
050606_SEG_PREV_CURR_01223,2884
050606_SEG_CURR_NEXT_01222,2885
050606_SEG_TURN_01221,2886
050606_SEG_CURR_NEXT_01225,2887
050606_SEG_PREV_CURR_01226,2888
050606_SEG_TURN_01498,2889
050606_SEG_TURN_01456,2890
050606_SEG_TURN_01514,2891
050606_SEG_TURN_01226,2892
050606_SEG_TURN_01229,2893
050615_SEG_CURR_NEXT_01352,2894
050615_SEG_PREV_CURR_01353,2895
050606_SEG_CURR_NEXT_01226,2896
050606_SEG_PREV_CURR_01227,2897
050606_SEG_PREV_CURR_01456,2898
050606_SEG_CURR_NEXT_01455,2899
050606_SEG_TURN_01228,2900
050606_SEG_PREV_CURR_01225,2901
050606_SEG_CURR_NEXT_01224,2902
050606_SEG_PREV_CURR_01453,2903
050606_SEG_CURR_NEXT_01216,2904
050606_SEG_PREV_CURR_01217,2905
050606_SEG_PREV_CURR_01216,2906
050606_SEG_CURR_NEXT_01215,2907
050606_SEG_TURN_01216,2908
050606_SEG_TURN_01227,2909
050606_SEG_PREV_CURR_01228,2910
050606_SEG_CURR_NEXT_01227,2911
050606_SEG_PREV_CURR_01220,2912
050606_SEG_CURR_NEXT_01219,2913
050606_SEG_CURR_NEXT_01220,2914
050606_SEG_PREV_CURR_01221,2915
050606_SEG_TURN_01220,2916
050492_SEG_TURN_00410,2917
050492_SEG_CURR_NEXT_00410,2918
050492_SEG_PREV_CURR_00411,2919
050492_SEG_CURR_NEXT_00409,2920
050492_SEG_PREV_CURR_00410,2921
050606_SEG_TURN_01470,2922
050430_SEG_TURN_00877,2923
050606_SEG_PREV_CURR_01471,2924
050606_SEG_CURR_NEXT_01470,2925
050606_SEG_TURN_01104,2926
050430_SEG_PREV_CURR_00877,2927
050430_SEG_CURR_NEXT_00876,2928
050606_SEG_CURR_NEXT_01469,2929
050606_SEG_PREV_CURR_01470,2930
050606_SEG_TURN_00371,2931
050606_SEG_TURN_01110,2932
050606_SEG_PREV_CURR_01108,2933
050606_SEG_CURR_NEXT_01107,2934
050606_SEG_TURN_01472,2935
050606_SEG_CURR_NEXT_01104,2936
050606_SEG_PREV_CURR_01105,2937
050606_SEG_TURN_01108,2938
050606_SEG_PREV_CURR_00371,2939
050606_SEG_CURR_NEXT_00370,2940
050606_SEG_PREV_CURR_01473,2941
050606_SEG_CURR_NEXT_01472,2942
050606_SEG_PREV_CURR_01110,2943
050606_SEG_CURR_NEXT_01109,2944
050606_SEG_PREV_CURR_01472,2945
050606_SEG_CURR_NEXT_01471,2946
050606_SEG_PREV_CURR_01104,2947
050606_SEG_CURR_NEXT_01103,2948
050606_SEG_PREV_CURR_00372,2949
050606_SEG_CURR_NEXT_00371,2950
050606_SEG_PREV_CURR_01109,2951
050606_SEG_CURR_NEXT_01108,2952
050308_SEG_TURN_01013,2953
050606_SEG_TURN_00051,2954
050606_SEG_TURN_01107,2955
050606_SEG_TURN_00517,2956
050606_SEG_PREV_CURR_00517,2957
050606_SEG_CURR_NEXT_00516,2958
050606_SEG_TURN_00568,2959
050673_SEG_TURN_00645,2960
050606_SEG_CURR_NEXT_00568,2961
050606_SEG_PREV_CURR_00569,2962
050673_SEG_PREV_CURR_00645,2963
050673_SEG_CURR_NEXT_00644,2964
050606_SEG_PREV_CURR_00947,2965
050606_SEG_CURR_NEXT_00946,2966
050492_SEG_TURN_00232,2967
050673_SEG_CURR_NEXT_00645,2968
050673_SEG_PREV_CURR_00646,2969
050308_SEG_TURN_00005,2970
050606_SEG_TURN_00947,2971
050492_SEG_TURN_00440,2972
050492_SEG_TURN_01071,2973
050308_SEG_PREV_CURR_00005,2974
050308_SEG_CURR_NEXT_00004,2975
050308_SEG_PREV_CURR_00006,2976
050308_SEG_CURR_NEXT_00005,2977
050492_SEG_CURR_NEXT_00232,2978
050492_SEG_PREV_CURR_00233,2979
050606_SEG_TURN_00737,2980
050606_SEG_PREV_CURR_00568,2981
050606_SEG_CURR_NEXT_00567,2982
050492_SEG_PREV_CURR_01072,2983
050492_SEG_CURR_NEXT_01071,2984
050606_SEG_CURR_NEXT_00737,2985
050606_SEG_PREV_CURR_00738,2986
050492_SEG_TURN_00045,2987
050606_SEG_CURR_NEXT_00736,2988
050606_SEG_PREV_CURR_00737,2989
050492_SEG_PREV_CURR_00046,2990
050492_SEG_CURR_NEXT_00045,2991
050492_SEG_PREV_CURR_00045,2992
050492_SEG_CURR_NEXT_00044,2993
050606_SEG_TURN_01622,2994
050308_SEG_TURN_00090,2995
050606_SEG_TURN_01629,2996
050308_SEG_PREV_CURR_00091,2997
050308_SEG_CURR_NEXT_00090,2998
050606_SEG_CURR_NEXT_01629,2999
050606_SEG_PREV_CURR_01630,3000
050308_SEG_CURR_NEXT_00089,3001
050308_SEG_PREV_CURR_00090,3002
050606_SEG_CURR_NEXT_01622,3003
050606_SEG_PREV_CURR_01623,3004
050606_SEG_TURN_00025,3005
050606_SEG_PREV_CURR_00026,3006
050606_SEG_CURR_NEXT_00025,3007
050606_SEG_PREV_CURR_00025,3008
050606_SEG_CURR_NEXT_00024,3009
050606_SEG_PREV_CURR_01622,3010
050606_SEG_CURR_NEXT_01621,3011
050606_SEG_TURN_00739,3012
050350_SEG_TURN_01051,3013
050350_SEG_TURN_00756,3014
050606_SEG_PREV_CURR_00739,3015
050606_SEG_CURR_NEXT_00738,3016
050350_SEG_CURR_NEXT_00756,3017
050350_SEG_PREV_CURR_00757,3018
050350_SEG_PREV_CURR_01052,3019
050350_SEG_CURR_NEXT_01051,3020
050606_SEG_TURN_01627,3021
050606_SEG_CURR_NEXT_01628,3022
050606_SEG_PREV_CURR_01629,3023
050606_SEG_CURR_NEXT_00739,3024
050606_SEG_PREV_CURR_00740,3025
050606_SEG_CURR_NEXT_01626,3026
050606_SEG_PREV_CURR_01627,3027
050350_SEG_PREV_CURR_00756,3028
050350_SEG_CURR_NEXT_00755,3029
050606_SEG_TURN_00156,3030
050606_SEG_PREV_CURR_00157,3031
050606_SEG_CURR_NEXT_00156,3032
050492_SEG_TURN_00620,3033
050492_SEG_PREV_CURR_00621,3034
050492_SEG_CURR_NEXT_00620,3035
050350_SEG_CURR_NEXT_01050,3036
050350_SEG_PREV_CURR_01051,3037
050492_SEG_PREV_CURR_00620,3038
050492_SEG_CURR_NEXT_00619,3039
050492_SEG_TURN_00614,3040
050606_SEG_TURN_01541,3041
050492_SEG_CURR_NEXT_00614,3042
050492_SEG_PREV_CURR_00615,3043
050492_SEG_PREV_CURR_00614,3044
050492_SEG_CURR_NEXT_00613,3045
050606_SEG_PREV_CURR_01541,3046
050606_SEG_CURR_NEXT_01540,3047
050606_SEG_TURN_00200,3048
050606_SEG_PREV_CURR_00620,3049
050606_SEG_CURR_NEXT_00619,3050
050615_SEG_TURN_01086,3051
050615_SEG_TURN_00194,3052
050615_SEG_CURR_NEXT_00194,3053
050615_SEG_PREV_CURR_00195,3054
050350_SEG_TURN_00218,3055
050430_SEG_PREV_CURR_00757,3056
050430_SEG_CURR_NEXT_00756,3057
050430_SEG_TURN_01105,3058
050430_SEG_TURN_01125,3059
050606_SEG_TURN_00521,3060
050606_SEG_TURN_00919,3061
050430_SEG_TURN_00964,3062
050430_SEG_TURN_01115,3063
050606_SEG_TURN_01162,3064
050430_SEG_TURN_00896,3065
050606_SEG_TURN_00992,3066
050606_SEG_TURN_00994,3067
050430_SEG_TURN_00900,3068
050606_SEG_TURN_00624,3069
050606_SEG_TURN_01166,3070
050606_SEG_TURN_00548,3071
050606_SEG_TURN_00564,3072
050606_SEG_TURN_00352,3073
050606_SEG_TURN_00542,3074
050606_SEG_TURN_00511,3075
050606_SEG_TURN_01307,3076
050606_SEG_TURN_00538,3077
050430_SEG_TURN_00892,3078
050606_SEG_TURN_00114,3079
050430_SEG_TURN_01188,3080
050606_SEG_TURN_00120,3081
050606_SEG_TURN_01405,3082
050606_SEG_TURN_00501,3083
050606_SEG_TURN_00292,3084
050606_SEG_TURN_00126,3085
050606_SEG_TURN_00499,3086
050606_SEG_TURN_00509,3087
050606_SEG_TURN_00438,3088
050606_SEG_TURN_00280,3089
050606_SEG_TURN_00558,3090
050606_SEG_TURN_00147,3091
050606_SEG_TURN_00960,3092
050606_SEG_TURN_01395,3093
050606_SEG_TURN_00550,3094
050606_SEG_TURN_00540,3095
050606_SEG_TURN_00106,3096
050606_SEG_TURN_00505,3097
050606_SEG_TURN_00124,3098
050606_SEG_TURN_00556,3099
050606_SEG_TURN_00536,3100
050606_SEG_TURN_00923,3101
050606_SEG_TURN_01154,3102
050606_SEG_TURN_00534,3103
050430_SEG_TURN_01184,3104
050606_SEG_TURN_00968,3105
050606_SEG_TURN_00562,3106
050606_SEG_TURN_00286,3107
050606_SEG_TURN_00471,3108
050606_SEG_CURR_NEXT_00470,3109
050606_SEG_PREV_CURR_00471,3110
050606_SEG_TURN_01312,3111
050606_SEG_PREV_CURR_01313,3112
050606_SEG_CURR_NEXT_01312,3113
050606_SEG_TURN_00470,3114
050606_SEG_TURN_01694,3115
050606_SEG_CURR_NEXT_00469,3116
050606_SEG_PREV_CURR_00470,3117
050606_SEG_TURN_00580,3118
050606_SEG_TURN_01521,3119
050606_SEG_TURN_00859,3120
050606_SEG_TURN_00136,3121
050606_SEG_TURN_00861,3122
050606_SEG_TURN_00163,3123
050606_SEG_TURN_00582,3124
050606_SEG_TURN_00169,3125
050606_SEG_TURN_00584,3126
050606_SEG_TURN_00183,3127
050606_SEG_TURN_00134,3128
050606_SEG_TURN_00863,3129
050606_SEG_TURN_00448,3130
050606_SEG_TURN_00177,3131
050606_SEG_TURN_01016,3132
050606_SEG_TURN_01008,3133
050606_SEG_TURN_00181,3134
050606_SEG_TURN_01020,3135
050606_SEG_TURN_00446,3136
050606_SEG_TURN_00586,3137
050606_SEG_TURN_00578,3138
050606_SEG_TURN_01313,3139
050606_SEG_TURN_01012,3140
050606_SEG_TURN_00185,3141
050606_SEG_TURN_01315,3142
050606_SEG_TURN_00116,3143
050606_SEG_TURN_01319,3144
050606_SEG_TURN_00841,3145
050606_SEG_TURN_01006,3146
050606_SEG_TURN_00931,3147
050606_SEG_TURN_00843,3148
050606_SEG_TURN_01022,3149
050606_SEG_TURN_01517,3150
050606_SEG_TURN_00740,3151
050606_SEG_CURR_NEXT_01331,3152
050606_SEG_PREV_CURR_01332,3153
050606_SEG_TURN_01004,3154
050606_SEG_TURN_01332,3155
050606_SEG_CURR_NEXT_00115,3156
050606_SEG_CURR_NEXT_00740,3157
050606_SEG_PREV_CURR_00741,3158
050606_SEG_PREV_CURR_00866,3159
050606_SEG_CURR_NEXT_00865,3160
050606_SEG_CURR_NEXT_00866,3161
050606_SEG_PREV_CURR_00867,3162
050606_SEG_PREV_CURR_00309,3163
050606_SEG_CURR_NEXT_00308,3164
050606_SEG_TURN_00659,3165
050606_SEG_CURR_NEXT_00586,3166
050606_SEG_PREV_CURR_00587,3167
050606_SEG_TURN_00017,3168
050606_SEG_PREV_CURR_00018,3169
050606_SEG_CURR_NEXT_00017,3170
050606_SEG_PREV_CURR_00017,3171
050606_SEG_CURR_NEXT_00016,3172
050606_SEG_PREV_CURR_00659,3173
050606_SEG_CURR_NEXT_00658,3174
050673_SEG_TURN_00846,3175
050673_SEG_CURR_NEXT_00845,3176
050673_SEG_PREV_CURR_00846,3177
050606_SEG_TURN_00009,3178
050606_SEG_PREV_CURR_00010,3179
050606_SEG_CURR_NEXT_00009,3180
050606_SEG_CURR_NEXT_00008,3181
050606_SEG_PREV_CURR_00009,3182
050430_SEG_CURR_NEXT_00295,3183
050430_SEG_PREV_CURR_00296,3184
050615_SEG_TURN_01189,3185
050308_SEG_TURN_00459,3186
050308_SEG_PREV_CURR_00460,3187
050308_SEG_CURR_NEXT_00459,3188
050615_SEG_CURR_NEXT_01188,3189
050615_SEG_PREV_CURR_01189,3190
050615_SEG_CURR_NEXT_01189,3191
050615_SEG_PREV_CURR_01190,3192
050308_SEG_PREV_CURR_00459,3193
050308_SEG_CURR_NEXT_00458,3194
050308_SEG_TURN_00888,3195
050350_SEG_TURN_00866,3196
050350_SEG_PREV_CURR_00866,3197
050350_SEG_CURR_NEXT_00865,3198
050492_SEG_TURN_00366,3199
050492_SEG_CURR_NEXT_00365,3200
050492_SEG_PREV_CURR_00366,3201
050350_SEG_TURN_00728,3202
050308_SEG_TURN_00938,3203
050308_SEG_CURR_NEXT_00888,3204
050308_SEG_PREV_CURR_00889,3205
050492_SEG_CURR_NEXT_00366,3206
050492_SEG_PREV_CURR_00367,3207
050308_SEG_CURR_NEXT_00377,3208
050308_SEG_PREV_CURR_00378,3209
050673_SEG_CURR_NEXT_00970,3210
050673_SEG_PREV_CURR_00971,3211
050350_SEG_TURN_00672,3212
050350_SEG_CURR_NEXT_00672,3213
050350_SEG_PREV_CURR_00673,3214
050350_SEG_PREV_CURR_00672,3215
050350_SEG_CURR_NEXT_00671,3216
050492_SEG_TURN_01465,3217
050673_SEG_TURN_00956,3218
050308_SEG_TURN_00325,3219
050492_SEG_CURR_NEXT_01465,3220
050492_SEG_PREV_CURR_01466,3221
050615_SEG_TURN_00666,3222
050615_SEG_CURR_NEXT_00665,3223
050615_SEG_PREV_CURR_00666,3224
050606_SEG_TURN_01524,3225
050606_SEG_CURR_NEXT_01523,3226
050606_SEG_PREV_CURR_01524,3227
050606_SEG_PREV_CURR_01525,3228
050606_SEG_CURR_NEXT_01524,3229
050430_SEG_PREV_CURR_00077,3230
050430_SEG_CURR_NEXT_00076,3231
050430_SEG_TURN_00077,3232
050430_SEG_CURR_NEXT_00077,3233
050430_SEG_PREV_CURR_00078,3234
050430_SEG_TURN_00076,3235
050430_SEG_CURR_NEXT_00075,3236
050430_SEG_PREV_CURR_00076,3237
050308_SEG_TURN_00358,3238
050308_SEG_CURR_NEXT_00357,3239
050308_SEG_PREV_CURR_00358,3240
050308_SEG_CURR_NEXT_00358,3241
050308_SEG_PREV_CURR_00359,3242
050606_SEG_TURN_00115,3243
050606_SEG_CURR_NEXT_00114,3244
050606_SEG_PREV_CURR_00115,3245
050606_SEG_PREV_CURR_00116,3246
050308_SEG_TURN_00179,3247
050615_SEG_TURN_01241,3248
050308_SEG_PREV_CURR_00179,3249
050308_SEG_CURR_NEXT_00178,3250
050606_SEG_TURN_00860,3251
050615_SEG_CURR_NEXT_01241,3252
050615_SEG_PREV_CURR_01242,3253
050606_SEG_CURR_NEXT_00860,3254
050606_SEG_PREV_CURR_00861,3255
050606_SEG_CURR_NEXT_00859,3256
050606_SEG_PREV_CURR_00860,3257
050615_SEG_TURN_01474,3258
050615_SEG_PREV_CURR_01475,3259
050615_SEG_CURR_NEXT_01474,3260
050615_SEG_CURR_NEXT_01473,3261
050615_SEG_PREV_CURR_01474,3262
050615_SEG_CURR_NEXT_01240,3263
050606_SEG_PREV_CURR_01693,3264
050606_SEG_CURR_NEXT_01692,3265
050606_SEG_TURN_01053,3266
050606_SEG_TURN_01066,3267
050606_SEG_PREV_CURR_00012,3268
050606_SEG_CURR_NEXT_00011,3269
050606_SEG_PREV_CURR_01066,3270
050606_SEG_CURR_NEXT_01065,3271
050606_SEG_TURN_00001,3272
050606_SEG_TURN_01029,3273
050606_SEG_PREV_CURR_01067,3274
050606_SEG_CURR_NEXT_01066,3275
050606_SEG_TURN_00003,3276
050606_SEG_TURN_01047,3277
050606_SEG_PREV_CURR_01053,3278
050606_SEG_CURR_NEXT_01052,3279
050606_SEG_CURR_NEXT_01047,3280
050606_SEG_PREV_CURR_01048,3281
050606_SEG_CURR_NEXT_01053,3282
050606_SEG_PREV_CURR_01054,3283
050606_SEG_CURR_NEXT_01029,3284
050606_SEG_PREV_CURR_01030,3285
050606_SEG_PREV_CURR_00004,3286
050606_SEG_CURR_NEXT_00003,3287
050606_SEG_CURR_NEXT_01046,3288
050606_SEG_TURN_00473,3289
050606_SEG_PREV_CURR_01546,3290
050606_SEG_CURR_NEXT_01545,3291
050606_SEG_TURN_00072,3292
050606_SEG_TURN_00100,3293
050606_SEG_TURN_00692,3294
050606_SEG_TURN_00082,3295
050606_SEG_TURN_00074,3296
050606_SEG_TURN_00696,3297
050606_SEG_TURN_01546,3298
050606_SEG_TURN_01030,3299
050606_SEG_TURN_00366,3300
050606_SEG_TURN_00690,3301
050606_SEG_TURN_00362,3302
050606_SEG_TURN_00370,3303
050606_SEG_TURN_00070,3304
050606_SEG_TURN_01044,3305
050606_SEG_TURN_01533,3306
050606_SEG_TURN_01531,3307
050606_SEG_TURN_01529,3308
050606_SEG_TURN_01036,3309
050606_SEG_TURN_01276,3310
050606_SEG_TURN_01272,3311
050606_SEG_TURN_00456,3312
050606_SEG_TURN_01270,3313
050606_SEG_TURN_01278,3314
050606_SEG_TURN_00680,3315
050606_SEG_TURN_00454,3316
050606_SEG_TURN_00450,3317
050606_SEG_TURN_00452,3318
050606_SEG_TURN_00374,3319
050606_SEG_TURN_01340,3320
050606_SEG_TURN_00674,3321
050606_SEG_TURN_01286,3322
050606_SEG_TURN_01288,3323
050606_SEG_TURN_01282,3324
050606_SEG_TURN_01274,3325
050606_SEG_TURN_01034,3326
050606_SEG_TURN_01545,3327
050606_SEG_TURN_01284,3328
050606_SEG_TURN_01051,3329
050606_SEG_TURN_00682,3330
050308_SEG_TURN_00069,3331
050308_SEG_PREV_CURR_00070,3332
050308_SEG_CURR_NEXT_00069,3333
050606_SEG_TURN_00048,3334
050308_SEG_TURN_00790,3335
050308_SEG_PREV_CURR_00791,3336
050308_SEG_CURR_NEXT_00790,3337
050308_SEG_CURR_NEXT_00068,3338
050308_SEG_PREV_CURR_00069,3339
050308_SEG_PREV_CURR_00790,3340
050308_SEG_CURR_NEXT_00789,3341
050673_SEG_TURN_00473,3342
050350_SEG_TURN_00664,3343
050350_SEG_PREV_CURR_00665,3344
050350_SEG_CURR_NEXT_00664,3345
050350_SEG_CURR_NEXT_00663,3346
050350_SEG_PREV_CURR_00664,3347
050673_SEG_CURR_NEXT_00473,3348
050673_SEG_PREV_CURR_00474,3349
050606_SEG_CURR_NEXT_00048,3350
050606_SEG_PREV_CURR_00049,3351
050606_SEG_TURN_00021,3352
050606_SEG_CURR_NEXT_00020,3353
050606_SEG_PREV_CURR_00021,3354
050606_SEG_CURR_NEXT_00021,3355
050606_SEG_PREV_CURR_00022,3356
050606_SEG_TURN_00384,3357
050606_SEG_PREV_CURR_00384,3358
050606_SEG_CURR_NEXT_00383,3359
050606_SEG_CURR_NEXT_00384,3360
050606_SEG_PREV_CURR_00385,3361
050430_SEG_TURN_00825,3362
050430_SEG_PREV_CURR_00826,3363
050430_SEG_CURR_NEXT_00825,3364
050430_SEG_CURR_NEXT_00824,3365
050430_SEG_PREV_CURR_00825,3366
050606_SEG_PREV_CURR_00434,3367
050606_SEG_CURR_NEXT_00433,3368
050615_SEG_TURN_00967,3369
050606_SEG_PREV_CURR_00435,3370
050606_SEG_CURR_NEXT_00434,3371
050606_SEG_TURN_00434,3372
050606_SEG_TURN_01557,3373
050606_SEG_CURR_NEXT_00876,3374
050606_SEG_PREV_CURR_00877,3375
050606_SEG_TURN_00876,3376
050430_SEG_TURN_00142,3377
050350_SEG_TURN_00556,3378
050606_SEG_TURN_00392,3379
050308_SEG_TURN_00148,3380
050492_SEG_TURN_00152,3381
050606_SEG_CURR_NEXT_00391,3382
050606_SEG_PREV_CURR_00392,3383
050606_SEG_CURR_NEXT_00392,3384
050606_SEG_PREV_CURR_00393,3385
050430_SEG_TURN_01103,3386
050492_SEG_TURN_00989,3387
050492_SEG_TURN_00980,3388
050492_SEG_PREV_CURR_00981,3389
050492_SEG_CURR_NEXT_00980,3390
050492_SEG_CURR_NEXT_00988,3391
050492_SEG_PREV_CURR_00989,3392
050492_SEG_PREV_CURR_00990,3393
050492_SEG_CURR_NEXT_00989,3394
050492_SEG_PREV_CURR_00980,3395
050492_SEG_CURR_NEXT_00979,3396
050492_SEG_TURN_01002,3397
050492_SEG_PREV_CURR_01002,3398
050492_SEG_CURR_NEXT_01001,3399
050492_SEG_CURR_NEXT_01002,3400
050492_SEG_PREV_CURR_01003,3401
050430_SEG_CURR_NEXT_01102,3402
050430_SEG_PREV_CURR_01103,3403
050492_SEG_TURN_00984,3404
050492_SEG_CURR_NEXT_00983,3405
050492_SEG_PREV_CURR_00984,3406
050492_SEG_CURR_NEXT_00984,3407
050492_SEG_PREV_CURR_00985,3408
050430_SEG_CURR_NEXT_01103,3409
050430_SEG_PREV_CURR_01104,3410
050308_SEG_CURR_NEXT_00066,3411
050308_SEG_PREV_CURR_00067,3412
050430_SEG_TURN_00956,3413
050492_SEG_TURN_01000,3414
050492_SEG_CURR_NEXT_01000,3415
050492_SEG_PREV_CURR_01001,3416
050492_SEG_CURR_NEXT_00999,3417
050492_SEG_PREV_CURR_01000,3418
050308_SEG_CURR_NEXT_00065,3419
050308_SEG_PREV_CURR_00066,3420
050430_SEG_CURR_NEXT_00955,3421
050430_SEG_PREV_CURR_00956,3422
050492_SEG_CURR_NEXT_01252,3423
050492_SEG_PREV_CURR_01253,3424
050492_SEG_CURR_NEXT_01253,3425
050492_SEG_PREV_CURR_01254,3426
050492_SEG_CURR_NEXT_01250,3427
050492_SEG_PREV_CURR_01251,3428
050492_SEG_CURR_NEXT_01251,3429
050492_SEG_PREV_CURR_01252,3430
050492_SEG_CURR_NEXT_01254,3431
050492_SEG_PREV_CURR_01255,3432
050492_SEG_CURR_NEXT_01255,3433
050492_SEG_PREV_CURR_01256,3434
050615_SEG_TURN_00175,3435
050615_SEG_TURN_00305,3436
050615_SEG_PREV_CURR_00305,3437
050615_SEG_CURR_NEXT_00304,3438
050492_SEG_TURN_01417,3439
050492_SEG_CURR_NEXT_01417,3440
050492_SEG_PREV_CURR_01418,3441
050615_SEG_PREV_CURR_00306,3442
050615_SEG_CURR_NEXT_00305,3443
050492_SEG_TURN_00005,3444
050492_SEG_CURR_NEXT_01416,3445
050492_SEG_PREV_CURR_01417,3446
050492_SEG_CURR_NEXT_00005,3447
050492_SEG_PREV_CURR_00006,3448
050492_SEG_PREV_CURR_00005,3449
050492_SEG_CURR_NEXT_00004,3450
050492_SEG_TURN_01257,3451
050492_SEG_TURN_01458,3452
050492_SEG_TURN_01265,3453
050606_SEG_TURN_01140,3454
050673_SEG_TURN_00048,3455
050492_SEG_PREV_CURR_01459,3456
050492_SEG_CURR_NEXT_01458,3457
050492_SEG_PREV_CURR_01458,3458
050492_SEG_CURR_NEXT_01457,3459
050606_SEG_TURN_01074,3460
050492_SEG_PREV_CURR_01258,3461
050492_SEG_CURR_NEXT_01257,3462
050673_SEG_CURR_NEXT_00048,3463
050673_SEG_PREV_CURR_00049,3464
050492_SEG_CURR_NEXT_01319,3465
050492_SEG_PREV_CURR_01320,3466
050350_SEG_TURN_00972,3467
050492_SEG_TURN_01337,3468
050492_SEG_TURN_01524,3469
050492_SEG_PREV_CURR_01524,3470
050492_SEG_CURR_NEXT_01523,3471
050492_SEG_TURN_01319,3472
050492_SEG_TURN_01320,3473
050492_SEG_TURN_01026,3474
050492_SEG_TURN_01473,3475
050492_SEG_TURN_01353,3476
050492_SEG_TURN_01024,3477
050492_SEG_TURN_00038,3478
050492_SEG_TURN_00615,3479
050492_SEG_TURN_00042,3480
050492_SEG_TURN_00613,3481
050492_SEG_TURN_00611,3482
050492_SEG_TURN_00601,3483
050492_SEG_TURN_01533,3484
050492_SEG_TURN_01522,3485
050492_SEG_PREV_CURR_01321,3486
050492_SEG_CURR_NEXT_01320,3487
050492_SEG_CURR_NEXT_01524,3488
050492_SEG_PREV_CURR_01525,3489
050492_SEG_PREV_CURR_01577,3490
050492_SEG_CURR_NEXT_01576,3491
050350_SEG_PREV_CURR_00973,3492
050350_SEG_CURR_NEXT_00972,3493
050492_SEG_PREV_CURR_01029,3494
050492_SEG_CURR_NEXT_01028,3495
050492_SEG_TURN_01343,3496
050492_SEG_TURN_01577,3497
050492_SEG_CURR_NEXT_01522,3498
050492_SEG_PREV_CURR_01523,3499
050492_SEG_TURN_01351,3500
050492_SEG_TURN_01102,3501
050492_SEG_TURN_01104,3502
050492_SEG_TURN_00597,3503
050492_SEG_TURN_00058,3504
050492_SEG_TURN_01359,3505
050492_SEG_TURN_01479,3506
050492_SEG_TURN_00599,3507
050492_SEG_TURN_01106,3508
050492_SEG_TURN_01114,3509
050492_SEG_TURN_00481,3510
050492_SEG_CURR_NEXT_01114,3511
050492_SEG_PREV_CURR_01115,3512
050492_SEG_CURR_NEXT_01113,3513
050492_SEG_PREV_CURR_01114,3514
050492_SEG_TURN_01212,3515
050492_SEG_CURR_NEXT_01212,3516
050492_SEG_PREV_CURR_01213,3517
050492_SEG_PREV_CURR_00482,3518
050492_SEG_CURR_NEXT_00481,3519
050492_SEG_TURN_01464,3520
050492_SEG_PREV_CURR_01464,3521
050492_SEG_CURR_NEXT_01463,3522
050492_SEG_PREV_CURR_01212,3523
050492_SEG_CURR_NEXT_01211,3524
050492_SEG_PREV_CURR_01465,3525
050492_SEG_CURR_NEXT_01464,3526
050492_SEG_PREV_CURR_00481,3527
050492_SEG_CURR_NEXT_00480,3528
050615_SEG_TURN_01486,3529
050673_SEG_TURN_00045,3530
050673_SEG_CURR_NEXT_00044,3531
050673_SEG_PREV_CURR_00045,3532
050673_SEG_CURR_NEXT_00045,3533
050673_SEG_PREV_CURR_00046,3534
050430_SEG_TURN_00180,3535
050430_SEG_CURR_NEXT_00180,3536
050430_SEG_PREV_CURR_00181,3537
050492_SEG_TURN_01138,3538
050615_SEG_CURR_NEXT_01485,3539
050615_SEG_PREV_CURR_01486,3540
050615_SEG_PREV_CURR_01487,3541
050615_SEG_CURR_NEXT_01486,3542
050492_SEG_TURN_01216,3543
050492_SEG_PREV_CURR_01217,3544
050492_SEG_CURR_NEXT_01216,3545
050492_SEG_CURR_NEXT_01215,3546
050492_SEG_PREV_CURR_01216,3547
050673_SEG_TURN_00515,3548
050615_SEG_TURN_00460,3549
050492_SEG_CURR_NEXT_01336,3550
050492_SEG_PREV_CURR_01337,3551
050492_SEG_TURN_01336,3552
050492_SEG_TURN_00609,3553
050492_SEG_TURN_01345,3554
050492_SEG_TURN_01032,3555
050492_SEG_TURN_00603,3556
050492_SEG_TURN_01339,3557
050492_SEG_PREV_CURR_01336,3558
050492_SEG_CURR_NEXT_01335,3559
050492_SEG_TURN_01030,3560
050492_SEG_PREV_CURR_01026,3561
050492_SEG_CURR_NEXT_01025,3562
050492_SEG_TURN_01520,3563
050492_SEG_PREV_CURR_00601,3564
050492_SEG_CURR_NEXT_00600,3565
050492_SEG_PREV_CURR_01025,3566
050492_SEG_CURR_NEXT_01024,3567
050492_SEG_TURN_01349,3568
050492_SEG_CURR_NEXT_00597,3569
050492_SEG_PREV_CURR_00598,3570
050492_SEG_PREV_CURR_00042,3571
050606_SEG_TURN_01067,3572
050606_SEG_TURN_01608,3573
050430_SEG_TURN_00205,3574
050430_SEG_PREV_CURR_00206,3575
050430_SEG_CURR_NEXT_00205,3576
050430_SEG_PREV_CURR_00205,3577
050430_SEG_CURR_NEXT_00204,3578
050606_SEG_PREV_CURR_01608,3579
050606_SEG_CURR_NEXT_01607,3580
050606_SEG_TURN_01606,3581
050350_SEG_TURN_01390,3582
050350_SEG_PREV_CURR_01390,3583
050350_SEG_CURR_NEXT_01389,3584
050606_SEG_CURR_NEXT_01608,3585
050606_SEG_PREV_CURR_01609,3586
050350_SEG_PREV_CURR_01391,3587
050350_SEG_CURR_NEXT_01390,3588
050606_SEG_TURN_00085,3589
050606_SEG_CURR_NEXT_01067,3590
050606_SEG_PREV_CURR_01068,3591
050492_SEG_TURN_01302,3592
050492_SEG_PREV_CURR_01302,3593
050492_SEG_CURR_NEXT_01301,3594
050492_SEG_PREV_CURR_01303,3595
050492_SEG_CURR_NEXT_01302,3596
050673_SEG_CURR_NEXT_01026,3597
050606_SEG_CURR_NEXT_00084,3598
050606_SEG_PREV_CURR_00085,3599
050615_SEG_TURN_00445,3600
050615_SEG_PREV_CURR_00446,3601
050615_SEG_CURR_NEXT_00445,3602
050615_SEG_PREV_CURR_00445,3603
050615_SEG_CURR_NEXT_00444,3604
050615_SEG_CURR_NEXT_00200,3605
050615_SEG_PREV_CURR_00201,3606
050615_SEG_CURR_NEXT_00199,3607
050615_SEG_PREV_CURR_00200,3608
050615_SEG_TURN_00200,3609
050615_SEG_CURR_NEXT_00201,3610
050615_SEG_PREV_CURR_00202,3611
050615_SEG_TURN_00202,3612
050615_SEG_CURR_NEXT_00202,3613
050615_SEG_PREV_CURR_00203,3614
050492_SEG_CURR_NEXT_00817,3615
050492_SEG_PREV_CURR_00818,3616
050615_SEG_TURN_00443,3617
050615_SEG_TURN_00171,3618
050615_SEG_PREV_CURR_00172,3619
050615_SEG_CURR_NEXT_00171,3620
050615_SEG_PREV_CURR_00171,3621
050615_SEG_CURR_NEXT_00170,3622
050615_SEG_CURR_NEXT_00443,3623
050615_SEG_PREV_CURR_00444,3624
050615_SEG_TURN_00187,3625
050615_SEG_TURN_01299,3626
050615_SEG_TURN_00907,3627
050615_SEG_TURN_01028,3628
050615_SEG_CURR_NEXT_01081,3629
050615_SEG_PREV_CURR_01082,3630
050615_SEG_TURN_00199,3631
050615_SEG_TURN_00201,3632
050615_SEG_TURN_01311,3633
050615_SEG_TURN_00211,3634
050615_SEG_TURN_00189,3635
050615_SEG_TURN_00899,3636
050615_SEG_TURN_01081,3637
050615_SEG_TURN_00207,3638
050615_SEG_TURN_00205,3639
050615_SEG_TURN_00901,3640
050615_SEG_CURR_NEXT_00196,3641
050615_SEG_PREV_CURR_00197,3642
050615_SEG_CURR_NEXT_01027,3643
050615_SEG_PREV_CURR_01028,3644
050615_SEG_CURR_NEXT_00195,3645
050615_SEG_PREV_CURR_00196,3646
050615_SEG_TURN_00449,3647
050615_SEG_TURN_00358,3648
050615_SEG_TURN_00174,3649
050615_SEG_TURN_01091,3650
050615_SEG_TURN_01127,3651
050615_SEG_TURN_01067,3652
050615_SEG_TURN_01087,3653
050615_SEG_PREV_CURR_01083,3654
050615_SEG_CURR_NEXT_01082,3655
050615_SEG_TURN_01089,3656
050615_SEG_TURN_00197,3657
050615_SEG_TURN_01093,3658
050615_SEG_TURN_00213,3659
050615_SEG_PREV_CURR_01300,3660
050615_SEG_CURR_NEXT_01299,3661
050615_SEG_PREV_CURR_00188,3662
050615_SEG_CURR_NEXT_00187,3663
050615_SEG_TURN_00230,3664
050615_SEG_TURN_00234,3665
050615_SEG_CURR_NEXT_00233,3666
050615_SEG_PREV_CURR_00234,3667
050615_SEG_CURR_NEXT_00230,3668
050615_SEG_PREV_CURR_00231,3669
050615_SEG_CURR_NEXT_00234,3670
050615_SEG_PREV_CURR_00235,3671
050430_SEG_TURN_00767,3672
050615_SEG_CURR_NEXT_00229,3673
050615_SEG_PREV_CURR_00230,3674
050615_SEG_TURN_00257,3675
050430_SEG_CURR_NEXT_00767,3676
050430_SEG_PREV_CURR_00768,3677
050615_SEG_TURN_00233,3678
050615_SEG_CURR_NEXT_00264,3679
050615_SEG_PREV_CURR_00265,3680
050615_SEG_CURR_NEXT_00256,3681
050615_SEG_PREV_CURR_00257,3682
050430_SEG_PREV_CURR_00767,3683
050430_SEG_CURR_NEXT_00766,3684
050615_SEG_CURR_NEXT_00281,3685
050615_SEG_PREV_CURR_00282,3686
050615_SEG_CURR_NEXT_00232,3687
050615_SEG_PREV_CURR_00233,3688
050308_SEG_TURN_00896,3689
050615_SEG_PREV_CURR_00258,3690
050615_SEG_CURR_NEXT_00257,3691
050615_SEG_CURR_NEXT_00227,3692
050615_SEG_PREV_CURR_00228,3693
050308_SEG_PREV_CURR_00896,3694
050308_SEG_CURR_NEXT_00895,3695
050615_SEG_TURN_00281,3696
050615_SEG_CURR_NEXT_00280,3697
050615_SEG_PREV_CURR_00281,3698
050308_SEG_PREV_CURR_00897,3699
050308_SEG_CURR_NEXT_00896,3700
050615_SEG_TURN_00227,3701
050615_SEG_TURN_00282,3702
050615_SEG_TURN_00228,3703
050430_SEG_TURN_00766,3704
050615_SEG_TURN_00426,3705
050615_SEG_TURN_00552,3706
050615_SEG_PREV_CURR_00552,3707
050615_SEG_CURR_NEXT_00551,3708
050615_SEG_PREV_CURR_00553,3709
050615_SEG_CURR_NEXT_00552,3710
050615_SEG_CURR_NEXT_00426,3711
050615_SEG_PREV_CURR_00427,3712
050615_SEG_PREV_CURR_00426,3713
050615_SEG_CURR_NEXT_00425,3714
050615_SEG_CURR_NEXT_00428,3715
050615_SEG_PREV_CURR_00429,3716
050606_SEG_TURN_00178,3717
050615_SEG_CURR_NEXT_00427,3718
050615_SEG_PREV_CURR_00428,3719
050615_SEG_TURN_00421,3720
050615_SEG_TURN_00428,3721
050615_SEG_TURN_00429,3722
050606_SEG_PREV_CURR_00178,3723
050606_SEG_CURR_NEXT_00177,3724
050615_SEG_TURN_00427,3725
050615_SEG_PREV_CURR_00430,3726
050615_SEG_CURR_NEXT_00429,3727
050606_SEG_PREV_CURR_00179,3728
050606_SEG_CURR_NEXT_00178,3729
050615_SEG_CURR_NEXT_00421,3730
050615_SEG_PREV_CURR_00422,3731
050615_SEG_PREV_CURR_00421,3732
050615_SEG_CURR_NEXT_00420,3733
050308_SEG_TURN_00527,3734
050308_SEG_TURN_00665,3735
050308_SEG_CURR_NEXT_00664,3736
050308_SEG_PREV_CURR_00665,3737
050308_SEG_CURR_NEXT_00665,3738
050308_SEG_PREV_CURR_00666,3739
050615_SEG_TURN_01076,3740
050308_SEG_CURR_NEXT_00526,3741
050308_SEG_PREV_CURR_00527,3742
050308_SEG_PREV_CURR_00528,3743
050308_SEG_CURR_NEXT_00527,3744
050615_SEG_PREV_CURR_00496,3745
050615_SEG_CURR_NEXT_00495,3746
050615_SEG_TURN_00932,3747
050615_SEG_CURR_NEXT_00228,3748
050615_SEG_PREV_CURR_00229,3749
050615_SEG_TURN_00496,3750
050615_SEG_CURR_NEXT_00411,3751
050615_SEG_PREV_CURR_00412,3752
050615_SEG_TURN_00484,3753
050615_SEG_PREV_CURR_00933,3754
050615_SEG_CURR_NEXT_00932,3755
050615_SEG_CURR_NEXT_00484,3756
050615_SEG_PREV_CURR_00485,3757
050615_SEG_CURR_NEXT_00483,3758
050615_SEG_PREV_CURR_00484,3759
050615_SEG_TURN_00882,3760
050615_SEG_PREV_CURR_00932,3761
050615_SEG_CURR_NEXT_00931,3762
050615_SEG_PREV_CURR_00882,3763
050615_SEG_CURR_NEXT_00881,3764
050615_SEG_TURN_00784,3765
050615_SEG_PREV_CURR_00763,3766
050615_SEG_CURR_NEXT_00762,3767
050615_SEG_PREV_CURR_00759,3768
050615_SEG_CURR_NEXT_00758,3769
050615_SEG_CURR_NEXT_00761,3770
050615_SEG_PREV_CURR_00762,3771
050615_SEG_TURN_00774,3772
050615_SEG_TURN_00764,3773
050615_SEG_CURR_NEXT_00784,3774
050615_SEG_PREV_CURR_00785,3775
050615_SEG_CURR_NEXT_00783,3776
050615_SEG_PREV_CURR_00784,3777
050615_SEG_PREV_CURR_00764,3778
050615_SEG_CURR_NEXT_00763,3779
050615_SEG_CURR_NEXT_00774,3780
050615_SEG_PREV_CURR_00775,3781
050615_SEG_PREV_CURR_00774,3782
050615_SEG_CURR_NEXT_00773,3783
050615_SEG_CURR_NEXT_00764,3784
050615_SEG_PREV_CURR_00765,3785
050615_SEG_TURN_00758,3786
050615_SEG_CURR_NEXT_00757,3787
050615_SEG_PREV_CURR_00758,3788
050615_SEG_TURN_00777,3789
050615_SEG_CURR_NEXT_00776,3790
050615_SEG_PREV_CURR_00777,3791
050430_SEG_TURN_00243,3792
050615_SEG_CURR_NEXT_00777,3793
050615_SEG_CURR_NEXT_00807,3794
050615_SEG_PREV_CURR_00808,3795
050615_SEG_TURN_00805,3796
050615_SEG_CURR_NEXT_00806,3797
050615_SEG_PREV_CURR_00807,3798
050615_SEG_PREV_CURR_00806,3799
050615_SEG_CURR_NEXT_00805,3800
050615_SEG_PREV_CURR_00805,3801
050615_SEG_CURR_NEXT_00804,3802
050606_SEG_TURN_00117,3803
050606_SEG_PREV_CURR_00117,3804
050606_SEG_CURR_NEXT_00116,3805
050606_SEG_TURN_00545,3806
050606_SEG_CURR_NEXT_00545,3807
050606_SEG_PREV_CURR_00546,3808
050606_SEG_CURR_NEXT_00544,3809
050606_SEG_PREV_CURR_00545,3810
050606_SEG_PREV_CURR_00118,3811
050606_SEG_CURR_NEXT_00117,3812
050430_SEG_TURN_00227,3813
050308_SEG_TURN_00741,3814
050430_SEG_CURR_NEXT_00227,3815
050430_SEG_PREV_CURR_00228,3816
050308_SEG_TURN_00765,3817
050308_SEG_CURR_NEXT_00764,3818
050308_SEG_PREV_CURR_00765,3819
050308_SEG_CURR_NEXT_00740,3820
050308_SEG_PREV_CURR_00741,3821
050430_SEG_CURR_NEXT_00226,3822
050430_SEG_PREV_CURR_00227,3823
050308_SEG_TURN_00392,3824
050308_SEG_PREV_CURR_00392,3825
050492_SEG_TURN_01226,3826
050492_SEG_PREV_CURR_01226,3827
050492_SEG_CURR_NEXT_01225,3828
050615_SEG_TURN_00957,3829
050492_SEG_PREV_CURR_01227,3830
050492_SEG_CURR_NEXT_01226,3831
050615_SEG_PREV_CURR_00957,3832
050615_SEG_CURR_NEXT_00956,3833
050615_SEG_PREV_CURR_00958,3834
050615_SEG_CURR_NEXT_00957,3835
050615_SEG_TURN_01500,3836
050350_SEG_TURN_01260,3837
050430_SEG_TURN_00583,3838
050492_SEG_TURN_00826,3839
050430_SEG_PREV_CURR_00583,3840
050430_SEG_CURR_NEXT_00582,3841
050606_SEG_TURN_01572,3842
050615_SEG_CURR_NEXT_01499,3843
050615_SEG_PREV_CURR_01500,3844
050606_SEG_PREV_CURR_01572,3845
050606_SEG_CURR_NEXT_01571,3846
050615_SEG_PREV_CURR_01501,3847
050615_SEG_CURR_NEXT_01500,3848
050606_SEG_TURN_01348,3849
050606_SEG_CURR_NEXT_01572,3850
050606_SEG_PREV_CURR_01573,3851
050606_SEG_CURR_NEXT_01348,3852
050606_SEG_PREV_CURR_01349,3853
050350_SEG_PREV_CURR_01260,3854
050350_SEG_CURR_NEXT_01259,3855
050430_SEG_PREV_CURR_00584,3856
050430_SEG_CURR_NEXT_00583,3857
050430_SEG_TURN_00731,3858
050430_SEG_CURR_NEXT_00730,3859
050430_SEG_PREV_CURR_00731,3860
050308_SEG_TURN_00595,3861
050430_SEG_TURN_01035,3862
050492_SEG_CURR_NEXT_00826,3863
050492_SEG_PREV_CURR_00827,3864
050350_SEG_TURN_00856,3865
050308_SEG_TURN_00599,3866
050308_SEG_CURR_NEXT_00599,3867
050308_SEG_PREV_CURR_00600,3868
050615_SEG_TURN_01362,3869
050308_SEG_PREV_CURR_00599,3870
050308_SEG_CURR_NEXT_00598,3871
050615_SEG_PREV_CURR_01363,3872
050615_SEG_CURR_NEXT_01362,3873
050615_SEG_PREV_CURR_01362,3874
050615_SEG_CURR_NEXT_01361,3875
050615_SEG_TURN_00072,3876
050615_SEG_PREV_CURR_00072,3877
050615_SEG_CURR_NEXT_00071,3878
050308_SEG_TURN_00841,3879
050615_SEG_TURN_01503,3880
050606_SEG_PREV_CURR_00745,3881
050606_SEG_CURR_NEXT_00744,3882
050615_SEG_PREV_CURR_01504,3883
050615_SEG_CURR_NEXT_01503,3884
050615_SEG_TURN_00076,3885
050615_SEG_PREV_CURR_01503,3886
050615_SEG_CURR_NEXT_01502,3887
050615_SEG_CURR_NEXT_00076,3888
050615_SEG_PREV_CURR_00077,3889
050615_SEG_CURR_NEXT_00072,3890
050615_SEG_PREV_CURR_00073,3891
050308_SEG_CURR_NEXT_00840,3892
050308_SEG_PREV_CURR_00841,3893
050606_SEG_TURN_00744,3894
050615_SEG_TURN_00495,3895
050615_SEG_PREV_CURR_00076,3896
050615_SEG_CURR_NEXT_00075,3897
050308_SEG_PREV_CURR_00842,3898
050308_SEG_CURR_NEXT_00841,3899
050615_SEG_TURN_00368,3900
050606_SEG_PREV_CURR_00744,3901
050606_SEG_CURR_NEXT_00743,3902
050615_SEG_CURR_NEXT_00494,3903
050615_SEG_PREV_CURR_00495,3904
050350_SEG_TURN_01056,3905
050606_SEG_TURN_01401,3906
050350_SEG_CURR_NEXT_01056,3907
050350_SEG_PREV_CURR_01057,3908
050350_SEG_CURR_NEXT_01055,3909
050350_SEG_PREV_CURR_01056,3910
050606_SEG_PREV_CURR_01402,3911
050606_SEG_CURR_NEXT_01401,3912
050492_SEG_TURN_00009,3913
050492_SEG_TURN_00664,3914
050492_SEG_TURN_00110,3915
050492_SEG_PREV_CURR_00665,3916
050492_SEG_CURR_NEXT_00664,3917
050492_SEG_PREV_CURR_00111,3918
050492_SEG_CURR_NEXT_00110,3919
050430_SEG_TURN_00687,3920
050492_SEG_CURR_NEXT_00663,3921
050492_SEG_PREV_CURR_00664,3922
050430_SEG_CURR_NEXT_00686,3923
050430_SEG_PREV_CURR_00687,3924
050492_SEG_PREV_CURR_00110,3925
050492_SEG_CURR_NEXT_00109,3926
050350_SEG_CURR_NEXT_01340,3927
050350_SEG_PREV_CURR_01341,3928
050350_SEG_TURN_01340,3929
050350_SEG_CURR_NEXT_01339,3930
050350_SEG_PREV_CURR_01340,3931
050430_SEG_PREV_CURR_00688,3932
050430_SEG_CURR_NEXT_00687,3933
050606_SEG_TURN_00453,3934
050430_SEG_TURN_00819,3935
050430_SEG_PREV_CURR_00819,3936
050430_SEG_CURR_NEXT_00818,3937
050492_SEG_TURN_00616,3938
050492_SEG_PREV_CURR_00616,3939
050492_SEG_CURR_NEXT_00615,3940
050606_SEG_PREV_CURR_00454,3941
050606_SEG_CURR_NEXT_00453,3942
050430_SEG_CURR_NEXT_00819,3943
050430_SEG_PREV_CURR_00820,3944
050606_SEG_PREV_CURR_00453,3945
050606_SEG_CURR_NEXT_00452,3946
050492_SEG_PREV_CURR_00617,3947
050492_SEG_CURR_NEXT_00616,3948
050615_SEG_TURN_00721,3949
052423_SEG_TURN_01536,3950
052423_SEG_TURN_00275,3951
052423_SEG_TURN_01530,3952
052423_SEG_TURN_00269,3953
052423_SEG_TURN_01534,3954
052423_SEG_TURN_00271,3955
052423_SEG_CURR_NEXT_01530,3956
052423_SEG_PREV_CURR_01531,3957
052423_SEG_TURN_01538,3958
052229_SEG_TURN_00733,3959
052423_SEG_CURR_NEXT_01529,3960
052423_SEG_PREV_CURR_01530,3961
052423_SEG_PREV_CURR_00269,3962
052423_SEG_CURR_NEXT_00268,3963
052423_SEG_CURR_NEXT_01533,3964
052423_SEG_PREV_CURR_01534,3965
052229_SEG_PREV_CURR_00733,3966
052229_SEG_CURR_NEXT_00732,3967
052423_SEG_TURN_00273,3968
052423_SEG_CURR_NEXT_00275,3969
052423_SEG_PREV_CURR_00276,3970
052423_SEG_PREV_CURR_01537,3971
052423_SEG_CURR_NEXT_01536,3972
052423_SEG_PREV_CURR_01538,3973
052423_SEG_CURR_NEXT_01537,3974
052423_SEG_PREV_CURR_01535,3975
052423_SEG_CURR_NEXT_01534,3976
052423_SEG_PREV_CURR_01536,3977
052423_SEG_CURR_NEXT_01535,3978
052423_SEG_PREV_CURR_00270,3979
052423_SEG_CURR_NEXT_00269,3980
052423_SEG_PREV_CURR_00271,3981
052423_SEG_CURR_NEXT_00270,3982
052423_SEG_TURN_00001,3983
052423_SEG_CURR_NEXT_00271,3984
052423_SEG_PREV_CURR_00272,3985
052556_SEG_TURN_00741,3986
052423_SEG_CURR_NEXT_01531,3987
052423_SEG_PREV_CURR_01532,3988
052423_SEG_PREV_CURR_00273,3989
052423_SEG_CURR_NEXT_00272,3990
052423_SEG_TURN_01532,3991
052556_SEG_TURN_00825,3992
052423_SEG_CURR_NEXT_00274,3993
052423_SEG_PREV_CURR_00275,3994
052423_SEG_CURR_NEXT_01532,3995
052423_SEG_PREV_CURR_01533,3996
052423_SEG_TURN_00268,3997
052423_SEG_TURN_01531,3998
052423_SEG_PREV_CURR_00274,3999
052315_SEG_TURN_00276,4000
052315_SEG_PREV_CURR_00277,4001
052315_SEG_CURR_NEXT_00276,4002
052315_SEG_CURR_NEXT_00275,4003
052315_SEG_PREV_CURR_00276,4004
052315_SEG_TURN_00278,4005
052315_SEG_PREV_CURR_00278,4006
052315_SEG_CURR_NEXT_00277,4007
052315_SEG_PREV_CURR_00279,4008
052315_SEG_CURR_NEXT_00278,4009
052493_SEG_TURN_00283,4010
052229_SEG_TURN_00111,4011
052315_SEG_TURN_00997,4012
052229_SEG_PREV_CURR_00112,4013
052229_SEG_CURR_NEXT_00111,4014
052423_SEG_TURN_01197,4015
052423_SEG_PREV_CURR_01197,4016
052423_SEG_CURR_NEXT_01196,4017
052423_SEG_CURR_NEXT_01197,4018
052423_SEG_PREV_CURR_01198,4019
052315_SEG_CURR_NEXT_00996,4020
052315_SEG_PREV_CURR_00997,4021
052280_SEG_TURN_00038,4022
052423_SEG_TURN_00260,4023
052229_SEG_CURR_NEXT_00110,4024
052229_SEG_PREV_CURR_00111,4025
052556_SEG_TURN_00599,4026
052315_SEG_PREV_CURR_00998,4027
052315_SEG_CURR_NEXT_00997,4028
052493_SEG_CURR_NEXT_00282,4029
052493_SEG_PREV_CURR_00283,4030
052423_SEG_TURN_00294,4031
052364_SEG_TURN_00998,4032
052423_SEG_PREV_CURR_00294,4033
052423_SEG_CURR_NEXT_00293,4034
052423_SEG_CURR_NEXT_00294,4035
052423_SEG_PREV_CURR_00295,4036
052493_SEG_TURN_00537,4037
052364_SEG_TURN_00652,4038
052280_SEG_CURR_NEXT_00037,4039
052280_SEG_PREV_CURR_00038,4040
052364_SEG_PREV_CURR_00998,4041
052364_SEG_CURR_NEXT_00997,4042
052280_SEG_CURR_NEXT_00038,4043
052280_SEG_PREV_CURR_00039,4044
052493_SEG_PREV_CURR_00284,4045
052493_SEG_CURR_NEXT_00283,4046
052493_SEG_PREV_CURR_00538,4047
052493_SEG_CURR_NEXT_00537,4048
052364_SEG_PREV_CURR_00999,4049
052493_SEG_TURN_01087,4050
052556_SEG_TURN_00531,4051
052556_SEG_CURR_NEXT_00531,4052
052556_SEG_PREV_CURR_00532,4053
052280_SEG_TURN_01120,4054
052423_SEG_PREV_CURR_01029,4055
052423_SEG_CURR_NEXT_01028,4056
052493_SEG_CURR_NEXT_01087,4057
052493_SEG_PREV_CURR_01088,4058
052423_SEG_TURN_01082,4059
052423_SEG_TURN_01086,4060
052315_SEG_TURN_00067,4061
052423_SEG_TURN_01019,4062
052315_SEG_TURN_01179,4063
052423_SEG_TURN_01080,4064
052423_SEG_TURN_01021,4065
052423_SEG_TURN_01005,4066
052315_SEG_CURR_NEXT_00066,4067
052315_SEG_PREV_CURR_00067,4068
052423_SEG_TURN_01138,4069
052493_SEG_PREV_CURR_01087,4070
052493_SEG_CURR_NEXT_01086,4071
052423_SEG_TURN_01028,4072
052315_SEG_TURN_01181,4073
052423_SEG_TURN_00995,4074
052423_SEG_PREV_CURR_00996,4075
052423_SEG_CURR_NEXT_00995,4076
052423_SEG_CURR_NEXT_01027,4077
052423_SEG_PREV_CURR_01028,4078
052423_SEG_TURN_01094,4079
052423_SEG_TURN_01016,4080
052423_SEG_TURN_01029,4081
052315_SEG_TURN_01185,4082
052423_SEG_TURN_01011,4083
052423_SEG_TURN_01007,4084
052315_SEG_TURN_00075,4085
052423_SEG_PREV_CURR_01080,4086
052423_SEG_CURR_NEXT_01079,4087
052423_SEG_PREV_CURR_00995,4088
052423_SEG_CURR_NEXT_00994,4089
052423_SEG_TURN_00999,4090
052423_SEG_CURR_NEXT_01004,4091
052423_SEG_PREV_CURR_01005,4092
052423_SEG_PREV_CURR_01006,4093
052423_SEG_CURR_NEXT_01005,4094
052315_SEG_TURN_01319,4095
052556_SEG_TURN_00777,4096
052423_SEG_PREV_CURR_01007,4097
052423_SEG_CURR_NEXT_01006,4098
052315_SEG_PREV_CURR_01182,4099
052315_SEG_TURN_01339,4100
052315_SEG_CURR_NEXT_01339,4101
052315_SEG_PREV_CURR_01340,4102
052315_SEG_PREV_CURR_01339,4103
052315_SEG_CURR_NEXT_01338,4104
052556_SEG_TURN_00904,4105
052556_SEG_PREV_CURR_00904,4106
052556_SEG_CURR_NEXT_00903,4107
052315_SEG_TURN_01304,4108
052315_SEG_CURR_NEXT_01304,4109
052315_SEG_PREV_CURR_01305,4110
052315_SEG_PREV_CURR_01304,4111
052315_SEG_CURR_NEXT_01303,4112
052364_SEG_TURN_00185,4113
052364_SEG_TURN_00618,4114
052556_SEG_CURR_NEXT_00904,4115
052556_SEG_PREV_CURR_00905,4116
052364_SEG_CURR_NEXT_00618,4117
052364_SEG_PREV_CURR_00619,4118
052364_SEG_TURN_00506,4119
052364_SEG_PREV_CURR_00618,4120
052364_SEG_CURR_NEXT_00617,4121
052556_SEG_TURN_00813,4122
052364_SEG_CURR_NEXT_00185,4123
052364_SEG_PREV_CURR_00186,4124
052556_SEG_TURN_00587,4125
052280_SEG_CURR_NEXT_00623,4126
052280_SEG_PREV_CURR_00624,4127
052364_SEG_TURN_01023,4128
052364_SEG_CURR_NEXT_00505,4129
052364_SEG_PREV_CURR_00506,4130
052364_SEG_PREV_CURR_00507,4131
052364_SEG_CURR_NEXT_00506,4132
052556_SEG_CURR_NEXT_00587,4133
052556_SEG_PREV_CURR_00588,4134
052364_SEG_TURN_00196,4135
052280_SEG_TURN_00623,4136
052280_SEG_TURN_00624,4137
052364_SEG_CURR_NEXT_00184,4138
052364_SEG_PREV_CURR_00185,4139
052280_SEG_TURN_00813,4140
052364_SEG_TURN_00453,4141
052556_SEG_CURR_NEXT_00812,4142
052556_SEG_PREV_CURR_00813,4143
052315_SEG_TURN_01335,4144
052556_SEG_PREV_CURR_00814,4145
052556_SEG_CURR_NEXT_00813,4146
052280_SEG_TURN_00428,4147
052556_SEG_CURR_NEXT_00586,4148
052556_SEG_PREV_CURR_00587,4149
052315_SEG_TURN_01051,4150
052315_SEG_CURR_NEXT_01051,4151
052315_SEG_PREV_CURR_01052,4152
052315_SEG_CURR_NEXT_01050,4153
052315_SEG_PREV_CURR_01051,4154
052315_SEG_TURN_01029,4155
052315_SEG_TURN_01039,4156
052315_SEG_CURR_NEXT_01038,4157
052315_SEG_PREV_CURR_01039,4158
052315_SEG_CURR_NEXT_01039,4159
052315_SEG_PREV_CURR_01040,4160
052364_SEG_TURN_01176,4161
052315_SEG_PREV_CURR_01030,4162
052315_SEG_CURR_NEXT_01029,4163
052315_SEG_PREV_CURR_01029,4164
052315_SEG_CURR_NEXT_01028,4165
052423_SEG_TURN_00754,4166
052423_SEG_TURN_00752,4167
052423_SEG_CURR_NEXT_00753,4168
052423_SEG_PREV_CURR_00754,4169
052423_SEG_CURR_NEXT_00754,4170
052423_SEG_PREV_CURR_00755,4171
052423_SEG_PREV_CURR_00752,4172
052423_SEG_CURR_NEXT_00751,4173
052315_SEG_CURR_NEXT_01036,4174
052315_SEG_PREV_CURR_01037,4175
052423_SEG_PREV_CURR_00753,4176
052423_SEG_CURR_NEXT_00752,4177
052423_SEG_TURN_00413,4178
052364_SEG_CURR_NEXT_01175,4179
052364_SEG_PREV_CURR_01176,4180
052364_SEG_TURN_00368,4181
052315_SEG_TURN_01036,4182
052364_SEG_TURN_00372,4183
052423_SEG_PREV_CURR_00413,4184
052423_SEG_CURR_NEXT_00412,4185
052364_SEG_TURN_00376,4186
052315_SEG_PREV_CURR_01036,4187
052315_SEG_CURR_NEXT_01035,4188
052364_SEG_PREV_CURR_01177,4189
052364_SEG_CURR_NEXT_01176,4190
052364_SEG_CURR_NEXT_00368,4191
052364_SEG_PREV_CURR_00369,4192
052423_SEG_TURN_00748,4193
052423_SEG_PREV_CURR_00414,4194
052423_SEG_CURR_NEXT_00413,4195
052556_SEG_TURN_00729,4196
052556_SEG_PREV_CURR_00730,4197
052556_SEG_CURR_NEXT_00729,4198
052556_SEG_CURR_NEXT_00728,4199
052423_SEG_CURR_NEXT_00627,4200
052423_SEG_PREV_CURR_00628,4201
052423_SEG_TURN_00406,4202
052423_SEG_TURN_00051,4203
052423_SEG_TURN_01198,4204
052423_SEG_TURN_00494,4205
052423_SEG_TURN_00492,4206
052423_SEG_TURN_00866,4207
052423_SEG_TURN_00606,4208
052423_SEG_TURN_00041,4209
052423_SEG_TURN_01196,4210
052423_SEG_TURN_00628,4211
052423_SEG_TURN_00860,4212
052423_SEG_TURN_01432,4213
052423_SEG_TURN_00862,4214
052423_SEG_TURN_00727,4215
052423_SEG_TURN_00627,4216
052423_SEG_TURN_01035,4217
052423_SEG_TURN_00842,4218
052423_SEG_PREV_CURR_00627,4219
052423_SEG_CURR_NEXT_00626,4220
052423_SEG_TURN_00071,4221
052423_SEG_TURN_00047,4222
052423_SEG_TURN_00039,4223
052423_SEG_TURN_00735,4224
052423_SEG_TURN_00719,4225
052423_SEG_TURN_00077,4226
052423_SEG_TURN_00620,4227
052423_SEG_TURN_00323,4228
052423_SEG_TURN_00838,4229
052423_SEG_TURN_00858,4230
052423_SEG_TURN_00490,4231
052423_SEG_TURN_00600,4232
052423_SEG_TURN_00081,4233
052423_SEG_TURN_00053,4234
052423_SEG_TURN_00614,4235
052423_SEG_TURN_00027,4236
052423_SEG_TURN_01322,4237
052423_SEG_TURN_00733,4238
052423_SEG_TURN_01318,4239
052423_SEG_TURN_00634,4240
052423_SEG_TURN_00940,4241
052423_SEG_TURN_00045,4242
052423_SEG_TURN_00049,4243
052423_SEG_TURN_00035,4244
052423_SEG_TURN_00608,4245
052423_SEG_TURN_01324,4246
052423_SEG_TURN_00360,4247
052423_SEG_TURN_01430,4248
052423_SEG_TURN_00638,4249
052423_SEG_TURN_00277,4250
052423_SEG_PREV_CURR_00277,4251
052423_SEG_CURR_NEXT_00276,4252
052423_SEG_CURR_NEXT_00277,4253
052423_SEG_PREV_CURR_00278,4254
052423_SEG_TURN_00276,4255
052423_SEG_TURN_00093,4256
052423_SEG_TURN_00298,4257
052423_SEG_CURR_NEXT_00092,4258
052423_SEG_PREV_CURR_00093,4259
052423_SEG_TURN_00007,4260
052423_SEG_CURR_NEXT_00007,4261
052423_SEG_PREV_CURR_00008,4262
052423_SEG_CURR_NEXT_00006,4263
052423_SEG_PREV_CURR_00007,4264
052423_SEG_TURN_00315,4265
052423_SEG_PREV_CURR_00299,4266
052423_SEG_CURR_NEXT_00298,4267
052423_SEG_CURR_NEXT_00297,4268
052423_SEG_PREV_CURR_00298,4269
052423_SEG_CURR_NEXT_00315,4270
052423_SEG_PREV_CURR_00316,4271
052423_SEG_CURR_NEXT_00093,4272
052423_SEG_PREV_CURR_00094,4273
052423_SEG_CURR_NEXT_00314,4274
052423_SEG_PREV_CURR_00315,4275
052423_SEG_TURN_01491,4276
052423_SEG_TURN_00304,4277
052423_SEG_PREV_CURR_01491,4278
052423_SEG_CURR_NEXT_01490,4279
052423_SEG_TURN_01049,4280
052423_SEG_CURR_NEXT_00303,4281
052423_SEG_PREV_CURR_00304,4282
052423_SEG_CURR_NEXT_01048,4283
052423_SEG_PREV_CURR_01049,4284
052423_SEG_PREV_CURR_00305,4285
052423_SEG_CURR_NEXT_00304,4286
052423_SEG_PREV_CURR_01492,4287
052423_SEG_CURR_NEXT_01491,4288
052556_SEG_TURN_00088,4289
052423_SEG_TURN_00737,4290
052556_SEG_CURR_NEXT_00088,4291
052556_SEG_PREV_CURR_00089,4292
052423_SEG_TURN_01482,4293
052423_SEG_CURR_NEXT_01049,4294
052423_SEG_PREV_CURR_01050,4295
052423_SEG_PREV_CURR_01483,4296
052423_SEG_CURR_NEXT_01482,4297
052229_SEG_TURN_00480,4298
052229_SEG_CURR_NEXT_00480,4299
052229_SEG_PREV_CURR_00481,4300
052229_SEG_CURR_NEXT_00479,4301
052229_SEG_PREV_CURR_00480,4302
052229_SEG_TURN_01199,4303
052229_SEG_TURN_00478,4304
052229_SEG_CURR_NEXT_00478,4305
052229_SEG_PREV_CURR_00479,4306
052229_SEG_CURR_NEXT_00477,4307
052229_SEG_PREV_CURR_00478,4308
052229_SEG_TURN_00470,4309
052229_SEG_TURN_00466,4310
052423_SEG_TURN_01300,4311
052229_SEG_CURR_NEXT_01199,4312
052229_SEG_PREV_CURR_01200,4313
052229_SEG_PREV_CURR_00467,4314
052229_SEG_CURR_NEXT_00466,4315
052229_SEG_PREV_CURR_00470,4316
052229_SEG_CURR_NEXT_00469,4317
052423_SEG_TURN_00130,4318
052229_SEG_TURN_01189,4319
052229_SEG_CURR_NEXT_01188,4320
052229_SEG_PREV_CURR_01189,4321
052229_SEG_PREV_CURR_01190,4322
052229_SEG_CURR_NEXT_01189,4323
052229_SEG_PREV_CURR_00471,4324
052229_SEG_CURR_NEXT_00470,4325
052423_SEG_CURR_NEXT_00130,4326
052423_SEG_PREV_CURR_00131,4327
052229_SEG_TURN_01187,4328
052229_SEG_CURR_NEXT_01187,4329
052229_SEG_PREV_CURR_01188,4330
052229_SEG_CURR_NEXT_01186,4331
052229_SEG_PREV_CURR_01187,4332
052423_SEG_TURN_00479,4333
052423_SEG_TURN_01009,4334
052229_SEG_PREV_CURR_00466,4335
052229_SEG_CURR_NEXT_00465,4336
052280_SEG_TURN_00989,4337
052315_SEG_TURN_00189,4338
052556_SEG_TURN_00914,4339
052423_SEG_TURN_00815,4340
052423_SEG_PREV_CURR_00479,4341
052423_SEG_CURR_NEXT_00478,4342
052556_SEG_CURR_NEXT_00913,4343
052556_SEG_PREV_CURR_00914,4344
052423_SEG_TURN_00127,4345
052423_SEG_CURR_NEXT_01008,4346
052423_SEG_PREV_CURR_01009,4347
052229_SEG_TURN_01049,4348
052229_SEG_CURR_NEXT_01048,4349
052229_SEG_PREV_CURR_01049,4350
052229_SEG_CURR_NEXT_01049,4351
052229_SEG_PREV_CURR_01050,4352
052493_SEG_TURN_01239,4353
052315_SEG_TURN_00435,4354
052556_SEG_TURN_00879,4355
052556_SEG_TURN_00783,4356
052556_SEG_CURR_NEXT_00782,4357
052556_SEG_PREV_CURR_00783,4358
052556_SEG_TURN_00525,4359
052556_SEG_TURN_00857,4360
052556_SEG_PREV_CURR_00879,4361
052556_SEG_CURR_NEXT_00878,4362
052556_SEG_CURR_NEXT_00783,4363
052556_SEG_PREV_CURR_00784,4364
052493_SEG_TURN_01251,4365
052423_SEG_TURN_00167,4366
052556_SEG_TURN_00355,4367
052556_SEG_PREV_CURR_00525,4368
052556_SEG_CURR_NEXT_00524,4369
052493_SEG_TURN_01237,4370
052556_SEG_TURN_00839,4371
052493_SEG_CURR_NEXT_01239,4372
052493_SEG_PREV_CURR_01240,4373
052493_SEG_PREV_CURR_01239,4374
052493_SEG_CURR_NEXT_01238,4375
052315_SEG_TURN_01175,4376
052423_SEG_TURN_00744,4377
052556_SEG_PREV_CURR_00839,4378
052556_SEG_CURR_NEXT_00838,4379
052493_SEG_TURN_01247,4380
052556_SEG_TURN_00382,4381
052493_SEG_CURR_NEXT_01236,4382
052493_SEG_PREV_CURR_01237,4383
052423_SEG_CURR_NEXT_00167,4384
052423_SEG_PREV_CURR_00168,4385
052423_SEG_TURN_01101,4386
052493_SEG_PREV_CURR_01238,4387
052493_SEG_CURR_NEXT_01237,4388
052315_SEG_CURR_NEXT_01174,4389
052315_SEG_PREV_CURR_01175,4390
052364_SEG_TURN_01158,4391
052315_SEG_TURN_00850,4392
052229_SEG_TURN_01118,4393
052229_SEG_TURN_01110,4394
052229_SEG_PREV_CURR_01119,4395
052229_SEG_CURR_NEXT_01118,4396
052229_SEG_PREV_CURR_01118,4397
052229_SEG_CURR_NEXT_01117,4398
052229_SEG_PREV_CURR_01111,4399
052229_SEG_CURR_NEXT_01110,4400
052229_SEG_CURR_NEXT_01109,4401
052229_SEG_PREV_CURR_01110,4402
052229_SEG_TURN_01106,4403
052229_SEG_PREV_CURR_01107,4404
052229_SEG_CURR_NEXT_01106,4405
052229_SEG_TURN_01104,4406
052229_SEG_PREV_CURR_01106,4407
052229_SEG_CURR_NEXT_01105,4408
052229_SEG_CURR_NEXT_01104,4409
052229_SEG_PREV_CURR_01105,4410
052229_SEG_TURN_01100,4411
052229_SEG_CURR_NEXT_01103,4412
052229_SEG_PREV_CURR_01104,4413
052229_SEG_CURR_NEXT_01099,4414
052229_SEG_PREV_CURR_01100,4415
052229_SEG_PREV_CURR_01101,4416
052229_SEG_CURR_NEXT_01100,4417
052229_SEG_TURN_01108,4418
052229_SEG_PREV_CURR_01108,4419
052229_SEG_CURR_NEXT_01107,4420
052229_SEG_CURR_NEXT_01108,4421
052229_SEG_PREV_CURR_01109,4422
052229_SEG_TURN_01112,4423
052229_SEG_TURN_01098,4424
052229_SEG_CURR_NEXT_01098,4425
052229_SEG_PREV_CURR_01099,4426
052229_SEG_PREV_CURR_01098,4427
052229_SEG_CURR_NEXT_01097,4428
052229_SEG_CURR_NEXT_01111,4429
052229_SEG_PREV_CURR_01112,4430
052229_SEG_PREV_CURR_01113,4431
052229_SEG_CURR_NEXT_01112,4432
052229_SEG_TURN_01114,4433
052229_SEG_CURR_NEXT_01113,4434
052229_SEG_PREV_CURR_01114,4435
052229_SEG_PREV_CURR_01115,4436
052229_SEG_CURR_NEXT_01114,4437
052423_SEG_TURN_00790,4438
052556_SEG_TURN_00917,4439
052423_SEG_CURR_NEXT_00789,4440
052423_SEG_PREV_CURR_00790,4441
052423_SEG_PREV_CURR_00791,4442
052229_SEG_TURN_00218,4443
052229_SEG_CURR_NEXT_00218,4444
052229_SEG_PREV_CURR_00219,4445
052229_SEG_CURR_NEXT_00217,4446
052229_SEG_PREV_CURR_00218,4447
052229_SEG_TURN_00367,4448
052229_SEG_PREV_CURR_00368,4449
052229_SEG_CURR_NEXT_00367,4450
052364_SEG_TURN_00161,4451
052229_SEG_TURN_00307,4452
052229_SEG_TURN_00287,4453
052364_SEG_CURR_NEXT_00160,4454
052364_SEG_PREV_CURR_00161,4455
052364_SEG_PREV_CURR_00162,4456
052364_SEG_CURR_NEXT_00161,4457
052229_SEG_PREV_CURR_00367,4458
052229_SEG_CURR_NEXT_00366,4459
052229_SEG_TURN_00342,4460
052423_SEG_TURN_00210,4461
052229_SEG_CURR_NEXT_00342,4462
052229_SEG_PREV_CURR_00343,4463
052229_SEG_TURN_00028,4464
052229_SEG_CURR_NEXT_00028,4465
052229_SEG_PREV_CURR_00029,4466
052229_SEG_PREV_CURR_00342,4467
052229_SEG_CURR_NEXT_00341,4468
052229_SEG_TURN_00265,4469
052423_SEG_CURR_NEXT_00210,4470
052423_SEG_PREV_CURR_00211,4471
052229_SEG_TURN_00167,4472
052229_SEG_CURR_NEXT_00166,4473
052229_SEG_PREV_CURR_00167,4474
052229_SEG_PREV_CURR_00288,4475
052229_SEG_CURR_NEXT_00287,4476
052280_SEG_TURN_00861,4477
052229_SEG_CURR_NEXT_00027,4478
052229_SEG_PREV_CURR_00028,4479
052229_SEG_TURN_00356,4480
052229_SEG_CURR_NEXT_00307,4481
052229_SEG_PREV_CURR_00308,4482
052229_SEG_PREV_CURR_00168,4483
052229_SEG_CURR_NEXT_00167,4484
052229_SEG_PREV_CURR_00266,4485
052229_SEG_CURR_NEXT_00265,4486
052229_SEG_TURN_00065,4487
052423_SEG_PREV_CURR_00210,4488
052423_SEG_CURR_NEXT_00209,4489
052364_SEG_TURN_00305,4490
052364_SEG_PREV_CURR_00306,4491
052364_SEG_CURR_NEXT_00305,4492
052229_SEG_TURN_00315,4493
052229_SEG_CURR_NEXT_00315,4494
052229_SEG_PREV_CURR_00316,4495
052229_SEG_TURN_00290,4496
052229_SEG_TURN_00193,4497
052423_SEG_TURN_00190,4498
052423_SEG_PREV_CURR_00190,4499
052423_SEG_CURR_NEXT_00189,4500
052229_SEG_CURR_NEXT_00193,4501
052229_SEG_PREV_CURR_00194,4502
052229_SEG_CURR_NEXT_00192,4503
052229_SEG_PREV_CURR_00193,4504
052423_SEG_CURR_NEXT_00190,4505
052423_SEG_PREV_CURR_00191,4506
052423_SEG_TURN_00208,4507
052493_SEG_TURN_00009,4508
052423_SEG_TURN_00200,4509
052423_SEG_PREV_CURR_00208,4510
052423_SEG_CURR_NEXT_00207,4511
052229_SEG_PREV_CURR_00290,4512
052229_SEG_CURR_NEXT_00289,4513
052229_SEG_TURN_00276,4514
052229_SEG_TURN_00137,4515
052229_SEG_TURN_00969,4516
052229_SEG_TURN_00416,4517
052229_SEG_CURR_NEXT_00290,4518
052229_SEG_PREV_CURR_00291,4519
052556_SEG_TURN_00013,4520
052229_SEG_CURR_NEXT_00276,4521
052229_SEG_PREV_CURR_00277,4522
052229_SEG_PREV_CURR_00138,4523
052229_SEG_CURR_NEXT_00137,4524
052423_SEG_CURR_NEXT_00199,4525
052423_SEG_PREV_CURR_00200,4526
052423_SEG_PREV_CURR_00201,4527
052423_SEG_CURR_NEXT_00200,4528
052229_SEG_CURR_NEXT_00275,4529
052229_SEG_PREV_CURR_00276,4530
052229_SEG_PREV_CURR_00417,4531
052229_SEG_CURR_NEXT_00416,4532
052229_SEG_PREV_CURR_00416,4533
052229_SEG_CURR_NEXT_00415,4534
052229_SEG_CURR_NEXT_00968,4535
052229_SEG_PREV_CURR_00969,4536
052280_SEG_TURN_00008,4537
052315_SEG_TURN_00101,4538
052229_SEG_PREV_CURR_00970,4539
052229_SEG_CURR_NEXT_00969,4540
052315_SEG_PREV_CURR_00101,4541
052315_SEG_CURR_NEXT_00100,4542
052229_SEG_TURN_00980,4543
052229_SEG_TURN_00973,4544
052229_SEG_PREV_CURR_00974,4545
052229_SEG_CURR_NEXT_00973,4546
052229_SEG_PREV_CURR_00973,4547
052229_SEG_CURR_NEXT_00972,4548
052229_SEG_TURN_00977,4549
052229_SEG_PREV_CURR_00977,4550
052229_SEG_CURR_NEXT_00976,4551
052315_SEG_TURN_00505,4552
052229_SEG_CURR_NEXT_00980,4553
052229_SEG_PREV_CURR_00981,4554
052229_SEG_CURR_NEXT_00979,4555
052229_SEG_PREV_CURR_00980,4556
052493_SEG_TURN_00385,4557
052229_SEG_PREV_CURR_00978,4558
052229_SEG_CURR_NEXT_00977,4559
052315_SEG_CURR_NEXT_00581,4560
052315_SEG_PREV_CURR_00582,4561
052423_SEG_TURN_00794,4562
052315_SEG_PREV_CURR_00510,4563
052315_SEG_CURR_NEXT_00509,4564
052423_SEG_CURR_NEXT_00793,4565
052423_SEG_PREV_CURR_00794,4566
052315_SEG_CURR_NEXT_00505,4567
052315_SEG_PREV_CURR_00506,4568
052280_SEG_TURN_00809,4569
052229_SEG_TURN_00985,4570
052315_SEG_TURN_00581,4571
052315_SEG_CURR_NEXT_00504,4572
052315_SEG_PREV_CURR_00505,4573
052229_SEG_TURN_00971,4574
052229_SEG_PREV_CURR_00972,4575
052229_SEG_CURR_NEXT_00971,4576
052315_SEG_TURN_00510,4577
052229_SEG_CURR_NEXT_00984,4578
052229_SEG_PREV_CURR_00985,4579
052315_SEG_PREV_CURR_00581,4580
052315_SEG_CURR_NEXT_00580,4581
052229_SEG_PREV_CURR_00986,4582
052229_SEG_CURR_NEXT_00985,4583
052229_SEG_PREV_CURR_00971,4584
052229_SEG_CURR_NEXT_00970,4585
052229_SEG_TURN_00979,4586
052315_SEG_TURN_00509,4587
052423_SEG_TURN_01213,4588
052315_SEG_TURN_00582,4589
052229_SEG_TURN_00332,4590
052229_SEG_PREV_CURR_00333,4591
052229_SEG_CURR_NEXT_00332,4592
052315_SEG_TURN_00697,4593
052423_SEG_TURN_00652,4594
052315_SEG_PREV_CURR_00697,4595
052315_SEG_CURR_NEXT_00696,4596
052423_SEG_CURR_NEXT_00651,4597
052423_SEG_PREV_CURR_00652,4598
052423_SEG_CURR_NEXT_00652,4599
052423_SEG_PREV_CURR_00653,4600
052315_SEG_PREV_CURR_00698,4601
052315_SEG_CURR_NEXT_00697,4602
052229_SEG_TURN_00010,4603
052315_SEG_TURN_00493,4604
052423_SEG_TURN_01434,4605
052229_SEG_CURR_NEXT_00010,4606
052229_SEG_PREV_CURR_00011,4607
052315_SEG_PREV_CURR_00493,4608
052315_SEG_CURR_NEXT_00492,4609
052556_SEG_TURN_00247,4610
052315_SEG_TURN_00503,4611
052229_SEG_TURN_00975,4612
052229_SEG_CURR_NEXT_00974,4613
052229_SEG_PREV_CURR_00975,4614
052229_SEG_PREV_CURR_00976,4615
052229_SEG_CURR_NEXT_00975,4616
052315_SEG_TURN_01071,4617
052315_SEG_CURR_NEXT_01070,4618
052315_SEG_PREV_CURR_01071,4619
052315_SEG_TURN_00574,4620
052315_SEG_PREV_CURR_00575,4621
052315_SEG_CURR_NEXT_00574,4622
052315_SEG_PREV_CURR_00574,4623
052315_SEG_CURR_NEXT_00573,4624
052493_SEG_TURN_00805,4625
052315_SEG_PREV_CURR_01072,4626
052315_SEG_CURR_NEXT_01071,4627
052280_SEG_TURN_00821,4628
052556_SEG_TURN_00954,4629
052493_SEG_TURN_01022,4630
052493_SEG_CURR_NEXT_01250,4631
052493_SEG_PREV_CURR_01251,4632
052423_SEG_TURN_00257,4633
052493_SEG_PREV_CURR_01022,4634
052493_SEG_CURR_NEXT_01021,4635
052493_SEG_PREV_CURR_01252,4636
052493_SEG_CURR_NEXT_01251,4637
052364_SEG_TURN_00287,4638
052423_SEG_CURR_NEXT_00256,4639
052423_SEG_PREV_CURR_00257,4640
052423_SEG_PREV_CURR_00258,4641
052229_SEG_TURN_00858,4642
052229_SEG_CURR_NEXT_00858,4643
052229_SEG_PREV_CURR_00859,4644
052229_SEG_PREV_CURR_00858,4645
052229_SEG_CURR_NEXT_00857,4646
052229_SEG_TURN_00650,4647
052364_SEG_TURN_01005,4648
052229_SEG_CURR_NEXT_00650,4649
052229_SEG_PREV_CURR_00651,4650
052229_SEG_CURR_NEXT_00649,4651
052229_SEG_PREV_CURR_00650,4652
052364_SEG_TURN_00377,4653
052364_SEG_PREV_CURR_00378,4654
052364_SEG_CURR_NEXT_00377,4655
052364_SEG_CURR_NEXT_00376,4656
052364_SEG_PREV_CURR_00377,4657
052315_SEG_TURN_00109,4658
052315_SEG_CURR_NEXT_00109,4659
052315_SEG_PREV_CURR_00110,4660
052315_SEG_CURR_NEXT_00108,4661
052315_SEG_PREV_CURR_00109,4662
052364_SEG_PREV_CURR_01006,4663
052364_SEG_CURR_NEXT_01005,4664
052423_SEG_TURN_00500,4665
052364_SEG_TURN_00381,4666
052315_SEG_TURN_01332,4667
052315_SEG_CURR_NEXT_01332,4668
052315_SEG_PREV_CURR_01333,4669
052315_SEG_PREV_CURR_01332,4670
052315_SEG_CURR_NEXT_01331,4671
052315_SEG_TURN_00983,4672
052229_SEG_TURN_00614,4673
052556_SEG_TURN_00066,4674
052229_SEG_CURR_NEXT_00614,4675
052229_SEG_PREV_CURR_00615,4676
052229_SEG_CURR_NEXT_00613,4677
052229_SEG_PREV_CURR_00614,4678
052364_SEG_TURN_00990,4679
052364_SEG_TURN_01009,4680
052364_SEG_TURN_01132,4681
052364_SEG_TURN_01003,4682
052364_SEG_CURR_NEXT_00990,4683
052364_SEG_PREV_CURR_00991,4684
052364_SEG_PREV_CURR_00381,4685
052364_SEG_CURR_NEXT_00380,4686
052423_SEG_CURR_NEXT_00500,4687
052423_SEG_PREV_CURR_00501,4688
052315_SEG_TURN_00111,4689
052364_SEG_TURN_00383,4690
052229_SEG_CURR_NEXT_00688,4691
052229_SEG_PREV_CURR_00689,4692
052229_SEG_TURN_00689,4693
052229_SEG_CURR_NEXT_00689,4694
052229_SEG_PREV_CURR_00690,4695
052229_SEG_PREV_CURR_00688,4696
052229_SEG_CURR_NEXT_00687,4697
052229_SEG_TURN_00687,4698
052229_SEG_PREV_CURR_00687,4699
052229_SEG_CURR_NEXT_00686,4700
052493_SEG_TURN_00819,4701
052493_SEG_TURN_00817,4702
052493_SEG_CURR_NEXT_00819,4703
052493_SEG_PREV_CURR_00820,4704
052493_SEG_PREV_CURR_00817,4705
052493_SEG_CURR_NEXT_00816,4706
052493_SEG_CURR_NEXT_00818,4707
052493_SEG_PREV_CURR_00819,4708
052493_SEG_PREV_CURR_00818,4709
052493_SEG_CURR_NEXT_00817,4710
052493_SEG_TURN_00785,4711
052493_SEG_PREV_CURR_00785,4712
052493_SEG_CURR_NEXT_00784,4713
052493_SEG_PREV_CURR_00786,4714
052493_SEG_CURR_NEXT_00785,4715
052315_SEG_TURN_00952,4716
052315_SEG_CURR_NEXT_00951,4717
052315_SEG_PREV_CURR_00952,4718
052315_SEG_PREV_CURR_00953,4719
052315_SEG_CURR_NEXT_00952,4720
052229_SEG_TURN_00691,4721
052229_SEG_PREV_CURR_00692,4722
052229_SEG_CURR_NEXT_00691,4723
052229_SEG_PREV_CURR_00691,4724
052229_SEG_CURR_NEXT_00690,4725
052315_SEG_PREV_CURR_01382,4726
052315_SEG_CURR_NEXT_01381,4727
052315_SEG_TURN_01382,4728
052229_SEG_TURN_00015,4729
052229_SEG_TURN_00688,4730
052556_SEG_TURN_01037,4731
052315_SEG_TURN_01381,4732
052229_SEG_TURN_00685,4733
052493_SEG_TURN_00788,4734
052229_SEG_CURR_NEXT_00015,4735
052229_SEG_PREV_CURR_00016,4736
052280_SEG_CURR_NEXT_00989,4737
052280_SEG_PREV_CURR_00990,4738
052229_SEG_CURR_NEXT_00685,4739
052229_SEG_TURN_00827,4740
052229_SEG_CURR_NEXT_00827,4741
052229_SEG_PREV_CURR_00828,4742
052229_SEG_PREV_CURR_00827,4743
052229_SEG_CURR_NEXT_00826,4744
052493_SEG_TURN_00192,4745
052229_SEG_TURN_00830,4746
052493_SEG_PREV_CURR_00193,4747
052493_SEG_CURR_NEXT_00192,4748
052229_SEG_CURR_NEXT_00829,4749
052229_SEG_PREV_CURR_00830,4750
052493_SEG_CURR_NEXT_00191,4751
052493_SEG_PREV_CURR_00192,4752
052229_SEG_TURN_00829,4753
052229_SEG_CURR_NEXT_00828,4754
052229_SEG_PREV_CURR_00829,4755
052493_SEG_TURN_00194,4756
052493_SEG_CURR_NEXT_00193,4757
052493_SEG_PREV_CURR_00194,4758
052493_SEG_CURR_NEXT_00194,4759
052493_SEG_PREV_CURR_00195,4760
052493_SEG_TURN_00212,4761
052493_SEG_CURR_NEXT_00211,4762
052493_SEG_PREV_CURR_00212,4763
052229_SEG_PREV_CURR_00831,4764
052229_SEG_CURR_NEXT_00830,4765
052493_SEG_PREV_CURR_00213,4766
052493_SEG_CURR_NEXT_00212,4767
052493_SEG_TURN_01512,4768
052493_SEG_TURN_01500,4769
052493_SEG_PREV_CURR_01513,4770
052493_SEG_CURR_NEXT_01512,4771
052493_SEG_CURR_NEXT_01511,4772
052493_SEG_PREV_CURR_01512,4773
052493_SEG_TURN_00431,4774
052493_SEG_CURR_NEXT_00431,4775
052493_SEG_PREV_CURR_00432,4776
052493_SEG_CURR_NEXT_00430,4777
052493_SEG_PREV_CURR_00431,4778
052493_SEG_TURN_01494,4779
052493_SEG_PREV_CURR_01494,4780
052493_SEG_CURR_NEXT_01493,4781
052493_SEG_PREV_CURR_01495,4782
052493_SEG_CURR_NEXT_01494,4783
052493_SEG_TURN_01508,4784
052423_SEG_TURN_01191,4785
052423_SEG_TURN_00898,4786
052280_SEG_TURN_00202,4787
052423_SEG_TURN_00290,4788
052493_SEG_PREV_CURR_01501,4789
052229_SEG_TURN_01041,4790
052229_SEG_PREV_CURR_01042,4791
052229_SEG_CURR_NEXT_01041,4792
052229_SEG_CURR_NEXT_01040,4793
052229_SEG_PREV_CURR_01041,4794
052315_SEG_TURN_00466,4795
052315_SEG_PREV_CURR_00467,4796
052315_SEG_CURR_NEXT_00466,4797
052229_SEG_TURN_01031,4798
052229_SEG_CURR_NEXT_01030,4799
052229_SEG_PREV_CURR_01031,4800
052229_SEG_PREV_CURR_01032,4801
052229_SEG_CURR_NEXT_01031,4802
052493_SEG_TURN_00505,4803
052315_SEG_TURN_00665,4804
052556_SEG_TURN_01005,4805
052229_SEG_TURN_00867,4806
052493_SEG_TURN_00119,4807
052315_SEG_PREV_CURR_00665,4808
052315_SEG_CURR_NEXT_00664,4809
052315_SEG_CURR_NEXT_00665,4810
052315_SEG_PREV_CURR_00666,4811
052423_SEG_TURN_01087,4812
052493_SEG_CURR_NEXT_00505,4813
052493_SEG_PREV_CURR_00506,4814
052493_SEG_CURR_NEXT_00504,4815
052493_SEG_PREV_CURR_00505,4816
052423_SEG_TURN_00823,4817
052493_SEG_TURN_01471,4818
052423_SEG_PREV_CURR_00823,4819
052423_SEG_CURR_NEXT_00822,4820
052556_SEG_PREV_CURR_01006,4821
052556_SEG_CURR_NEXT_01005,4822
052315_SEG_PREV_CURR_00466,4823
052315_SEG_CURR_NEXT_00465,4824
052423_SEG_CURR_NEXT_01086,4825
052423_SEG_PREV_CURR_01087,4826
052280_SEG_TURN_01040,4827
052493_SEG_TURN_00862,4828
052493_SEG_CURR_NEXT_00862,4829
052493_SEG_PREV_CURR_00863,4830
052280_SEG_PREV_CURR_01041,4831
052280_SEG_CURR_NEXT_01040,4832
052493_SEG_PREV_CURR_01471,4833
052493_SEG_CURR_NEXT_01470,4834
052493_SEG_PREV_CURR_01472,4835
052493_SEG_CURR_NEXT_01471,4836
052556_SEG_TURN_00929,4837
052423_SEG_PREV_CURR_00824,4838
052423_SEG_CURR_NEXT_00823,4839
052493_SEG_TURN_01312,4840
052556_SEG_TURN_00469,4841
052493_SEG_CURR_NEXT_01311,4842
052493_SEG_PREV_CURR_01312,4843
052493_SEG_PREV_CURR_01313,4844
052493_SEG_CURR_NEXT_01312,4845
052556_SEG_CURR_NEXT_00468,4846
052556_SEG_PREV_CURR_00469,4847
052556_SEG_CURR_NEXT_00469,4848
052556_SEG_PREV_CURR_00470,4849
052493_SEG_TURN_01316,4850
052493_SEG_CURR_NEXT_01315,4851
052493_SEG_PREV_CURR_01316,4852
052493_SEG_CURR_NEXT_01316,4853
052493_SEG_PREV_CURR_01317,4854
052493_SEG_TURN_00827,4855
052493_SEG_TURN_01310,4856
052493_SEG_PREV_CURR_01311,4857
052493_SEG_CURR_NEXT_01310,4858
052493_SEG_TURN_01323,4859
052493_SEG_PREV_CURR_01323,4860
052493_SEG_CURR_NEXT_01322,4861
052493_SEG_CURR_NEXT_00827,4862
052493_SEG_PREV_CURR_00828,4863
052315_SEG_TURN_01198,4864
052493_SEG_TURN_01029,4865
052493_SEG_PREV_CURR_01310,4866
052493_SEG_CURR_NEXT_01309,4867
052493_SEG_CURR_NEXT_01028,4868
052493_SEG_PREV_CURR_01029,4869
052493_SEG_TURN_01160,4870
052493_SEG_PREV_CURR_00827,4871
052493_SEG_CURR_NEXT_00826,4872
052423_SEG_TURN_00336,4873
052493_SEG_TURN_00624,4874
052493_SEG_CURR_NEXT_01323,4875
052493_SEG_PREV_CURR_01324,4876
052423_SEG_TURN_00106,4877
052493_SEG_TURN_01345,4878
052423_SEG_PREV_CURR_00336,4879
052423_SEG_CURR_NEXT_00335,4880
052493_SEG_TURN_01319,4881
052493_SEG_PREV_CURR_01322,4882
052493_SEG_CURR_NEXT_01321,4883
052493_SEG_PREV_CURR_01030,4884
052493_SEG_CURR_NEXT_01029,4885
052493_SEG_CURR_NEXT_00624,4886
052493_SEG_PREV_CURR_00625,4887
052423_SEG_PREV_CURR_00106,4888
052423_SEG_CURR_NEXT_00105,4889
052493_SEG_PREV_CURR_01318,4890
052493_SEG_CURR_NEXT_01317,4891
052493_SEG_CURR_NEXT_01318,4892
052493_SEG_PREV_CURR_01319,4893
052493_SEG_TURN_00160,4894
052493_SEG_TURN_01318,4895
052493_SEG_TURN_01333,4896
052493_SEG_TURN_01269,4897
052493_SEG_TURN_00158,4898
052493_SEG_TURN_01315,4899
052493_SEG_TURN_00574,4900
052493_SEG_TURN_00891,4901
052493_SEG_TURN_00239,4902
052493_SEG_TURN_01031,4903
052493_SEG_TURN_01021,4904
052229_SEG_TURN_01035,4905
052493_SEG_TURN_00980,4906
052493_SEG_PREV_CURR_01270,4907
052493_SEG_CURR_NEXT_01269,4908
052493_SEG_TURN_01313,4909
052493_SEG_TURN_00620,4910
052493_SEG_TURN_01027,4911
052493_SEG_TURN_00982,4912
052493_SEG_TURN_00564,4913
052493_SEG_TURN_01082,4914
052493_SEG_TURN_00988,4915
052493_SEG_TURN_01019,4916
052493_SEG_TURN_01173,4917
052493_SEG_TURN_00756,4918
052493_SEG_TURN_00168,4919
052493_SEG_TURN_01169,4920
052493_SEG_TURN_01080,4921
052493_SEG_TURN_00170,4922
052493_SEG_TURN_01311,4923
052493_SEG_TURN_00237,4924
052493_SEG_TURN_00895,4925
052493_SEG_TURN_01317,4926
052493_SEG_TURN_01331,4927
052493_SEG_TURN_00608,4928
052493_SEG_TURN_01088,4929
052493_SEG_TURN_00610,4930
052493_SEG_CURR_NEXT_00276,4931
052493_SEG_PREV_CURR_00277,4932
052493_SEG_CURR_NEXT_00277,4933
052493_SEG_PREV_CURR_00278,4934
052493_SEG_TURN_00070,4935
052556_SEG_TURN_00390,4936
052493_SEG_TURN_00277,4937
052493_SEG_TURN_00238,4938
052493_SEG_TURN_00842,4939
052493_SEG_TURN_01154,4940
052493_SEG_TURN_00276,4941
052493_SEG_TURN_00284,4942
052493_SEG_TURN_00227,4943
052493_SEG_TURN_00290,4944
052493_SEG_TURN_01152,4945
052493_SEG_TURN_00241,4946
052493_SEG_TURN_00181,4947
052493_SEG_TURN_01156,4948
052493_SEG_TURN_00848,4949
052280_SEG_TURN_01206,4950
052493_SEG_TURN_01150,4951
052493_SEG_CURR_NEXT_00292,4952
052493_SEG_PREV_CURR_00293,4953
052493_SEG_TURN_00233,4954
052493_SEG_TURN_00299,4955
052493_SEG_TURN_01138,4956
052493_SEG_TURN_01096,4957
052493_SEG_TURN_01106,4958
052280_SEG_TURN_01131,4959
052493_SEG_TURN_00054,4960
052493_SEG_CURR_NEXT_00278,4961
052493_SEG_PREV_CURR_00279,4962
052493_SEG_PREV_CURR_01096,4963
052493_SEG_CURR_NEXT_01095,4964
052493_SEG_CURR_NEXT_01094,4965
052493_SEG_PREV_CURR_01095,4966
052280_SEG_PREV_CURR_01207,4967
052280_SEG_CURR_NEXT_01206,4968
052493_SEG_PREV_CURR_00281,4969
052493_SEG_CURR_NEXT_00280,4970
052493_SEG_TURN_00278,4971
052493_SEG_TURN_00189,4972
052493_SEG_TURN_01110,4973
052315_SEG_TURN_00614,4974
052493_SEG_TURN_00675,4975
052493_SEG_TURN_00219,4976
052315_SEG_TURN_00612,4977
052493_SEG_TURN_01485,4978
052493_SEG_TURN_00844,4979
052493_SEG_TURN_00187,4980
052493_SEG_CURR_NEXT_00238,4981
052493_SEG_PREV_CURR_00239,4982
052315_SEG_PREV_CURR_01352,4983
052315_SEG_CURR_NEXT_01351,4984
052493_SEG_CURR_NEXT_00237,4985
052493_SEG_PREV_CURR_00238,4986
052493_SEG_TURN_01548,4987
052315_SEG_TURN_01351,4988
052493_SEG_TURN_00258,4989
052493_SEG_PREV_CURR_01548,4990
052493_SEG_CURR_NEXT_01547,4991
052315_SEG_PREV_CURR_01351,4992
052315_SEG_CURR_NEXT_01350,4993
052493_SEG_CURR_NEXT_00257,4994
052493_SEG_PREV_CURR_00258,4995
052493_SEG_CURR_NEXT_00258,4996
052493_SEG_PREV_CURR_00259,4997
052493_SEG_PREV_CURR_00848,4998
052493_SEG_CURR_NEXT_00847,4999
052493_SEG_TURN_01523,5000
052493_SEG_TURN_00281,5001
052493_SEG_PREV_CURR_00282,5002
052493_SEG_CURR_NEXT_00281,5003
052493_SEG_PREV_CURR_00227,5004
052493_SEG_CURR_NEXT_00226,5005
052493_SEG_CURR_NEXT_00672,5006
052493_SEG_PREV_CURR_00673,5007
052493_SEG_CURR_NEXT_00227,5008
052493_SEG_PREV_CURR_00228,5009
052493_SEG_CURR_NEXT_00228,5010
052493_SEG_PREV_CURR_00229,5011
052493_SEG_CURR_NEXT_00229,5012
052493_SEG_PREV_CURR_00230,5013
052493_SEG_CURR_NEXT_00675,5014
052493_SEG_PREV_CURR_00676,5015
052493_SEG_CURR_NEXT_00676,5016
052493_SEG_PREV_CURR_00677,5017
052493_SEG_TURN_00676,5018
052493_SEG_TURN_00226,5019
052493_SEG_PREV_CURR_00231,5020
052493_SEG_CURR_NEXT_00230,5021
052493_SEG_TURN_00672,5022
052493_SEG_TURN_00228,5023
052493_SEG_PREV_CURR_00226,5024
052493_SEG_CURR_NEXT_00225,5025
052493_SEG_CURR_NEXT_00671,5026
052493_SEG_PREV_CURR_00672,5027
052493_SEG_TURN_00230,5028
052556_SEG_TURN_00470,5029
052493_SEG_TURN_01553,5030
052493_SEG_PREV_CURR_01553,5031
052493_SEG_CURR_NEXT_01552,5032
052493_SEG_CURR_NEXT_01553,5033
052493_SEG_PREV_CURR_01554,5034
052556_SEG_PREV_CURR_00471,5035
052556_SEG_CURR_NEXT_00470,5036
052229_SEG_TURN_00666,5037
052493_SEG_TURN_00266,5038
052493_SEG_CURR_NEXT_00266,5039
052493_SEG_PREV_CURR_00267,5040
052423_SEG_TURN_01245,5041
052229_SEG_CURR_NEXT_00666,5042
052229_SEG_PREV_CURR_00667,5043
052280_SEG_TURN_00323,5044
052364_SEG_TURN_00939,5045
052423_SEG_PREV_CURR_01245,5046
052423_SEG_CURR_NEXT_01244,5047
052493_SEG_TURN_01344,5048
052556_SEG_TURN_00824,5049
052493_SEG_TURN_01354,5050
052493_SEG_PREV_CURR_00178,5051
052493_SEG_CURR_NEXT_00177,5052
052315_SEG_PREV_CURR_00612,5053
052315_SEG_CURR_NEXT_00611,5054
052493_SEG_CURR_NEXT_00298,5055
052493_SEG_PREV_CURR_00299,5056
052493_SEG_CURR_NEXT_00299,5057
052493_SEG_PREV_CURR_00300,5058
052493_SEG_TURN_00225,5059
052315_SEG_CURR_NEXT_00614,5060
052315_SEG_PREV_CURR_00615,5061
052315_SEG_CURR_NEXT_00615,5062
052315_SEG_PREV_CURR_00616,5063
052280_SEG_TURN_00287,5064
052315_SEG_TURN_00611,5065
052315_SEG_TURN_00615,5066
052493_SEG_PREV_CURR_01540,5067
052493_SEG_CURR_NEXT_01539,5068
052493_SEG_TURN_00310,5069
052493_SEG_CURR_NEXT_00310,5070
052493_SEG_PREV_CURR_00311,5071
052493_SEG_CURR_NEXT_00309,5072
052493_SEG_PREV_CURR_00310,5073
052493_SEG_TURN_00118,5074
052493_SEG_TURN_00307,5075
052493_SEG_PREV_CURR_00118,5076
052493_SEG_CURR_NEXT_00117,5077
052493_SEG_PREV_CURR_00307,5078
052493_SEG_CURR_NEXT_00306,5079
052493_SEG_TURN_00100,5080
052493_SEG_PREV_CURR_00119,5081
052493_SEG_CURR_NEXT_00118,5082
052493_SEG_TURN_00313,5083
052493_SEG_PREV_CURR_00101,5084
052493_SEG_CURR_NEXT_00100,5085
052493_SEG_PREV_CURR_00314,5086
052493_SEG_CURR_NEXT_00313,5087
052315_SEG_CURR_NEXT_00930,5088
052315_SEG_PREV_CURR_00931,5089
052493_SEG_TURN_00374,5090
052493_SEG_TURN_00328,5091
052493_SEG_PREV_CURR_00308,5092
052493_SEG_CURR_NEXT_00307,5093
052493_SEG_PREV_CURR_00375,5094
052493_SEG_CURR_NEXT_00374,5095
052315_SEG_TURN_00949,5096
052493_SEG_CURR_NEXT_00373,5097
052493_SEG_PREV_CURR_00374,5098
052229_SEG_TURN_00933,5099
052493_SEG_CURR_NEXT_00099,5100
052493_SEG_PREV_CURR_00100,5101
052493_SEG_CURR_NEXT_00328,5102
052493_SEG_PREV_CURR_00329,5103
052364_SEG_TURN_00275,5104
052315_SEG_TURN_00908,5105
052493_SEG_CURR_NEXT_00312,5106
052493_SEG_PREV_CURR_00313,5107
052315_SEG_TURN_00931,5108
052423_SEG_TURN_00988,5109
052493_SEG_TURN_00348,5110
052493_SEG_CURR_NEXT_00348,5111
052493_SEG_PREV_CURR_00349,5112
052493_SEG_TURN_00735,5113
052315_SEG_CURR_NEXT_00931,5114
052315_SEG_PREV_CURR_00932,5115
052315_SEG_TURN_00930,5116
052423_SEG_PREV_CURR_00989,5117
052423_SEG_CURR_NEXT_00988,5118
052493_SEG_TURN_00401,5119
052423_SEG_TURN_00584,5120
052493_SEG_PREV_CURR_00402,5121
052493_SEG_CURR_NEXT_00401,5122
052280_SEG_TURN_00928,5123
052423_SEG_CURR_NEXT_00583,5124
052423_SEG_PREV_CURR_00584,5125
052423_SEG_TURN_00468,5126
052229_SEG_TURN_00234,5127
052280_SEG_CURR_NEXT_00927,5128
052280_SEG_PREV_CURR_00928,5129
052280_SEG_PREV_CURR_00929,5130
052280_SEG_CURR_NEXT_00928,5131
052493_SEG_CURR_NEXT_00400,5132
052493_SEG_PREV_CURR_00401,5133
052229_SEG_CURR_NEXT_00233,5134
052229_SEG_PREV_CURR_00234,5135
052423_SEG_PREV_CURR_00469,5136
052423_SEG_CURR_NEXT_00468,5137
052493_SEG_TURN_00116,5138
052493_SEG_PREV_CURR_00117,5139
052493_SEG_CURR_NEXT_00116,5140
052315_SEG_TURN_01162,5141
052493_SEG_TURN_00073,5142
052493_SEG_PREV_CURR_00116,5143
052493_SEG_CURR_NEXT_00115,5144
052315_SEG_CURR_NEXT_01161,5145
052315_SEG_PREV_CURR_01162,5146
052315_SEG_PREV_CURR_01163,5147
052315_SEG_CURR_NEXT_01162,5148
052229_SEG_PREV_CURR_00235,5149
052229_SEG_CURR_NEXT_00234,5150
052280_SEG_TURN_00580,5151
052493_SEG_PREV_CURR_00074,5152
052493_SEG_CURR_NEXT_00073,5153
052315_SEG_TURN_00293,5154
052423_SEG_TURN_01395,5155
052493_SEG_PREV_CURR_00073,5156
052493_SEG_CURR_NEXT_00072,5157
052280_SEG_TURN_01043,5158
052280_SEG_CURR_NEXT_01043,5159
052280_SEG_PREV_CURR_01044,5160
052423_SEG_PREV_CURR_00468,5161
052423_SEG_CURR_NEXT_00467,5162
052556_SEG_TURN_00294,5163
052315_SEG_TURN_00927,5164
052280_SEG_TURN_00423,5165
052280_SEG_CURR_NEXT_01042,5166
052280_SEG_PREV_CURR_01043,5167
052315_SEG_CURR_NEXT_00926,5168
052493_SEG_TURN_00690,5169
052493_SEG_TURN_01395,5170
052493_SEG_CURR_NEXT_00689,5171
052493_SEG_PREV_CURR_00690,5172
052229_SEG_TURN_00550,5173
052229_SEG_CURR_NEXT_00550,5174
052229_SEG_PREV_CURR_00551,5175
052493_SEG_PREV_CURR_00691,5176
052493_SEG_CURR_NEXT_00690,5177
052556_SEG_TURN_00618,5178
052229_SEG_TURN_00437,5179
052556_SEG_CURR_NEXT_00617,5180
052556_SEG_PREV_CURR_00618,5181
052493_SEG_TURN_00567,5182
052493_SEG_CURR_NEXT_00567,5183
052493_SEG_PREV_CURR_00568,5184
052315_SEG_TURN_00305,5185
052493_SEG_CURR_NEXT_00566,5186
052493_SEG_PREV_CURR_00567,5187
052493_SEG_PREV_CURR_01396,5188
052493_SEG_CURR_NEXT_01395,5189
052229_SEG_CURR_NEXT_00549,5190
052229_SEG_PREV_CURR_00550,5191
052229_SEG_CURR_NEXT_00436,5192
052229_SEG_PREV_CURR_00437,5193
052556_SEG_TURN_00614,5194
052493_SEG_TURN_00755,5195
052493_SEG_TURN_01329,5196
052493_SEG_TURN_00757,5197
052493_SEG_PREV_CURR_00757,5198
052493_SEG_CURR_NEXT_00756,5199
052423_SEG_TURN_00361,5200
052556_SEG_CURR_NEXT_00614,5201
052556_SEG_PREV_CURR_00615,5202
052493_SEG_CURR_NEXT_00757,5203
052493_SEG_PREV_CURR_00758,5204
052556_SEG_PREV_CURR_00619,5205
052556_SEG_CURR_NEXT_00618,5206
052493_SEG_PREV_CURR_01395,5207
052493_SEG_CURR_NEXT_01394,5208
052493_SEG_PREV_CURR_00756,5209
052493_SEG_CURR_NEXT_00755,5210
052493_SEG_TURN_00890,5211
052315_SEG_TURN_00613,5212
052423_SEG_CURR_NEXT_00360,5213
052423_SEG_TURN_01030,5214
052423_SEG_PREV_CURR_01031,5215
052423_SEG_CURR_NEXT_01030,5216
052423_SEG_CURR_NEXT_01029,5217
052423_SEG_PREV_CURR_01030,5218
052556_SEG_TURN_00666,5219
052556_SEG_PREV_CURR_00667,5220
052556_SEG_CURR_NEXT_00666,5221
052556_SEG_PREV_CURR_00666,5222
052556_SEG_CURR_NEXT_00665,5223
052315_SEG_TURN_00832,5224
052315_SEG_PREV_CURR_00833,5225
052315_SEG_CURR_NEXT_00832,5226
052315_SEG_TURN_00317,5227
052493_SEG_TURN_01070,5228
052493_SEG_CURR_NEXT_01069,5229
052493_SEG_PREV_CURR_01070,5230
052315_SEG_CURR_NEXT_00831,5231
052315_SEG_PREV_CURR_00832,5232
052315_SEG_PREV_CURR_00318,5233
052315_SEG_CURR_NEXT_00317,5234
052364_SEG_TURN_00946,5235
052493_SEG_TURN_00286,5236
052493_SEG_TURN_01125,5237
052493_SEG_PREV_CURR_01071,5238
052493_SEG_CURR_NEXT_01070,5239
052423_SEG_TURN_01527,5240
052493_SEG_CURR_NEXT_00384,5241
052493_SEG_PREV_CURR_00385,5242
052493_SEG_CURR_NEXT_00286,5243
052493_SEG_PREV_CURR_00287,5244
052493_SEG_TURN_01271,5245
052493_SEG_CURR_NEXT_01270,5246
052493_SEG_PREV_CURR_01271,5247
052493_SEG_PREV_CURR_01272,5248
052493_SEG_CURR_NEXT_01271,5249
052493_SEG_TURN_00032,5250
052493_SEG_TURN_01557,5251
052493_SEG_CURR_NEXT_01557,5252
052493_SEG_PREV_CURR_01558,5253
052493_SEG_CURR_NEXT_00032,5254
052493_SEG_PREV_CURR_00033,5255
052493_SEG_TURN_00758,5256
052493_SEG_TURN_01275,5257
052493_SEG_TURN_00034,5258
052493_SEG_TURN_01279,5259
052493_SEG_CURR_NEXT_00031,5260
052493_SEG_PREV_CURR_00032,5261
052493_SEG_CURR_NEXT_01274,5262
052493_SEG_PREV_CURR_01275,5263
052493_SEG_CURR_NEXT_00758,5264
052493_SEG_PREV_CURR_00759,5265
052493_SEG_PREV_CURR_00035,5266
052493_SEG_CURR_NEXT_00034,5267
052493_SEG_PREV_CURR_01276,5268
052493_SEG_CURR_NEXT_01275,5269
052493_SEG_TURN_01277,5270
052493_SEG_PREV_CURR_01557,5271
052493_SEG_CURR_NEXT_01556,5272
052493_SEG_TURN_01273,5273
052493_SEG_PREV_CURR_01274,5274
052493_SEG_CURR_NEXT_01273,5275
052493_SEG_CURR_NEXT_00033,5276
052493_SEG_PREV_CURR_00034,5277
052493_SEG_CURR_NEXT_01279,5278
052493_SEG_PREV_CURR_01280,5279
052493_SEG_CURR_NEXT_01272,5280
052493_SEG_PREV_CURR_01273,5281
052493_SEG_CURR_NEXT_01276,5282
052493_SEG_PREV_CURR_01277,5283
052229_SEG_TURN_01198,5284
052229_SEG_TURN_01029,5285
052229_SEG_PREV_CURR_01030,5286
052229_SEG_CURR_NEXT_01029,5287
052229_SEG_PREV_CURR_01029,5288
052229_SEG_CURR_NEXT_01028,5289
052315_SEG_TURN_00806,5290
052556_SEG_TURN_00070,5291
052315_SEG_TURN_01145,5292
052229_SEG_TURN_00120,5293
052229_SEG_PREV_CURR_00121,5294
052229_SEG_CURR_NEXT_00120,5295
052229_SEG_TURN_01071,5296
052229_SEG_PREV_CURR_01072,5297
052229_SEG_CURR_NEXT_01071,5298
052556_SEG_TURN_00034,5299
052315_SEG_CURR_NEXT_00806,5300
052315_SEG_PREV_CURR_00807,5301
052364_SEG_TURN_01038,5302
052315_SEG_CURR_NEXT_01145,5303
052315_SEG_PREV_CURR_01146,5304
052556_SEG_TURN_00898,5305
052229_SEG_CURR_NEXT_00119,5306
052229_SEG_PREV_CURR_00120,5307
052556_SEG_TURN_00196,5308
052229_SEG_CURR_NEXT_01070,5309
052229_SEG_PREV_CURR_01071,5310
052229_SEG_TURN_00235,5311
052493_SEG_TURN_01321,5312
052364_SEG_CURR_NEXT_01037,5313
052364_SEG_PREV_CURR_01038,5314
052315_SEG_TURN_00253,5315
052556_SEG_CURR_NEXT_00897,5316
052556_SEG_PREV_CURR_00898,5317
052423_SEG_TURN_00218,5318
052315_SEG_PREV_CURR_00254,5319
052315_SEG_CURR_NEXT_00253,5320
052364_SEG_PREV_CURR_01039,5321
052364_SEG_CURR_NEXT_01038,5322
052493_SEG_PREV_CURR_00170,5323
052493_SEG_CURR_NEXT_00169,5324
052315_SEG_TURN_01257,5325
052229_SEG_TURN_01023,5326
052493_SEG_CURR_NEXT_00168,5327
052493_SEG_PREV_CURR_00169,5328
052493_SEG_TURN_00169,5329
052493_SEG_CURR_NEXT_00158,5330
052493_SEG_PREV_CURR_00159,5331
052229_SEG_TURN_00521,5332
052229_SEG_TURN_00529,5333
052229_SEG_PREV_CURR_00521,5334
052229_SEG_CURR_NEXT_00520,5335
052229_SEG_CURR_NEXT_00528,5336
052229_SEG_PREV_CURR_00529,5337
052229_SEG_TURN_00537,5338
052229_SEG_CURR_NEXT_00529,5339
052229_SEG_PREV_CURR_00530,5340
052229_SEG_TURN_01051,5341
052229_SEG_CURR_NEXT_01051,5342
052229_SEG_PREV_CURR_01052,5343
052493_SEG_TURN_00736,5344
052229_SEG_PREV_CURR_01051,5345
052229_SEG_CURR_NEXT_01050,5346
052493_SEG_TURN_00795,5347
052493_SEG_CURR_NEXT_00794,5348
052493_SEG_PREV_CURR_00795,5349
052493_SEG_PREV_CURR_00796,5350
052493_SEG_CURR_NEXT_00795,5351
052493_SEG_CURR_NEXT_00735,5352
052493_SEG_PREV_CURR_00736,5353
052229_SEG_CURR_NEXT_00536,5354
052229_SEG_PREV_CURR_00537,5355
052229_SEG_PREV_CURR_00538,5356
052229_SEG_CURR_NEXT_00537,5357
052493_SEG_TURN_00455,5358
052556_SEG_CURR_NEXT_00034,5359
052556_SEG_PREV_CURR_00035,5360
052229_SEG_PREV_CURR_00522,5361
052229_SEG_CURR_NEXT_00521,5362
052493_SEG_TURN_00051,5363
052493_SEG_PREV_CURR_00052,5364
052493_SEG_CURR_NEXT_00051,5365
052493_SEG_CURR_NEXT_00050,5366
052493_SEG_PREV_CURR_00051,5367
052423_SEG_TURN_01064,5368
052493_SEG_TURN_00005,5369
052493_SEG_CURR_NEXT_00454,5370
052493_SEG_PREV_CURR_00455,5371
052493_SEG_PREV_CURR_00006,5372
052493_SEG_CURR_NEXT_00005,5373
052423_SEG_PREV_CURR_01065,5374
052423_SEG_CURR_NEXT_01064,5375
052493_SEG_TURN_00507,5376
052493_SEG_CURR_NEXT_00506,5377
052493_SEG_PREV_CURR_00507,5378
052423_SEG_TURN_01079,5379
052493_SEG_PREV_CURR_00508,5380
052493_SEG_CURR_NEXT_00507,5381
052423_SEG_CURR_NEXT_01078,5382
052423_SEG_PREV_CURR_01079,5383
052315_SEG_TURN_00728,5384
052229_SEG_TURN_00690,5385
052556_SEG_TURN_00453,5386
052556_SEG_PREV_CURR_00453,5387
052556_SEG_CURR_NEXT_00452,5388
052364_SEG_TURN_00919,5389
052315_SEG_TURN_00537,5390
052556_SEG_PREV_CURR_00454,5391
052556_SEG_CURR_NEXT_00453,5392
052315_SEG_CURR_NEXT_00728,5393
052315_SEG_PREV_CURR_00729,5394
052423_SEG_TURN_00891,5395
052423_SEG_TURN_01045,5396
052229_SEG_TURN_00999,5397
052423_SEG_TURN_00498,5398
052423_SEG_PREV_CURR_01045,5399
052423_SEG_CURR_NEXT_01044,5400
052364_SEG_TURN_00518,5401
052229_SEG_CURR_NEXT_00999,5402
052229_SEG_PREV_CURR_01000,5403
052364_SEG_CURR_NEXT_00918,5404
052364_SEG_PREV_CURR_00919,5405
052280_SEG_TURN_01128,5406
052315_SEG_PREV_CURR_00537,5407
052315_SEG_CURR_NEXT_00536,5408
052423_SEG_CURR_NEXT_01045,5409
052423_SEG_PREV_CURR_01046,5410
052315_SEG_CURR_NEXT_00727,5411
052315_SEG_PREV_CURR_00728,5412
052423_SEG_CURR_NEXT_00890,5413
052423_SEG_PREV_CURR_00891,5414
052315_SEG_TURN_00599,5415
052423_SEG_PREV_CURR_00892,5416
052423_SEG_CURR_NEXT_00891,5417
052493_SEG_CURR_NEXT_00644,5418
052493_SEG_PREV_CURR_00645,5419
052493_SEG_CURR_NEXT_00645,5420
052493_SEG_PREV_CURR_00646,5421
052493_SEG_TURN_00645,5422
052493_SEG_PREV_CURR_00650,5423
052493_SEG_CURR_NEXT_00649,5424
052493_SEG_TURN_00472,5425
052493_SEG_PREV_CURR_00649,5426
052493_SEG_CURR_NEXT_00648,5427
052493_SEG_TURN_00649,5428
052315_SEG_CURR_NEXT_00949,5429
052315_SEG_PREV_CURR_00950,5430
052493_SEG_TURN_00460,5431
052493_SEG_TURN_00444,5432
052493_SEG_TURN_00408,5433
052493_SEG_TURN_01433,5434
052315_SEG_TURN_00950,5435
052493_SEG_TURN_01463,5436
052493_SEG_TURN_01037,5437
052493_SEG_TURN_01453,5438
052493_SEG_TURN_00048,5439
052493_SEG_TURN_01073,5440
052493_SEG_TURN_01059,5441
052493_SEG_TURN_00448,5442
052493_SEG_TURN_01297,5443
052493_SEG_TURN_00420,5444
052493_SEG_TURN_00430,5445
052493_SEG_TURN_01043,5446
052493_SEG_TURN_00586,5447
052493_SEG_TURN_00480,5448
052315_SEG_CURR_NEXT_00950,5449
052315_SEG_PREV_CURR_00951,5450
052493_SEG_TURN_01045,5451
052493_SEG_TURN_00406,5452
052493_SEG_TURN_01061,5453
052493_SEG_TURN_00466,5454
052493_SEG_TURN_01403,5455
052493_SEG_TURN_00456,5456
052493_SEG_TURN_01439,5457
052493_SEG_TURN_01455,5458
052493_SEG_TURN_01451,5459
052493_SEG_TURN_00038,5460
052493_SEG_TURN_00426,5461
052493_SEG_TURN_00422,5462
052493_SEG_TURN_00412,5463
052493_SEG_TURN_00046,5464
052493_SEG_TURN_00682,5465
052493_SEG_CURR_NEXT_00681,5466
052493_SEG_PREV_CURR_00682,5467
052493_SEG_CURR_NEXT_00682,5468
052493_SEG_PREV_CURR_00683,5469
052229_SEG_TURN_00034,5470
052229_SEG_CURR_NEXT_00033,5471
052229_SEG_PREV_CURR_00034,5472
052229_SEG_CURR_NEXT_00034,5473
052229_SEG_PREV_CURR_00035,5474
052315_SEG_CURR_NEXT_00302,5475
052315_SEG_PREV_CURR_00303,5476
052229_SEG_CURR_NEXT_01023,5477
052229_SEG_PREV_CURR_01024,5478
052229_SEG_CURR_NEXT_01022,5479
052229_SEG_PREV_CURR_01023,5480
052493_SEG_TURN_00912,5481
052315_SEG_TURN_00461,5482
052493_SEG_CURR_NEXT_00911,5483
052493_SEG_PREV_CURR_00912,5484
052315_SEG_TURN_00302,5485
052493_SEG_CURR_NEXT_00912,5486
052493_SEG_PREV_CURR_00913,5487
052315_SEG_PREV_CURR_00302,5488
052315_SEG_CURR_NEXT_00301,5489
052315_SEG_TURN_00303,5490
052364_SEG_TURN_00316,5491
052423_SEG_TURN_01336,5492
052364_SEG_TURN_00311,5493
052315_SEG_TURN_00516,5494
052315_SEG_TURN_00647,5495
052556_SEG_TURN_00885,5496
052423_SEG_CURR_NEXT_01335,5497
052423_SEG_PREV_CURR_01336,5498
052364_SEG_CURR_NEXT_00310,5499
052364_SEG_PREV_CURR_00311,5500
052315_SEG_PREV_CURR_00648,5501
052315_SEG_CURR_NEXT_00647,5502
052364_SEG_PREV_CURR_00316,5503
052364_SEG_CURR_NEXT_00315,5504
052280_SEG_TURN_00910,5505
052315_SEG_PREV_CURR_00647,5506
052315_SEG_CURR_NEXT_00646,5507
052280_SEG_TURN_00737,5508
052556_SEG_TURN_00147,5509
052556_SEG_CURR_NEXT_00147,5510
052556_SEG_PREV_CURR_00148,5511
052556_SEG_PREV_CURR_00056,5512
052556_SEG_CURR_NEXT_00055,5513
052556_SEG_TURN_00153,5514
052556_SEG_TURN_00056,5515
052556_SEG_TURN_00062,5516
052556_SEG_TURN_00155,5517
052556_SEG_TURN_00980,5518
052556_SEG_TURN_00055,5519
052556_SEG_TURN_00826,5520
052556_SEG_CURR_NEXT_00062,5521
052556_SEG_PREV_CURR_00063,5522
052556_SEG_PREV_CURR_00156,5523
052556_SEG_CURR_NEXT_00155,5524
052556_SEG_TURN_00982,5525
052556_SEG_TURN_00060,5526
052556_SEG_TURN_00830,5527
052556_SEG_TURN_00149,5528
052556_SEG_CURR_NEXT_00054,5529
052556_SEG_PREV_CURR_00055,5530
052556_SEG_CURR_NEXT_00061,5531
052556_SEG_PREV_CURR_00062,5532
052556_SEG_PREV_CURR_00149,5533
052556_SEG_CURR_NEXT_00148,5534
052556_SEG_PREV_CURR_00061,5535
052556_SEG_CURR_NEXT_00060,5536
052556_SEG_CURR_NEXT_00829,5537
052556_SEG_PREV_CURR_00830,5538
052556_SEG_TURN_01036,5539
052556_SEG_PREV_CURR_00983,5540
052556_SEG_CURR_NEXT_00982,5541
052556_SEG_CURR_NEXT_01036,5542
052556_SEG_PREV_CURR_01037,5543
052556_SEG_CURR_NEXT_00149,5544
052556_SEG_PREV_CURR_00150,5545
052556_SEG_PREV_CURR_00060,5546
052556_SEG_CURR_NEXT_00059,5547
052556_SEG_PREV_CURR_00824,5548
052556_SEG_CURR_NEXT_00823,5549
052556_SEG_PREV_CURR_00981,5550
052556_SEG_CURR_NEXT_00980,5551
052556_SEG_TURN_00151,5552
052556_SEG_PREV_CURR_00982,5553
052556_SEG_CURR_NEXT_00981,5554
052556_SEG_PREV_CURR_00151,5555
052556_SEG_CURR_NEXT_00150,5556
052556_SEG_CURR_NEXT_00056,5557
052315_SEG_TURN_00089,5558
052315_SEG_CURR_NEXT_00088,5559
052315_SEG_PREV_CURR_00089,5560
052315_SEG_CURR_NEXT_00089,5561
052315_SEG_PREV_CURR_00090,5562
052315_SEG_TURN_01371,5563
052315_SEG_CURR_NEXT_01370,5564
052315_SEG_PREV_CURR_01371,5565
052315_SEG_CURR_NEXT_01371,5566
052315_SEG_PREV_CURR_01372,5567
052493_SEG_TURN_01480,5568
052315_SEG_TURN_00804,5569
052364_SEG_TURN_01089,5570
052364_SEG_PREV_CURR_01090,5571
052364_SEG_CURR_NEXT_01089,5572
052280_SEG_TURN_01180,5573
052493_SEG_PREV_CURR_01481,5574
052493_SEG_CURR_NEXT_01480,5575
052280_SEG_PREV_CURR_01181,5576
052280_SEG_CURR_NEXT_01180,5577
052280_SEG_CURR_NEXT_01179,5578
052280_SEG_PREV_CURR_01180,5579
052493_SEG_CURR_NEXT_01479,5580
052493_SEG_PREV_CURR_01480,5581
052364_SEG_CURR_NEXT_01088,5582
052364_SEG_PREV_CURR_01089,5583
052556_SEG_TURN_00250,5584
052556_SEG_PREV_CURR_00250,5585
052556_SEG_CURR_NEXT_00249,5586
052556_SEG_PREV_CURR_00251,5587
052556_SEG_CURR_NEXT_00250,5588
052493_SEG_TURN_00896,5589
052280_SEG_TURN_00634,5590
052493_SEG_CURR_NEXT_00895,5591
052493_SEG_PREV_CURR_00896,5592
052280_SEG_PREV_CURR_00634,5593
052280_SEG_CURR_NEXT_00633,5594
052280_SEG_TURN_00690,5595
052493_SEG_TURN_01382,5596
052280_SEG_CURR_NEXT_00634,5597
052280_SEG_PREV_CURR_00635,5598
052493_SEG_CURR_NEXT_01381,5599
052493_SEG_PREV_CURR_01382,5600
052423_SEG_TURN_01142,5601
052493_SEG_PREV_CURR_00386,5602
052493_SEG_CURR_NEXT_00385,5603
052315_SEG_CURR_NEXT_00803,5604
052364_SEG_TURN_00141,5605
052364_SEG_CURR_NEXT_00140,5606
052364_SEG_PREV_CURR_00141,5607
052364_SEG_CURR_NEXT_00141,5608
052364_SEG_PREV_CURR_00142,5609
052556_SEG_TURN_00921,5610
052229_SEG_TURN_01105,5611
052493_SEG_TURN_00674,5612
052493_SEG_PREV_CURR_00675,5613
052493_SEG_CURR_NEXT_00674,5614
052315_SEG_TURN_01065,5615
052229_SEG_CURR_NEXT_00935,5616
052229_SEG_PREV_CURR_00936,5617
052493_SEG_CURR_NEXT_00673,5618
052493_SEG_PREV_CURR_00674,5619
052315_SEG_CURR_NEXT_01064,5620
052315_SEG_PREV_CURR_01065,5621
052280_SEG_TURN_00681,5622
052315_SEG_PREV_CURR_01066,5623
052315_SEG_CURR_NEXT_01065,5624
052423_SEG_TURN_00941,5625
052229_SEG_TURN_00922,5626
052423_SEG_CURR_NEXT_00940,5627
052423_SEG_PREV_CURR_00941,5628
052229_SEG_TURN_00935,5629
052229_SEG_TURN_00936,5630
052280_SEG_PREV_CURR_00681,5631
052280_SEG_CURR_NEXT_00680,5632
052493_SEG_PREV_CURR_01023,5633
052493_SEG_CURR_NEXT_01022,5634
052364_SEG_TURN_00273,5635
052423_SEG_CURR_NEXT_00941,5636
052423_SEG_PREV_CURR_00942,5637
052556_SEG_TURN_00987,5638
052280_SEG_CURR_NEXT_01131,5639
052280_SEG_PREV_CURR_01132,5640
052229_SEG_CURR_NEXT_00936,5641
052229_SEG_PREV_CURR_00937,5642
052364_SEG_PREV_CURR_00273,5643
052364_SEG_CURR_NEXT_00272,5644
052556_SEG_CURR_NEXT_00709,5645
052556_SEG_PREV_CURR_00710,5646
052556_SEG_TURN_00712,5647
052556_SEG_TURN_00709,5648
052556_SEG_TURN_00714,5649
052556_SEG_TURN_00875,5650
052556_SEG_TURN_00750,5651
052556_SEG_TURN_01022,5652
052556_SEG_TURN_00756,5653
052556_SEG_TURN_00716,5654
052556_SEG_TURN_00720,5655
052556_SEG_TURN_01026,5656
052556_SEG_TURN_01012,5657
052556_SEG_TURN_00758,5658
052556_SEG_TURN_00764,5659
052556_SEG_TURN_00710,5660
052556_SEG_TURN_00867,5661
052556_SEG_TURN_01018,5662
052556_SEG_PREV_CURR_01010,5663
052556_SEG_CURR_NEXT_01009,5664
052556_SEG_TURN_01014,5665
052556_SEG_TURN_00730,5666
052556_SEG_TURN_01010,5667
052556_SEG_PREV_CURR_00756,5668
052556_SEG_CURR_NEXT_00755,5669
052556_SEG_TURN_01020,5670
052556_SEG_CURR_NEXT_00756,5671
052556_SEG_PREV_CURR_00757,5672
052556_SEG_TURN_00762,5673
052556_SEG_TURN_00865,5674
052556_SEG_TURN_01009,5675
052556_SEG_CURR_NEXT_00764,5676
052556_SEG_PREV_CURR_00765,5677
052556_SEG_CURR_NEXT_00757,5678
052556_SEG_PREV_CURR_00758,5679
052556_SEG_PREV_CURR_00709,5680
052556_SEG_CURR_NEXT_00708,5681
052556_SEG_CURR_NEXT_00750,5682
052556_SEG_PREV_CURR_00751,5683
052556_SEG_PREV_CURR_01023,5684
052556_SEG_CURR_NEXT_01022,5685
052556_SEG_TURN_00754,5686
052556_SEG_CURR_NEXT_00763,5687
052556_SEG_PREV_CURR_00764,5688
052556_SEG_CURR_NEXT_00720,5689
052556_SEG_PREV_CURR_00721,5690
052556_SEG_TURN_00760,5691
052556_SEG_TURN_01016,5692
052556_SEG_PREV_CURR_00867,5693
052556_SEG_CURR_NEXT_00866,5694
052364_SEG_TURN_00491,5695
052364_SEG_PREV_CURR_00492,5696
052364_SEG_CURR_NEXT_00491,5697
052364_SEG_CURR_NEXT_00490,5698
052364_SEG_PREV_CURR_00491,5699
052364_SEG_TURN_00827,5700
052364_SEG_CURR_NEXT_00415,5701
052364_SEG_PREV_CURR_00416,5702
052364_SEG_TURN_00438,5703
052364_SEG_CURR_NEXT_00827,5704
052364_SEG_PREV_CURR_00828,5705
052364_SEG_TURN_00406,5706
052364_SEG_TURN_00401,5707
052364_SEG_CURR_NEXT_00414,5708
052364_SEG_PREV_CURR_00415,5709
052364_SEG_CURR_NEXT_00826,5710
052364_SEG_PREV_CURR_00827,5711
052364_SEG_TURN_00515,5712
052364_SEG_TURN_00039,5713
052364_SEG_TURN_00041,5714
052364_SEG_TURN_00461,5715
052364_SEG_TURN_00459,5716
052364_SEG_TURN_00513,5717
052364_SEG_TURN_01234,5718
052364_SEG_TURN_00191,5719
052364_SEG_TURN_00511,5720
052364_SEG_TURN_01232,5721
052364_SEG_TURN_00203,5722
052364_SEG_TURN_00636,5723
052364_SEG_TURN_00851,5724
052364_SEG_TURN_00492,5725
052364_SEG_TURN_00606,5726
052364_SEG_TURN_00600,5727
052364_SEG_TURN_00596,5728
052364_SEG_TURN_00223,5729
052364_SEG_TURN_00604,5730
052364_SEG_TURN_00469,5731
052364_SEG_TURN_00490,5732
052364_SEG_TURN_00237,5733
052364_SEG_TURN_00917,5734
052364_SEG_TURN_00227,5735
052364_SEG_TURN_01054,5736
052364_SEG_TURN_00404,5737
052364_SEG_TURN_00612,5738
052364_SEG_TURN_00380,5739
052364_SEG_TURN_00610,5740
052364_SEG_TURN_00985,5741
052364_SEG_TURN_01052,5742
052364_SEG_TURN_00979,5743
052364_SEG_TURN_00619,5744
052493_SEG_TURN_00178,5745
052556_SEG_TURN_00698,5746
052280_SEG_PREV_CURR_00287,5747
052280_SEG_CURR_NEXT_00286,5748
052556_SEG_PREV_CURR_00699,5749
052556_SEG_CURR_NEXT_00698,5750
052229_SEG_TURN_01075,5751
052556_SEG_TURN_00561,5752
052556_SEG_CURR_NEXT_00560,5753
052556_SEG_PREV_CURR_00561,5754
052280_SEG_CURR_NEXT_00287,5755
052280_SEG_PREV_CURR_00288,5756
052315_SEG_TURN_01010,5757
052229_SEG_TURN_01147,5758
052280_SEG_TURN_01030,5759
052556_SEG_CURR_NEXT_00561,5760
052556_SEG_PREV_CURR_00562,5761
052315_SEG_TURN_01328,5762
052423_SEG_TURN_00381,5763
052280_SEG_TURN_00307,5764
052280_SEG_TURN_00525,5765
052493_SEG_PREV_CURR_00225,5766
052493_SEG_CURR_NEXT_00224,5767
052556_SEG_TURN_00563,5768
052423_SEG_CURR_NEXT_00381,5769
052423_SEG_PREV_CURR_00382,5770
052280_SEG_CURR_NEXT_00306,5771
052280_SEG_PREV_CURR_00307,5772
052493_SEG_PREV_CURR_00179,5773
052493_SEG_CURR_NEXT_00178,5774
052493_SEG_TURN_01102,5775
052315_SEG_CURR_NEXT_01010,5776
052315_SEG_PREV_CURR_01011,5777
052556_SEG_TURN_00596,5778
052280_SEG_PREV_CURR_01030,5779
052280_SEG_CURR_NEXT_01029,5780
052556_SEG_PREV_CURR_00698,5781
052556_SEG_CURR_NEXT_00697,5782
052423_SEG_CURR_NEXT_00380,5783
052423_SEG_PREV_CURR_00381,5784
052229_SEG_PREV_CURR_01148,5785
052229_SEG_CURR_NEXT_01147,5786
052493_SEG_PREV_CURR_00058,5787
052493_SEG_CURR_NEXT_00057,5788
052423_SEG_TURN_00104,5789
052423_SEG_CURR_NEXT_00103,5790
052423_SEG_PREV_CURR_00104,5791
052423_SEG_PREV_CURR_00105,5792
052423_SEG_CURR_NEXT_00104,5793
052423_SEG_TURN_00830,5794
052364_SEG_TURN_00722,5795
052315_SEG_TURN_00974,5796
052315_SEG_PREV_CURR_01176,5797
052315_SEG_CURR_NEXT_01175,5798
052423_SEG_CURR_NEXT_00829,5799
052423_SEG_PREV_CURR_00830,5800
052280_SEG_TURN_00723,5801
052280_SEG_PREV_CURR_00723,5802
052280_SEG_CURR_NEXT_00722,5803
052364_SEG_PREV_CURR_00723,5804
052364_SEG_CURR_NEXT_00722,5805
052364_SEG_PREV_CURR_00722,5806
052364_SEG_CURR_NEXT_00721,5807
052280_SEG_PREV_CURR_00724,5808
052280_SEG_CURR_NEXT_00723,5809
052229_SEG_TURN_00712,5810
052315_SEG_CURR_NEXT_00973,5811
052315_SEG_PREV_CURR_00974,5812
052229_SEG_PREV_CURR_00712,5813
052229_SEG_CURR_NEXT_00711,5814
052423_SEG_TURN_01354,5815
052423_SEG_PREV_CURR_01354,5816
052423_SEG_CURR_NEXT_01353,5817
052315_SEG_PREV_CURR_00975,5818
052315_SEG_CURR_NEXT_00974,5819
052229_SEG_CURR_NEXT_00712,5820
052229_SEG_PREV_CURR_00713,5821
052423_SEG_CURR_NEXT_00830,5822
052423_SEG_PREV_CURR_00831,5823
052280_SEG_TURN_00980,5824
052280_SEG_PREV_CURR_00981,5825
052280_SEG_CURR_NEXT_00980,5826
052423_SEG_CURR_NEXT_01354,5827
052423_SEG_PREV_CURR_01355,5828
052493_SEG_TURN_00759,5829
052280_SEG_CURR_NEXT_00979,5830
052280_SEG_PREV_CURR_00980,5831
052493_SEG_TURN_01526,5832
052556_SEG_TURN_00989,5833
052556_SEG_TURN_00845,5834
052493_SEG_CURR_NEXT_01526,5835
052423_SEG_TURN_00147,5836
052556_SEG_PREV_CURR_00840,5837
052556_SEG_CURR_NEXT_00839,5838
052423_SEG_PREV_CURR_00147,5839
052423_SEG_CURR_NEXT_00146,5840
052423_SEG_PREV_CURR_00148,5841
052423_SEG_CURR_NEXT_00147,5842
052423_SEG_TURN_00578,5843
052423_SEG_CURR_NEXT_00577,5844
052423_SEG_PREV_CURR_00578,5845
052493_SEG_TURN_01400,5846
052556_SEG_TURN_00675,5847
052423_SEG_TURN_00011,5848
052423_SEG_CURR_NEXT_00010,5849
052423_SEG_PREV_CURR_00011,5850
052423_SEG_PREV_CURR_00012,5851
052423_SEG_CURR_NEXT_00011,5852
052315_SEG_TURN_00298,5853
052493_SEG_CURR_NEXT_01399,5854
052493_SEG_PREV_CURR_01400,5855
052493_SEG_CURR_NEXT_01400,5856
052493_SEG_PREV_CURR_01401,5857
052280_SEG_TURN_00970,5858
052229_SEG_TURN_00944,5859
052493_SEG_TURN_00196,5860
052493_SEG_TURN_01336,5861
052423_SEG_TURN_00145,5862
052493_SEG_CURR_NEXT_00195,5863
052493_SEG_PREV_CURR_00196,5864
052493_SEG_CURR_NEXT_00196,5865
052493_SEG_PREV_CURR_00197,5866
052423_SEG_PREV_CURR_00145,5867
052423_SEG_CURR_NEXT_00144,5868
052280_SEG_TURN_01133,5869
052423_SEG_CURR_NEXT_00145,5870
052423_SEG_PREV_CURR_00146,5871
052556_SEG_CURR_NEXT_00675,5872
052556_SEG_PREV_CURR_00676,5873
052229_SEG_TURN_00709,5874
052423_SEG_TURN_00009,5875
052229_SEG_TURN_00225,5876
052364_SEG_TURN_01141,5877
052364_SEG_TURN_01129,5878
052364_SEG_TURN_01125,5879
052364_SEG_TURN_01020,5880
052364_SEG_TURN_01026,5881
052364_SEG_TURN_01018,5882
052364_SEG_TURN_01139,5883
052364_SEG_TURN_01014,5884
052364_SEG_TURN_01137,5885
052364_SEG_TURN_00003,5886
052364_SEG_TURN_01133,5887
052364_SEG_PREV_CURR_01137,5888
052364_SEG_CURR_NEXT_01136,5889
052364_SEG_TURN_01135,5890
052364_SEG_TURN_01024,5891
052364_SEG_CURR_NEXT_01025,5892
052364_SEG_PREV_CURR_01026,5893
052364_SEG_PREV_CURR_01141,5894
052364_SEG_CURR_NEXT_01140,5895
052364_SEG_CURR_NEXT_01139,5896
052364_SEG_PREV_CURR_01140,5897
052364_SEG_PREV_CURR_01136,5898
052364_SEG_CURR_NEXT_01135,5899
052280_SEG_TURN_00691,5900
052364_SEG_PREV_CURR_01126,5901
052364_SEG_CURR_NEXT_01125,5902
052364_SEG_CURR_NEXT_01128,5903
052364_SEG_PREV_CURR_01129,5904
052364_SEG_CURR_NEXT_01024,5905
052364_SEG_PREV_CURR_01025,5906
052364_SEG_TURN_00005,5907
052364_SEG_CURR_NEXT_01013,5908
052364_SEG_PREV_CURR_01014,5909
052364_SEG_PREV_CURR_01142,5910
052364_SEG_CURR_NEXT_01141,5911
052280_SEG_PREV_CURR_00692,5912
052280_SEG_CURR_NEXT_00691,5913
052364_SEG_TURN_01127,5914
052364_SEG_CURR_NEXT_01026,5915
052364_SEG_PREV_CURR_01027,5916
052364_SEG_CURR_NEXT_01126,5917
052364_SEG_PREV_CURR_01127,5918
052364_SEG_CURR_NEXT_01124,5919
052364_SEG_PREV_CURR_01125,5920
052280_SEG_TURN_00763,5921
052364_SEG_PREV_CURR_01128,5922
052364_SEG_CURR_NEXT_01127,5923
052364_SEG_CURR_NEXT_01014,5924
052364_SEG_PREV_CURR_01015,5925
052315_SEG_TURN_01285,5926
052315_SEG_TURN_00751,5927
052315_SEG_CURR_NEXT_00750,5928
052315_SEG_PREV_CURR_00751,5929
052315_SEG_PREV_CURR_00752,5930
052315_SEG_CURR_NEXT_00751,5931
052315_SEG_TURN_00371,5932
052556_SEG_PREV_CURR_00988,5933
052556_SEG_CURR_NEXT_00987,5934
052315_SEG_TURN_01090,5935
052315_SEG_TURN_00835,5936
052364_SEG_TURN_01071,5937
052315_SEG_CURR_NEXT_00515,5938
052315_SEG_PREV_CURR_00516,5939
052493_SEG_TURN_01359,5940
052493_SEG_PREV_CURR_01360,5941
052493_SEG_CURR_NEXT_01359,5942
052280_SEG_TURN_01100,5943
052493_SEG_TURN_01363,5944
052315_SEG_CURR_NEXT_01089,5945
052315_SEG_PREV_CURR_01090,5946
052423_SEG_TURN_00209,5947
052229_SEG_TURN_00047,5948
052556_SEG_PREV_CURR_00987,5949
052556_SEG_CURR_NEXT_00986,5950
052315_SEG_TURN_01327,5951
052280_SEG_TURN_00570,5952
052493_SEG_CURR_NEXT_01363,5953
052493_SEG_PREV_CURR_01364,5954
052280_SEG_TURN_00103,5955
052315_SEG_CURR_NEXT_01326,5956
052315_SEG_PREV_CURR_01327,5957
052493_SEG_PREV_CURR_01359,5958
052493_SEG_CURR_NEXT_01358,5959
052315_SEG_CURR_NEXT_00370,5960
052315_SEG_PREV_CURR_00371,5961
052280_SEG_PREV_CURR_00104,5962
052280_SEG_CURR_NEXT_00103,5963
052229_SEG_CURR_NEXT_00047,5964
052229_SEG_PREV_CURR_00048,5965
052229_SEG_TURN_00221,5966
052315_SEG_CURR_NEXT_00371,5967
052315_SEG_PREV_CURR_00372,5968
052280_SEG_TURN_00107,5969
052556_SEG_TURN_00318,5970
052556_SEG_PREV_CURR_00312,5971
052556_SEG_CURR_NEXT_00311,5972
052556_SEG_TURN_00312,5973
052556_SEG_TURN_00320,5974
052556_SEG_PREV_CURR_00311,5975
052556_SEG_CURR_NEXT_00310,5976
052556_SEG_TURN_00310,5977
052556_SEG_TURN_00314,5978
052556_SEG_TURN_00311,5979
052556_SEG_TURN_00308,5980
052556_SEG_PREV_CURR_00310,5981
052556_SEG_CURR_NEXT_00309,5982
052556_SEG_CURR_NEXT_00307,5983
052556_SEG_PREV_CURR_00308,5984
052556_SEG_CURR_NEXT_00308,5985
052556_SEG_PREV_CURR_00309,5986
052556_SEG_CURR_NEXT_00314,5987
052556_SEG_PREV_CURR_00315,5988
052556_SEG_CURR_NEXT_00312,5989
052556_SEG_PREV_CURR_00313,5990
052556_SEG_TURN_00307,5991
052556_SEG_TURN_00322,5992
052556_SEG_CURR_NEXT_00317,5993
052556_SEG_PREV_CURR_00318,5994
052556_SEG_CURR_NEXT_00313,5995
052556_SEG_PREV_CURR_00314,5996
052556_SEG_TURN_00316,5997
052556_SEG_PREV_CURR_00321,5998
052556_SEG_CURR_NEXT_00320,5999
052556_SEG_PREV_CURR_00307,6000
052556_SEG_CURR_NEXT_00306,6001
052556_SEG_TURN_00655,6002
052556_SEG_CURR_NEXT_00315,6003
052556_SEG_PREV_CURR_00316,6004
052556_SEG_TURN_00663,6005
052556_SEG_PREV_CURR_00319,6006
052556_SEG_CURR_NEXT_00318,6007
052556_SEG_TURN_00649,6008
052556_SEG_TURN_00659,6009
052556_SEG_CURR_NEXT_00319,6010
052556_SEG_PREV_CURR_00320,6011
052556_SEG_TURN_00639,6012
052556_SEG_TURN_00657,6013
052556_SEG_TURN_00645,6014
052556_SEG_CURR_NEXT_00322,6015
052556_SEG_PREV_CURR_00323,6016
052556_SEG_CURR_NEXT_00321,6017
052556_SEG_PREV_CURR_00322,6018
052556_SEG_TURN_00661,6019
052315_SEG_TURN_00734,6020
052315_SEG_PREV_CURR_00735,6021
052315_SEG_CURR_NEXT_00734,6022
052315_SEG_CURR_NEXT_00733,6023
052315_SEG_PREV_CURR_00734,6024
052556_SEG_TURN_00808,6025
052556_SEG_TURN_00800,6026
052556_SEG_TURN_00792,6027
052556_SEG_TURN_00798,6028
052556_SEG_TURN_00788,6029
052556_SEG_CURR_NEXT_00808,6030
052556_SEG_PREV_CURR_00809,6031
052556_SEG_TURN_00796,6032
052556_SEG_TURN_00794,6033
052315_SEG_TURN_00824,6034
052556_SEG_TURN_00790,6035
052556_SEG_PREV_CURR_00788,6036
052556_SEG_CURR_NEXT_00787,6037
052556_SEG_PREV_CURR_00789,6038
052556_SEG_CURR_NEXT_00788,6039
052556_SEG_CURR_NEXT_00795,6040
052556_SEG_PREV_CURR_00796,6041
052556_SEG_PREV_CURR_00801,6042
052556_SEG_CURR_NEXT_00800,6043
052556_SEG_PREV_CURR_00795,6044
052556_SEG_CURR_NEXT_00794,6045
052315_SEG_TURN_00822,6046
052556_SEG_CURR_NEXT_00807,6047
052556_SEG_PREV_CURR_00808,6048
052556_SEG_PREV_CURR_00790,6049
052556_SEG_CURR_NEXT_00789,6050
052315_SEG_PREV_CURR_00824,6051
052315_SEG_CURR_NEXT_00823,6052
052315_SEG_PREV_CURR_00825,6053
052315_SEG_CURR_NEXT_00824,6054
052556_SEG_TURN_00810,6055
052556_SEG_TURN_00806,6056
052556_SEG_CURR_NEXT_00809,6057
052556_SEG_PREV_CURR_00810,6058
052315_SEG_PREV_CURR_00823,6059
052315_SEG_CURR_NEXT_00822,6060
052556_SEG_CURR_NEXT_00791,6061
052556_SEG_PREV_CURR_00792,6062
052556_SEG_TURN_00804,6063
052556_SEG_CURR_NEXT_00810,6064
052556_SEG_PREV_CURR_00811,6065
052556_SEG_TURN_00802,6066
052315_SEG_TURN_00736,6067
052315_SEG_PREV_CURR_00822,6068
052315_SEG_CURR_NEXT_00821,6069
052364_SEG_TURN_00695,6070
052315_SEG_TURN_00531,6071
052315_SEG_CURR_NEXT_00531,6072
052315_SEG_PREV_CURR_00532,6073
052315_SEG_PREV_CURR_00531,6074
052315_SEG_CURR_NEXT_00530,6075
052364_SEG_CURR_NEXT_00694,6076
052364_SEG_PREV_CURR_00695,6077
052280_SEG_TURN_00192,6078
052280_SEG_PREV_CURR_00193,6079
052280_SEG_CURR_NEXT_00192,6080
052364_SEG_CURR_NEXT_00695,6081
052364_SEG_PREV_CURR_00696,6082
052315_SEG_TURN_00084,6083
052280_SEG_PREV_CURR_00192,6084
052280_SEG_CURR_NEXT_00191,6085
052315_SEG_TURN_00082,6086
052315_SEG_CURR_NEXT_00084,6087
052315_SEG_PREV_CURR_00085,6088
052364_SEG_TURN_00693,6089
052315_SEG_TURN_00542,6090
052229_SEG_TURN_01193,6091
052229_SEG_CURR_NEXT_01192,6092
052229_SEG_PREV_CURR_01193,6093
052229_SEG_PREV_CURR_01194,6094
052229_SEG_CURR_NEXT_01193,6095
052315_SEG_CURR_NEXT_00541,6096
052315_SEG_PREV_CURR_00542,6097
052229_SEG_TURN_00486,6098
052315_SEG_CURR_NEXT_00081,6099
052315_SEG_PREV_CURR_00082,6100
052315_SEG_TURN_00079,6101
052315_SEG_CURR_NEXT_00083,6102
052315_SEG_PREV_CURR_00084,6103
052315_SEG_CURR_NEXT_00542,6104
052315_SEG_PREV_CURR_00543,6105
052315_SEG_TURN_00884,6106
052315_SEG_CURR_NEXT_00884,6107
052315_SEG_PREV_CURR_00885,6108
052229_SEG_PREV_CURR_00487,6109
052229_SEG_CURR_NEXT_00486,6110
052364_SEG_TURN_00691,6111
052315_SEG_TURN_00085,6112
052315_SEG_CURR_NEXT_00883,6113
052315_SEG_PREV_CURR_00884,6114
052229_SEG_CURR_NEXT_00485,6115
052229_SEG_PREV_CURR_00486,6116
052315_SEG_CURR_NEXT_00085,6117
052315_SEG_PREV_CURR_00086,6118
052364_SEG_CURR_NEXT_00690,6119
052423_SEG_TURN_01526,6120
052423_SEG_TURN_00920,6121
052423_SEG_TURN_00915,6122
052364_SEG_TURN_01029,6123
052556_SEG_TURN_00132,6124
052364_SEG_TURN_01041,6125
052423_SEG_CURR_NEXT_00914,6126
052423_SEG_PREV_CURR_00915,6127
052423_SEG_PREV_CURR_00916,6128
052423_SEG_CURR_NEXT_00915,6129
052423_SEG_CURR_NEXT_01525,6130
052423_SEG_PREV_CURR_01526,6131
052423_SEG_TURN_01402,6132
052364_SEG_PREV_CURR_01042,6133
052364_SEG_CURR_NEXT_01041,6134
052423_SEG_CURR_NEXT_01526,6135
052423_SEG_PREV_CURR_01527,6136
052364_SEG_PREV_CURR_01030,6137
052364_SEG_CURR_NEXT_01029,6138
052423_SEG_CURR_NEXT_01401,6139
052423_SEG_PREV_CURR_01402,6140
052364_SEG_CURR_NEXT_01028,6141
052364_SEG_PREV_CURR_01029,6142
052229_SEG_TURN_00496,6143
052423_SEG_PREV_CURR_01403,6144
052423_SEG_CURR_NEXT_01402,6145
052556_SEG_PREV_CURR_00133,6146
052556_SEG_CURR_NEXT_00132,6147
052423_SEG_PREV_CURR_00921,6148
052423_SEG_CURR_NEXT_00920,6149
052493_SEG_TURN_01460,6150
052364_SEG_PREV_CURR_01041,6151
052364_SEG_CURR_NEXT_01040,6152
052229_SEG_CURR_NEXT_00496,6153
052229_SEG_PREV_CURR_00497,6154
052423_SEG_PREV_CURR_00920,6155
052423_SEG_CURR_NEXT_00919,6156
052493_SEG_PREV_CURR_01461,6157
052493_SEG_CURR_NEXT_01460,6158
052493_SEG_PREV_CURR_01460,6159
052493_SEG_CURR_NEXT_01459,6160
052229_SEG_PREV_CURR_00496,6161
052229_SEG_CURR_NEXT_00495,6162
052229_SEG_TURN_00482,6163
052229_SEG_PREV_CURR_00482,6164
052556_SEG_TURN_00853,6165
052556_SEG_CURR_NEXT_00852,6166
052556_SEG_PREV_CURR_00853,6167
052556_SEG_CURR_NEXT_00853,6168
052556_SEG_PREV_CURR_00854,6169
052315_SEG_TURN_00169,6170
052229_SEG_TURN_01039,6171
052315_SEG_CURR_NEXT_00168,6172
052315_SEG_PREV_CURR_00169,6173
052229_SEG_TURN_01037,6174
052315_SEG_CURR_NEXT_00169,6175
052315_SEG_PREV_CURR_00170,6176
052229_SEG_CURR_NEXT_01037,6177
052229_SEG_PREV_CURR_01038,6178
052229_SEG_CURR_NEXT_01036,6179
052229_SEG_PREV_CURR_01037,6180
052229_SEG_CURR_NEXT_01038,6181
052229_SEG_PREV_CURR_01039,6182
052556_SEG_PREV_CURR_00857,6183
052556_SEG_CURR_NEXT_00856,6184
052556_SEG_TURN_00279,6185
052556_SEG_CURR_NEXT_00855,6186
052556_SEG_PREV_CURR_00856,6187
052229_SEG_CURR_NEXT_01039,6188
052229_SEG_PREV_CURR_01040,6189
052423_SEG_TURN_01057,6190
052556_SEG_TURN_00861,6191
052556_SEG_TURN_00856,6192
052556_SEG_TURN_00855,6193
052556_SEG_CURR_NEXT_00278,6194
052556_SEG_PREV_CURR_00279,6195
052423_SEG_TURN_01077,6196
052423_SEG_CURR_NEXT_01056,6197
052423_SEG_PREV_CURR_01057,6198
052556_SEG_PREV_CURR_00861,6199
052556_SEG_CURR_NEXT_00860,6200
052556_SEG_PREV_CURR_00858,6201
052556_SEG_CURR_NEXT_00857,6202
052423_SEG_PREV_CURR_01058,6203
052423_SEG_CURR_NEXT_01057,6204
052556_SEG_PREV_CURR_00855,6205
052556_SEG_CURR_NEXT_00854,6206
052423_SEG_TURN_00808,6207
052493_SEG_TURN_00149,6208
052493_SEG_PREV_CURR_00150,6209
052493_SEG_CURR_NEXT_00149,6210
052493_SEG_PREV_CURR_00149,6211
052493_SEG_CURR_NEXT_00148,6212
052423_SEG_TURN_00775,6213
052423_SEG_PREV_CURR_00776,6214
052423_SEG_CURR_NEXT_00775,6215
052423_SEG_CURR_NEXT_00774,6216
052423_SEG_PREV_CURR_00775,6217
052423_SEG_TURN_00416,6218
052423_SEG_PREV_CURR_00416,6219
052423_SEG_CURR_NEXT_00415,6220
052423_SEG_PREV_CURR_00417,6221
052423_SEG_CURR_NEXT_00416,6222
052556_SEG_TURN_00262,6223
052423_SEG_PREV_CURR_01062,6224
052423_SEG_CURR_NEXT_01061,6225
052423_SEG_PREV_CURR_00809,6226
052423_SEG_CURR_NEXT_00808,6227
052423_SEG_CURR_NEXT_00807,6228
052423_SEG_PREV_CURR_00808,6229
052423_SEG_TURN_01062,6230
052556_SEG_TURN_00264,6231
052423_SEG_PREV_CURR_01063,6232
052423_SEG_CURR_NEXT_01062,6233
052423_SEG_TURN_00826,6234
052556_SEG_TURN_00608,6235
052364_SEG_TURN_00277,6236
052556_SEG_TURN_00616,6237
052423_SEG_TURN_00986,6238
052364_SEG_PREV_CURR_00278,6239
052556_SEG_CURR_NEXT_00246,6240
052556_SEG_PREV_CURR_00247,6241
052556_SEG_TURN_00246,6242
052556_SEG_PREV_CURR_00246,6243
052556_SEG_CURR_NEXT_00245,6244
052493_SEG_TURN_00265,6245
052493_SEG_PREV_CURR_00265,6246
052493_SEG_CURR_NEXT_00264,6247
052556_SEG_TURN_00244,6248
052423_SEG_TURN_00641,6249
052493_SEG_PREV_CURR_00266,6250
052493_SEG_CURR_NEXT_00265,6251
052556_SEG_CURR_NEXT_00244,6252
052556_SEG_PREV_CURR_00245,6253
052315_SEG_TURN_01292,6254
052556_SEG_CURR_NEXT_00254,6255
052556_SEG_PREV_CURR_00255,6256
052315_SEG_PREV_CURR_01292,6257
052315_SEG_CURR_NEXT_01291,6258
052315_SEG_PREV_CURR_01293,6259
052315_SEG_CURR_NEXT_01292,6260
052556_SEG_TURN_00255,6261
052556_SEG_PREV_CURR_00244,6262
052556_SEG_CURR_NEXT_00243,6263
052493_SEG_TURN_01530,6264
052493_SEG_TURN_00440,6265
052423_SEG_CURR_NEXT_00641,6266
052423_SEG_PREV_CURR_00642,6267
052493_SEG_TURN_00907,6268
052493_SEG_PREV_CURR_01530,6269
052493_SEG_CURR_NEXT_01529,6270
052423_SEG_CURR_NEXT_00640,6271
052423_SEG_PREV_CURR_00641,6272
052556_SEG_CURR_NEXT_00255,6273
052556_SEG_PREV_CURR_00256,6274
052280_SEG_TURN_00901,6275
052556_SEG_CURR_NEXT_00253,6276
052556_SEG_PREV_CURR_00254,6277
052556_SEG_TURN_00254,6278
052493_SEG_PREV_CURR_01531,6279
052493_SEG_CURR_NEXT_01530,6280
052493_SEG_TURN_01074,6281
052493_SEG_CURR_NEXT_00906,6282
052493_SEG_PREV_CURR_00907,6283
052493_SEG_PREV_CURR_01074,6284
052556_SEG_CURR_NEXT_00258,6285
052556_SEG_PREV_CURR_00259,6286
052556_SEG_TURN_00258,6287
052556_SEG_PREV_CURR_00258,6288
052556_SEG_CURR_NEXT_00257,6289
052493_SEG_PREV_CURR_00221,6290
052493_SEG_CURR_NEXT_00220,6291
052493_SEG_TURN_00220,6292
052493_SEG_PREV_CURR_00220,6293
052493_SEG_CURR_NEXT_00219,6294
052556_SEG_TURN_00859,6295
052556_SEG_TURN_00443,6296
052556_SEG_PREV_CURR_00925,6297
052556_SEG_CURR_NEXT_00924,6298
052556_SEG_PREV_CURR_00443,6299
052556_SEG_CURR_NEXT_00442,6300
052556_SEG_CURR_NEXT_00443,6301
052556_SEG_PREV_CURR_00444,6302
052556_SEG_TURN_00924,6303
052280_SEG_TURN_00902,6304
052364_SEG_TURN_00728,6305
052280_SEG_CURR_NEXT_00902,6306
052280_SEG_PREV_CURR_00903,6307
052556_SEG_TURN_00259,6308
052493_SEG_TURN_01320,6309
052280_SEG_CURR_NEXT_00901,6310
052280_SEG_PREV_CURR_00902,6311
052556_SEG_PREV_CURR_00859,6312
052556_SEG_CURR_NEXT_00858,6313
052556_SEG_CURR_NEXT_00923,6314
052556_SEG_PREV_CURR_00924,6315
052556_SEG_PREV_CURR_00860,6316
052556_SEG_CURR_NEXT_00859,6317
052556_SEG_TURN_00325,6318
052556_SEG_TURN_00451,6319
052556_SEG_PREV_CURR_00248,6320
052556_SEG_CURR_NEXT_00247,6321
052556_SEG_TURN_00336,6322
052556_SEG_TURN_00330,6323
052556_SEG_TURN_00328,6324
052556_SEG_TURN_00324,6325
052556_SEG_CURR_NEXT_00328,6326
052556_SEG_PREV_CURR_00329,6327
052556_SEG_PREV_CURR_00330,6328
052556_SEG_CURR_NEXT_00329,6329
052556_SEG_PREV_CURR_00328,6330
052556_SEG_CURR_NEXT_00327,6331
052556_SEG_PREV_CURR_00336,6332
052556_SEG_CURR_NEXT_00335,6333
052556_SEG_TURN_00326,6334
052556_SEG_PREV_CURR_00327,6335
052556_SEG_CURR_NEXT_00326,6336
052556_SEG_PREV_CURR_00930,6337
052556_SEG_CURR_NEXT_00929,6338
052556_SEG_PREV_CURR_00331,6339
052556_SEG_CURR_NEXT_00330,6340
052556_SEG_PREV_CURR_00337,6341
052556_SEG_CURR_NEXT_00336,6342
052556_SEG_CURR_NEXT_00928,6343
052556_SEG_PREV_CURR_00929,6344
052556_SEG_PREV_CURR_00324,6345
052556_SEG_CURR_NEXT_00323,6346
052556_SEG_PREV_CURR_00325,6347
052556_SEG_CURR_NEXT_00324,6348
052556_SEG_TURN_00335,6349
052556_SEG_PREV_CURR_00326,6350
052556_SEG_CURR_NEXT_00325,6351
052556_SEG_PREV_CURR_00335,6352
052556_SEG_CURR_NEXT_00334,6353
052315_SEG_TURN_01135,6354
052556_SEG_TURN_01035,6355
052556_SEG_PREV_CURR_01036,6356
052556_SEG_CURR_NEXT_01035,6357
052556_SEG_TURN_00005,6358
052556_SEG_PREV_CURR_01035,6359
052556_SEG_CURR_NEXT_01034,6360
052556_SEG_TURN_00012,6361
052556_SEG_CURR_NEXT_00004,6362
052556_SEG_PREV_CURR_00005,6363
052556_SEG_PREV_CURR_00013,6364
052556_SEG_CURR_NEXT_00012,6365
052556_SEG_PREV_CURR_00742,6366
052556_SEG_CURR_NEXT_00741,6367
052556_SEG_PREV_CURR_00741,6368
052423_SEG_TURN_01537,6369
052423_SEG_TURN_01535,6370
052364_SEG_TURN_01174,6371
052364_SEG_PREV_CURR_01174,6372
052364_SEG_CURR_NEXT_01173,6373
052364_SEG_PREV_CURR_01175,6374
052364_SEG_CURR_NEXT_01174,6375
052423_SEG_TURN_01013,6376
052423_SEG_PREV_CURR_01013,6377
052423_SEG_CURR_NEXT_01012,6378
052493_SEG_TURN_01394,6379
052493_SEG_TURN_01392,6380
052493_SEG_PREV_CURR_01393,6381
052493_SEG_CURR_NEXT_01392,6382
052493_SEG_CURR_NEXT_01391,6383
052493_SEG_PREV_CURR_01392,6384
052423_SEG_TURN_00997,6385
052315_SEG_TURN_01283,6386
052315_SEG_PREV_CURR_01284,6387
052315_SEG_CURR_NEXT_01283,6388
052315_SEG_PREV_CURR_01283,6389
052364_SEG_TURN_01027,6390
052364_SEG_PREV_CURR_01028,6391
052364_SEG_CURR_NEXT_01027,6392
052364_SEG_TURN_00315,6393
052364_SEG_CURR_NEXT_00994,6394
052364_SEG_PREV_CURR_00995,6395
052364_SEG_PREV_CURR_00874,6396
052364_SEG_CURR_NEXT_00873,6397
052364_SEG_TURN_01006,6398
052364_SEG_TURN_00298,6399
052364_SEG_TURN_00887,6400
052364_SEG_TURN_01037,6401
052364_SEG_TURN_00891,6402
052364_SEG_TURN_00914,6403
052364_SEG_TURN_00995,6404
052364_SEG_TURN_00899,6405
052364_SEG_TURN_00878,6406
052364_SEG_TURN_00876,6407
052364_SEG_TURN_00874,6408
052364_SEG_TURN_00897,6409
052364_SEG_TURN_00994,6410
052364_SEG_TURN_00318,6411
052364_SEG_TURN_00997,6412
052364_SEG_TURN_01008,6413
052364_SEG_TURN_00288,6414
052364_SEG_TURN_00873,6415
052364_SEG_TURN_00901,6416
052364_SEG_TURN_00884,6417
052364_SEG_TURN_00909,6418
052364_SEG_TURN_00889,6419
052364_SEG_TURN_00657,6420
052364_SEG_TURN_00324,6421
052364_SEG_TURN_01033,6422
052364_SEG_TURN_00903,6423
052364_SEG_TURN_00294,6424
052364_SEG_CURR_NEXT_00995,6425
052364_SEG_PREV_CURR_00996,6426
052364_SEG_TURN_01001,6427
052364_SEG_CURR_NEXT_00996,6428
052364_SEG_PREV_CURR_00997,6429
052364_SEG_TURN_00895,6430
052364_SEG_TURN_01039,6431
052364_SEG_TURN_00296,6432
052364_SEG_TURN_00893,6433
052364_SEG_TURN_00310,6434
052364_SEG_TURN_00882,6435
052280_SEG_TURN_00031,6436
052364_SEG_TURN_00880,6437
052315_SEG_TURN_00228,6438
052315_SEG_CURR_NEXT_00228,6439
052315_SEG_PREV_CURR_00229,6440
052315_SEG_CURR_NEXT_00227,6441
052315_SEG_PREV_CURR_00228,6442
052315_SEG_TURN_00226,6443
052315_SEG_CURR_NEXT_00226,6444
052315_SEG_PREV_CURR_00227,6445
052315_SEG_CURR_NEXT_00225,6446
052315_SEG_PREV_CURR_00226,6447
052364_SEG_PREV_CURR_00305,6448
052364_SEG_CURR_NEXT_00304,6449
052364_SEG_TURN_00289,6450
052364_SEG_TURN_00301,6451
052364_SEG_TURN_00295,6452
052364_SEG_PREV_CURR_00290,6453
052364_SEG_CURR_NEXT_00289,6454
052364_SEG_PREV_CURR_00295,6455
052364_SEG_CURR_NEXT_00294,6456
052364_SEG_PREV_CURR_00302,6457
052364_SEG_CURR_NEXT_00301,6458
052364_SEG_PREV_CURR_00296,6459
052364_SEG_CURR_NEXT_00295,6460
052364_SEG_TURN_00299,6461
052423_SEG_TURN_01341,6462
052364_SEG_CURR_NEXT_00288,6463
052364_SEG_PREV_CURR_00289,6464
052556_SEG_TURN_00331,6465
052315_SEG_TURN_00232,6466
052364_SEG_CURR_NEXT_00298,6467
052364_SEG_PREV_CURR_00299,6468
052315_SEG_CURR_NEXT_00232,6469
052315_SEG_PREV_CURR_00233,6470
052315_SEG_CURR_NEXT_00231,6471
052315_SEG_PREV_CURR_00232,6472
052556_SEG_PREV_CURR_00332,6473
052556_SEG_CURR_NEXT_00331,6474
052364_SEG_CURR_NEXT_00299,6475
052364_SEG_PREV_CURR_00300,6476
052423_SEG_CURR_NEXT_01340,6477
052423_SEG_PREV_CURR_01341,6478
052364_SEG_TURN_00304,6479
052423_SEG_PREV_CURR_01342,6480
052423_SEG_CURR_NEXT_01341,6481
052364_SEG_TURN_00302,6482
052556_SEG_TURN_00948,6483
052556_SEG_TURN_00181,6484
052556_SEG_PREV_CURR_00948,6485
052556_SEG_CURR_NEXT_00947,6486
052556_SEG_CURR_NEXT_00180,6487
052556_SEG_PREV_CURR_00181,6488
052556_SEG_PREV_CURR_00949,6489
052556_SEG_CURR_NEXT_00948,6490
052556_SEG_CURR_NEXT_00181,6491
052556_SEG_PREV_CURR_00182,6492
052556_SEG_TURN_00234,6493
052364_SEG_TURN_00974,6494
052364_SEG_TURN_01173,6495
052364_SEG_TURN_00954,6496
052364_SEG_TURN_00959,6497
052364_SEG_TURN_01167,6498
052364_SEG_TURN_01171,6499
052364_SEG_TURN_00957,6500
052364_SEG_TURN_01169,6501
052364_SEG_TURN_00963,6502
052364_SEG_TURN_00950,6503
052364_SEG_TURN_01175,6504
052364_SEG_TURN_00246,6505
052364_SEG_TURN_00258,6506
052556_SEG_CURR_NEXT_00942,6507
052556_SEG_PREV_CURR_00943,6508
052364_SEG_TURN_00972,6509
052364_SEG_PREV_CURR_01160,6510
052364_SEG_CURR_NEXT_01159,6511
052364_SEG_TURN_01160,6512
052364_SEG_TURN_00278,6513
052364_SEG_TURN_00254,6514
052364_SEG_CURR_NEXT_00954,6515
052364_SEG_PREV_CURR_00955,6516
052364_SEG_TURN_00952,6517
052423_SEG_PREV_CURR_01107,6518
052423_SEG_CURR_NEXT_01106,6519
052364_SEG_TURN_00270,6520
052364_SEG_TURN_00272,6521
052364_SEG_TURN_00961,6522
052364_SEG_TURN_00280,6523
052556_SEG_TURN_00950,6524
052423_SEG_TURN_01107,6525
052364_SEG_TURN_00252,6526
052364_SEG_PREV_CURR_00950,6527
052364_SEG_CURR_NEXT_00949,6528
052364_SEG_TURN_00283,6529
052364_SEG_CURR_NEXT_00248,6530
052364_SEG_PREV_CURR_00249,6531
052364_SEG_TURN_00249,6532
052364_SEG_CURR_NEXT_00249,6533
052364_SEG_PREV_CURR_00250,6534
052364_SEG_CURR_NEXT_00270,6535
052364_SEG_PREV_CURR_00271,6536
052364_SEG_CURR_NEXT_00271,6537
052364_SEG_PREV_CURR_00272,6538
052364_SEG_PREV_CURR_00268,6539
052364_SEG_CURR_NEXT_00267,6540
052364_SEG_TURN_00267,6541
052364_SEG_CURR_NEXT_00266,6542
052364_SEG_PREV_CURR_00267,6543
052364_SEG_PREV_CURR_00255,6544
052364_SEG_CURR_NEXT_00254,6545
052364_SEG_TURN_00268,6546
052364_SEG_TURN_00274,6547
052280_SEG_TURN_00843,6548
052280_SEG_CURR_NEXT_00842,6549
052280_SEG_PREV_CURR_00843,6550
052364_SEG_PREV_CURR_01167,6551
052364_SEG_CURR_NEXT_01166,6552
052280_SEG_PREV_CURR_00844,6553
052280_SEG_CURR_NEXT_00843,6554
052364_SEG_TURN_00966,6555
052364_SEG_CURR_NEXT_00956,6556
052364_SEG_PREV_CURR_00957,6557
052364_SEG_TURN_00248,6558
052364_SEG_TURN_00285,6559
052364_SEG_TURN_00276,6560
052364_SEG_CURR_NEXT_00245,6561
052364_SEG_PREV_CURR_00246,6562
052364_SEG_TURN_00250,6563
052364_SEG_PREV_CURR_00954,6564
052364_SEG_CURR_NEXT_00953,6565
052364_SEG_CURR_NEXT_00952,6566
052364_SEG_PREV_CURR_00960,6567
052364_SEG_CURR_NEXT_00959,6568
052364_SEG_PREV_CURR_00961,6569
052364_SEG_CURR_NEXT_00960,6570
052364_SEG_CURR_NEXT_00974,6571
052364_SEG_PREV_CURR_00975,6572
052364_SEG_PREV_CURR_00976,6573
052364_SEG_CURR_NEXT_00975,6574
052364_SEG_TURN_00960,6575
052364_SEG_CURR_NEXT_00966,6576
052364_SEG_PREV_CURR_00967,6577
052364_SEG_TURN_00975,6578
052364_SEG_CURR_NEXT_00965,6579
052364_SEG_PREV_CURR_00966,6580
052364_SEG_PREV_CURR_00963,6581
052364_SEG_CURR_NEXT_00962,6582
052364_SEG_CURR_NEXT_00961,6583
052364_SEG_PREV_CURR_00962,6584
052364_SEG_PREV_CURR_00956,6585
052364_SEG_CURR_NEXT_00955,6586
052364_SEG_TURN_00955,6587
052364_SEG_TURN_00967,6588
052364_SEG_CURR_NEXT_00967,6589
052364_SEG_PREV_CURR_00968,6590
052364_SEG_TURN_00956,6591
052315_SEG_TURN_00083,6592
052315_SEG_CURR_NEXT_00082,6593
052315_SEG_PREV_CURR_00083,6594
052315_SEG_CURR_NEXT_00078,6595
052315_SEG_PREV_CURR_00079,6596
052315_SEG_TURN_00081,6597
052315_SEG_CURR_NEXT_00079,6598
052315_SEG_PREV_CURR_00080,6599
052423_SEG_TURN_00325,6600
052315_SEG_CURR_NEXT_00080,6601
052315_SEG_PREV_CURR_00081,6602
052556_SEG_TURN_00827,6603
052423_SEG_PREV_CURR_00326,6604
052423_SEG_CURR_NEXT_00325,6605
052556_SEG_CURR_NEXT_00826,6606
052556_SEG_PREV_CURR_00827,6607
052423_SEG_CURR_NEXT_00324,6608
052423_SEG_PREV_CURR_00325,6609
052556_SEG_TURN_00823,6610
052364_SEG_PREV_CURR_00691,6611
052364_SEG_TURN_01252,6612
052364_SEG_CURR_NEXT_01252,6613
052364_SEG_PREV_CURR_01253,6614
052364_SEG_PREV_CURR_01252,6615
052364_SEG_CURR_NEXT_01251,6616
052364_SEG_TURN_00684,6617
052364_SEG_CURR_NEXT_00684,6618
052364_SEG_PREV_CURR_00685,6619
052364_SEG_CURR_NEXT_00683,6620
052364_SEG_PREV_CURR_00684,6621
052229_SEG_TURN_00912,6622
052229_SEG_CURR_NEXT_00912,6623
052229_SEG_PREV_CURR_00913,6624
052364_SEG_TURN_01253,6625
052229_SEG_PREV_CURR_00912,6626
052229_SEG_CURR_NEXT_00911,6627
052364_SEG_TURN_01279,6628
052364_SEG_CURR_NEXT_00001,6629
052364_SEG_PREV_CURR_00002,6630
052364_SEG_CURR_NEXT_01253,6631
052364_SEG_PREV_CURR_01254,6632
052364_SEG_TURN_00001,6633
052364_SEG_PREV_CURR_01280,6634
052364_SEG_CURR_NEXT_01279,6635
052364_SEG_CURR_NEXT_01278,6636
052364_SEG_PREV_CURR_01279,6637
052493_SEG_TURN_00289,6638
052364_SEG_TURN_00002,6639
052493_SEG_CURR_NEXT_00289,6640
052493_SEG_PREV_CURR_00290,6641
052315_SEG_TURN_00681,6642
052493_SEG_CURR_NEXT_00288,6643
052493_SEG_PREV_CURR_00289,6644
052229_SEG_TURN_01142,6645
052229_SEG_PREV_CURR_01142,6646
052229_SEG_CURR_NEXT_01141,6647
052364_SEG_TURN_01250,6648
052364_SEG_PREV_CURR_00003,6649
052364_SEG_CURR_NEXT_00002,6650
052315_SEG_PREV_CURR_00682,6651
052315_SEG_CURR_NEXT_00681,6652
052315_SEG_CURR_NEXT_00680,6653
052315_SEG_PREV_CURR_00681,6654
052229_SEG_PREV_CURR_01143,6655
052229_SEG_CURR_NEXT_01142,6656
052364_SEG_PREV_CURR_01250,6657
052364_SEG_CURR_NEXT_01249,6658
052229_SEG_TURN_00620,6659
052229_SEG_CURR_NEXT_00619,6660
052229_SEG_PREV_CURR_00620,6661
052229_SEG_TURN_00204,6662
052364_SEG_TURN_00633,6663
052364_SEG_PREV_CURR_00634,6664
052364_SEG_CURR_NEXT_00633,6665
052364_SEG_CURR_NEXT_00632,6666
052364_SEG_PREV_CURR_00633,6667
052364_SEG_TURN_01179,6668
052229_SEG_CURR_NEXT_00204,6669
052229_SEG_PREV_CURR_00205,6670
052364_SEG_TURN_00875,6671
052423_SEG_TURN_00346,6672
052229_SEG_TURN_00776,6673
052229_SEG_CURR_NEXT_00203,6674
052229_SEG_PREV_CURR_00204,6675
052423_SEG_PREV_CURR_00346,6676
052423_SEG_CURR_NEXT_00345,6677
052364_SEG_TURN_00159,6678
052364_SEG_CURR_NEXT_00159,6679
052364_SEG_PREV_CURR_00160,6680
052364_SEG_PREV_CURR_00159,6681
052364_SEG_CURR_NEXT_00158,6682
052229_SEG_CURR_NEXT_00922,6683
052229_SEG_PREV_CURR_00923,6684
052229_SEG_PREV_CURR_00922,6685
052229_SEG_CURR_NEXT_00921,6686
052229_SEG_CURR_NEXT_00776,6687
052229_SEG_PREV_CURR_00777,6688
052493_SEG_TURN_01306,6689
052423_SEG_TURN_01003,6690
052364_SEG_TURN_00019,6691
052364_SEG_PREV_CURR_00876,6692
052364_SEG_CURR_NEXT_00875,6693
052556_SEG_TURN_00361,6694
052423_SEG_TURN_00342,6695
052364_SEG_CURR_NEXT_00874,6696
052364_SEG_PREV_CURR_00875,6697
052423_SEG_PREV_CURR_00347,6698
052423_SEG_CURR_NEXT_00346,6699
052423_SEG_PREV_CURR_01003,6700
052423_SEG_CURR_NEXT_01002,6701
052364_SEG_TURN_00052,6702
052493_SEG_CURR_NEXT_01306,6703
052493_SEG_PREV_CURR_01307,6704
052280_SEG_TURN_01057,6705
052364_SEG_TURN_00817,6706
052364_SEG_PREV_CURR_00818,6707
052364_SEG_CURR_NEXT_00817,6708
052364_SEG_TURN_00818,6709
052364_SEG_TURN_00935,6710
052364_SEG_TURN_00941,6711
052364_SEG_TURN_00826,6712
052364_SEG_TURN_00820,6713
052364_SEG_TURN_00822,6714
052364_SEG_TURN_00947,6715
052364_SEG_TURN_00937,6716
052364_SEG_TURN_00824,6717
052364_SEG_CURR_NEXT_00825,6718
052364_SEG_PREV_CURR_00826,6719
052364_SEG_CURR_NEXT_00824,6720
052364_SEG_PREV_CURR_00825,6721
052364_SEG_TURN_00933,6722
052364_SEG_CURR_NEXT_00941,6723
052364_SEG_PREV_CURR_00942,6724
052364_SEG_PREV_CURR_00933,6725
052364_SEG_CURR_NEXT_00932,6726
052364_SEG_TURN_00930,6727
052364_SEG_PREV_CURR_00930,6728
052364_SEG_CURR_NEXT_00929,6729
052364_SEG_PREV_CURR_00935,6730
052364_SEG_CURR_NEXT_00934,6731
052364_SEG_CURR_NEXT_00816,6732
052364_SEG_PREV_CURR_00817,6733
052364_SEG_CURR_NEXT_00933,6734
052364_SEG_PREV_CURR_00934,6735
052364_SEG_PREV_CURR_00948,6736
052364_SEG_CURR_NEXT_00947,6737
052364_SEG_PREV_CURR_00931,6738
052364_SEG_CURR_NEXT_00930,6739
052364_SEG_PREV_CURR_00947,6740
052364_SEG_CURR_NEXT_00946,6741
052364_SEG_PREV_CURR_00821,6742
052364_SEG_CURR_NEXT_00820,6743
052364_SEG_PREV_CURR_00819,6744
052364_SEG_CURR_NEXT_00818,6745
052364_SEG_TURN_01267,6746
052364_SEG_PREV_CURR_00820,6747
052364_SEG_CURR_NEXT_00819,6748
052364_SEG_PREV_CURR_01268,6749
052364_SEG_CURR_NEXT_01267,6750
052364_SEG_PREV_CURR_00822,6751
052364_SEG_CURR_NEXT_00821,6752
052364_SEG_TURN_00929,6753
052364_SEG_PREV_CURR_00944,6754
052364_SEG_CURR_NEXT_00943,6755
052364_SEG_TURN_00943,6756
052364_SEG_PREV_CURR_00943,6757
052364_SEG_CURR_NEXT_00942,6758
052493_SEG_TURN_00395,6759
052493_SEG_PREV_CURR_00396,6760
052493_SEG_CURR_NEXT_00395,6761
052364_SEG_TURN_00944,6762
052364_SEG_TURN_00938,6763
052364_SEG_CURR_NEXT_00937,6764
052364_SEG_PREV_CURR_00938,6765
052364_SEG_CURR_NEXT_00938,6766
052364_SEG_PREV_CURR_00939,6767
052364_SEG_PREV_CURR_00945,6768
052364_SEG_CURR_NEXT_00944,6769
052493_SEG_PREV_CURR_00395,6770
052493_SEG_CURR_NEXT_00394,6771
052364_SEG_PREV_CURR_00941,6772
052364_SEG_CURR_NEXT_00940,6773
052364_SEG_TURN_00940,6774
052364_SEG_PREV_CURR_00940,6775
052364_SEG_CURR_NEXT_00939,6776
052556_SEG_TURN_00724,6777
052364_SEG_TURN_00945,6778
052493_SEG_TURN_00082,6779
052364_SEG_TURN_01117,6780
052364_SEG_PREV_CURR_00946,6781
052364_SEG_CURR_NEXT_00945,6782
052364_SEG_PREV_CURR_01117,6783
052364_SEG_CURR_NEXT_01116,6784
052493_SEG_PREV_CURR_00083,6785
052493_SEG_CURR_NEXT_00082,6786
052493_SEG_CURR_NEXT_00081,6787
052493_SEG_PREV_CURR_00082,6788
052364_SEG_PREV_CURR_01269,6789
052364_SEG_CURR_NEXT_01268,6790
052364_SEG_TURN_01269,6791
052364_SEG_TURN_01268,6792
052364_SEG_TURN_01120,6793
052364_SEG_CURR_NEXT_01269,6794
052364_SEG_PREV_CURR_01270,6795
052364_SEG_TURN_01118,6796
052364_SEG_PREV_CURR_01118,6797
052364_SEG_CURR_NEXT_01117,6798
052364_SEG_PREV_CURR_01120,6799
052364_SEG_CURR_NEXT_01119,6800
052364_SEG_PREV_CURR_01119,6801
052364_SEG_CURR_NEXT_01118,6802
052364_SEG_TURN_01119,6803
052364_SEG_TURN_01115,6804
052364_SEG_CURR_NEXT_01115,6805
052364_SEG_PREV_CURR_01116,6806
052364_SEG_CURR_NEXT_01120,6807
052364_SEG_PREV_CURR_01121,6808
052364_SEG_PREV_CURR_01115,6809
052364_SEG_CURR_NEXT_01114,6810
052493_SEG_TURN_00024,6811
052493_SEG_PREV_CURR_00024,6812
052493_SEG_CURR_NEXT_00023,6813
052493_SEG_PREV_CURR_00025,6814
052493_SEG_CURR_NEXT_00024,6815
052280_SEG_TURN_00713,6816
052493_SEG_TURN_01194,6817
052280_SEG_PREV_CURR_00713,6818
052280_SEG_CURR_NEXT_00712,6819
052280_SEG_CURR_NEXT_00713,6820
052280_SEG_PREV_CURR_00714,6821
052280_SEG_TURN_00692,6822
052229_SEG_TURN_00874,6823
052423_SEG_TURN_01085,6824
052229_SEG_CURR_NEXT_00874,6825
052229_SEG_PREV_CURR_00875,6826
052229_SEG_TURN_01127,6827
052423_SEG_PREV_CURR_01086,6828
052423_SEG_CURR_NEXT_01085,6829
052229_SEG_PREV_CURR_01128,6830
052229_SEG_CURR_NEXT_01127,6831
052423_SEG_TURN_01477,6832
052229_SEG_CURR_NEXT_00873,6833
052229_SEG_PREV_CURR_00874,6834
052229_SEG_PREV_CURR_01127,6835
052229_SEG_CURR_NEXT_01126,6836
052423_SEG_PREV_CURR_01478,6837
052423_SEG_CURR_NEXT_01477,6838
052423_SEG_CURR_NEXT_01476,6839
052423_SEG_PREV_CURR_01477,6840
052493_SEG_TURN_01342,6841
052493_SEG_CURR_NEXT_01342,6842
052493_SEG_PREV_CURR_01343,6843
052423_SEG_TURN_00048,6844
052556_SEG_TURN_00610,6845
052423_SEG_CURR_NEXT_00048,6846
052423_SEG_PREV_CURR_00049,6847
052423_SEG_PREV_CURR_00048,6848
052423_SEG_CURR_NEXT_00047,6849
052556_SEG_CURR_NEXT_00610,6850
052556_SEG_PREV_CURR_00611,6851
052556_SEG_CURR_NEXT_00609,6852
052556_SEG_PREV_CURR_00610,6853
052493_SEG_PREV_CURR_01342,6854
052493_SEG_CURR_NEXT_01341,6855
052493_SEG_TURN_00868,6856
052315_SEG_CURR_NEXT_00110,6857
052315_SEG_PREV_CURR_00111,6858
052493_SEG_CURR_NEXT_00867,6859
052493_SEG_PREV_CURR_00868,6860
052315_SEG_CURR_NEXT_00111,6861
052315_SEG_PREV_CURR_00112,6862
052493_SEG_PREV_CURR_00869,6863
052493_SEG_CURR_NEXT_00868,6864
052364_SEG_TURN_00387,6865
052229_SEG_TURN_00642,6866
052364_SEG_PREV_CURR_00387,6867
052364_SEG_CURR_NEXT_00386,6868
052364_SEG_CURR_NEXT_00387,6869
052364_SEG_PREV_CURR_00388,6870
052229_SEG_CURR_NEXT_00641,6871
052229_SEG_PREV_CURR_00642,6872
052229_SEG_TURN_00820,6873
052364_SEG_CURR_NEXT_00382,6874
052364_SEG_PREV_CURR_00383,6875
052364_SEG_TURN_00346,6876
052315_SEG_TURN_00632,6877
052315_SEG_PREV_CURR_00632,6878
052315_SEG_CURR_NEXT_00631,6879
052315_SEG_PREV_CURR_00633,6880
052315_SEG_CURR_NEXT_00632,6881
052493_SEG_TURN_00155,6882
052556_SEG_TURN_00125,6883
052493_SEG_CURR_NEXT_00155,6884
052493_SEG_PREV_CURR_00156,6885
052364_SEG_CURR_NEXT_00345,6886
052364_SEG_PREV_CURR_00346,6887
052556_SEG_PREV_CURR_00126,6888
052556_SEG_CURR_NEXT_00125,6889
052364_SEG_CURR_NEXT_00346,6890
052364_SEG_PREV_CURR_00347,6891
052556_SEG_CURR_NEXT_00124,6892
052556_SEG_PREV_CURR_00125,6893
052315_SEG_TURN_00269,6894
052493_SEG_TURN_01468,6895
052493_SEG_PREV_CURR_01468,6896
052493_SEG_CURR_NEXT_01467,6897
052493_SEG_PREV_CURR_00155,6898
052493_SEG_CURR_NEXT_00154,6899
052315_SEG_CURR_NEXT_00268,6900
052315_SEG_PREV_CURR_00269,6901
052493_SEG_CURR_NEXT_01468,6902
052493_SEG_PREV_CURR_01469,6903
052493_SEG_TURN_00990,6904
052315_SEG_CURR_NEXT_00269,6905
052315_SEG_PREV_CURR_00270,6906
052364_SEG_TURN_01264,6907
052364_SEG_TURN_01262,6908
052364_SEG_CURR_NEXT_01264,6909
052364_SEG_PREV_CURR_01265,6910
052364_SEG_PREV_CURR_01264,6911
052364_SEG_CURR_NEXT_01263,6912
052364_SEG_PREV_CURR_01263,6913
052364_SEG_CURR_NEXT_01262,6914
052364_SEG_TURN_01263,6915
052364_SEG_CURR_NEXT_01261,6916
052364_SEG_PREV_CURR_01262,6917
052315_SEG_TURN_01091,6918
052315_SEG_CURR_NEXT_01090,6919
052315_SEG_PREV_CURR_01091,6920
052280_SEG_TURN_00011,6921
052315_SEG_CURR_NEXT_01091,6922
052315_SEG_PREV_CURR_01092,6923
052280_SEG_TURN_00976,6924
052280_SEG_PREV_CURR_00012,6925
052280_SEG_CURR_NEXT_00011,6926
052280_SEG_TURN_00645,6927
052280_SEG_CURR_NEXT_00644,6928
052280_SEG_PREV_CURR_00645,6929
052280_SEG_PREV_CURR_00646,6930
052280_SEG_CURR_NEXT_00645,6931
052280_SEG_PREV_CURR_00977,6932
052280_SEG_CURR_NEXT_00976,6933
052229_SEG_TURN_00027,6934
052364_SEG_CURR_NEXT_00096,6935
052364_SEG_PREV_CURR_00097,6936
052280_SEG_CURR_NEXT_00975,6937
052280_SEG_PREV_CURR_00976,6938
052364_SEG_TURN_00097,6939
052364_SEG_CURR_NEXT_00097,6940
052364_SEG_PREV_CURR_00098,6941
052229_SEG_CURR_NEXT_00026,6942
052229_SEG_PREV_CURR_00027,6943
052556_SEG_TURN_00210,6944
052364_SEG_TURN_01199,6945
052315_SEG_PREV_CURR_00851,6946
052315_SEG_CURR_NEXT_00850,6947
052556_SEG_CURR_NEXT_00209,6948
052556_SEG_PREV_CURR_00210,6949
052556_SEG_CURR_NEXT_00210,6950
052556_SEG_PREV_CURR_00211,6951
052364_SEG_CURR_NEXT_01198,6952
052364_SEG_PREV_CURR_01199,6953
052423_SEG_TURN_00064,6954
052423_SEG_PREV_CURR_00065,6955
052423_SEG_CURR_NEXT_00064,6956
052315_SEG_PREV_CURR_00850,6957
052315_SEG_CURR_NEXT_00849,6958
052364_SEG_CURR_NEXT_01199,6959
052364_SEG_PREV_CURR_01200,6960
052423_SEG_PREV_CURR_00064,6961
052423_SEG_CURR_NEXT_00063,6962
052423_SEG_TURN_01070,6963
052423_SEG_CURR_NEXT_00219,6964
052423_SEG_PREV_CURR_00220,6965
052423_SEG_TURN_00220,6966
052364_SEG_TURN_00173,6967
052364_SEG_CURR_NEXT_00173,6968
052364_SEG_PREV_CURR_00174,6969
052423_SEG_CURR_NEXT_00220,6970
052423_SEG_PREV_CURR_00221,6971
052364_SEG_CURR_NEXT_00172,6972
052364_SEG_PREV_CURR_00173,6973
052364_SEG_TURN_00177,6974
052229_SEG_TURN_00232,6975
052315_SEG_TURN_00095,6976
052364_SEG_CURR_NEXT_00177,6977
052364_SEG_PREV_CURR_00178,6978
052229_SEG_TURN_00203,6979
052315_SEG_CURR_NEXT_00095,6980
052315_SEG_PREV_CURR_00096,6981
052423_SEG_PREV_CURR_00218,6982
052423_SEG_CURR_NEXT_00217,6983
052364_SEG_CURR_NEXT_00176,6984
052364_SEG_PREV_CURR_00177,6985
052423_SEG_CURR_NEXT_00218,6986
052423_SEG_PREV_CURR_00219,6987
052229_SEG_PREV_CURR_00232,6988
052229_SEG_CURR_NEXT_00231,6989
052315_SEG_PREV_CURR_00095,6990
052315_SEG_CURR_NEXT_00094,6991
052229_SEG_PREV_CURR_00233,6992
052229_SEG_CURR_NEXT_00232,6993
052423_SEG_CURR_NEXT_00262,6994
052423_SEG_PREV_CURR_00263,6995
052423_SEG_TURN_00263,6996
052423_SEG_CURR_NEXT_00263,6997
052423_SEG_PREV_CURR_00264,6998
052423_SEG_CURR_NEXT_00261,6999
052423_SEG_PREV_CURR_00262,7000
052423_SEG_TURN_00261,7001
052423_SEG_CURR_NEXT_00260,7002
052423_SEG_PREV_CURR_00261,7003
052423_SEG_TURN_00262,7004
052229_SEG_PREV_CURR_00934,7005
052229_SEG_CURR_NEXT_00933,7006
052229_SEG_PREV_CURR_00933,7007
052229_SEG_CURR_NEXT_00932,7008
052315_SEG_TURN_00640,7009
052229_SEG_TURN_00932,7010
052229_SEG_PREV_CURR_00932,7011
052229_SEG_CURR_NEXT_00931,7012
052315_SEG_CURR_NEXT_00640,7013
052315_SEG_PREV_CURR_00641,7014
052315_SEG_TURN_00653,7015
052315_SEG_CURR_NEXT_00653,7016
052315_SEG_PREV_CURR_00654,7017
052315_SEG_CURR_NEXT_00652,7018
052315_SEG_PREV_CURR_00653,7019
052423_SEG_TURN_01539,7020
052423_SEG_PREV_CURR_01539,7021
052423_SEG_CURR_NEXT_01538,7022
052315_SEG_CURR_NEXT_00639,7023
052315_SEG_PREV_CURR_00640,7024
052423_SEG_PREV_CURR_01540,7025
052423_SEG_CURR_NEXT_01539,7026
052493_SEG_TURN_01149,7027
052280_SEG_TURN_01012,7028
052315_SEG_TURN_00655,7029
052315_SEG_CURR_NEXT_00654,7030
052315_SEG_PREV_CURR_00655,7031
052493_SEG_CURR_NEXT_01149,7032
052493_SEG_PREV_CURR_01150,7033
052315_SEG_TURN_00234,7034
052280_SEG_PREV_CURR_01013,7035
052280_SEG_CURR_NEXT_01012,7036
052280_SEG_PREV_CURR_01012,7037
052280_SEG_CURR_NEXT_01011,7038
052229_SEG_TURN_00348,7039
052229_SEG_PREV_CURR_00349,7040
052229_SEG_CURR_NEXT_00348,7041
052423_SEG_TURN_01246,7042
052556_SEG_TURN_00150,7043
052423_SEG_TURN_00491,7044
052423_SEG_TURN_00599,7045
052315_SEG_TURN_00515,7046
052423_SEG_CURR_NEXT_00491,7047
052423_SEG_PREV_CURR_00492,7048
052423_SEG_CURR_NEXT_00490,7049
052423_SEG_PREV_CURR_00491,7050
052423_SEG_PREV_CURR_00600,7051
052423_SEG_CURR_NEXT_00599,7052
052315_SEG_CURR_NEXT_00514,7053
052315_SEG_PREV_CURR_00515,7054
052423_SEG_TURN_00425,7055
052493_SEG_TURN_00886,7056
052423_SEG_CURR_NEXT_00425,7057
052423_SEG_PREV_CURR_00426,7058
052423_SEG_TURN_00427,7059
052423_SEG_TURN_01193,7060
052423_SEG_PREV_CURR_00425,7061
052423_SEG_CURR_NEXT_00424,7062
052423_SEG_TURN_01431,7063
052423_SEG_CURR_NEXT_00426,7064
052423_SEG_PREV_CURR_00427,7065
052423_SEG_PREV_CURR_00428,7066
052423_SEG_CURR_NEXT_00427,7067
052423_SEG_TURN_00499,7068
052315_SEG_TURN_00511,7069
052423_SEG_TURN_00423,7070
052493_SEG_CURR_NEXT_00885,7071
052493_SEG_PREV_CURR_00886,7072
052423_SEG_PREV_CURR_01432,7073
052423_SEG_CURR_NEXT_01431,7074
052423_SEG_PREV_CURR_01431,7075
052423_SEG_CURR_NEXT_01430,7076
052493_SEG_PREV_CURR_00887,7077
052493_SEG_CURR_NEXT_00886,7078
052423_SEG_CURR_NEXT_00423,7079
052423_SEG_TURN_00864,7080
052423_SEG_TURN_00067,7081
052423_SEG_TURN_00217,7082
052423_SEG_TURN_00075,7083
052423_SEG_TURN_01355,7084
052423_SEG_CURR_NEXT_01355,7085
052423_SEG_PREV_CURR_01356,7086
052423_SEG_TURN_01368,7087
052423_SEG_PREV_CURR_01369,7088
052423_SEG_CURR_NEXT_01368,7089
052423_SEG_TURN_01319,7090
052423_SEG_TURN_01366,7091
052423_SEG_TURN_01377,7092
052423_SEG_CURR_NEXT_01365,7093
052423_SEG_PREV_CURR_01366,7094
052423_SEG_CURR_NEXT_01367,7095
052423_SEG_PREV_CURR_01368,7096
052423_SEG_TURN_01364,7097
052423_SEG_CURR_NEXT_01318,7098
052423_SEG_PREV_CURR_01319,7099
052423_SEG_TURN_01456,7100
052423_SEG_PREV_CURR_01320,7101
052423_SEG_CURR_NEXT_01319,7102
052423_SEG_PREV_CURR_01365,7103
052423_SEG_CURR_NEXT_01364,7104
052423_SEG_TURN_01350,7105
052423_SEG_TURN_01317,7106
052423_SEG_TURN_01365,7107
052423_SEG_CURR_NEXT_01456,7108
052423_SEG_PREV_CURR_01457,7109
052315_SEG_TURN_00424,7110
052315_SEG_PREV_CURR_00425,7111
052315_SEG_CURR_NEXT_00424,7112
052423_SEG_PREV_CURR_01456,7113
052423_SEG_CURR_NEXT_01455,7114
052423_SEG_CURR_NEXT_01350,7115
052423_SEG_PREV_CURR_01351,7116
052423_SEG_TURN_01500,7117
052423_SEG_CURR_NEXT_01377,7118
052423_SEG_PREV_CURR_01378,7119
052423_SEG_CURR_NEXT_01317,7120
052423_SEG_PREV_CURR_01318,7121
052423_SEG_PREV_CURR_01377,7122
052423_SEG_CURR_NEXT_01376,7123
052423_SEG_TURN_01331,7124
052315_SEG_CURR_NEXT_00423,7125
052315_SEG_PREV_CURR_00424,7126
052423_SEG_TURN_01510,7127
052423_SEG_CURR_NEXT_01366,7128
052423_SEG_PREV_CURR_01367,7129
052423_SEG_PREV_CURR_01501,7130
052423_SEG_CURR_NEXT_01500,7131
052556_SEG_TURN_00445,7132
052229_SEG_TURN_01115,7133
052280_SEG_PREV_CURR_01134,7134
052280_SEG_CURR_NEXT_01133,7135
052280_SEG_CURR_NEXT_01132,7136
052280_SEG_PREV_CURR_01133,7137
052423_SEG_TURN_01254,7138
052229_SEG_CURR_NEXT_01115,7139
052229_SEG_PREV_CURR_01116,7140
052556_SEG_PREV_CURR_00446,7141
052556_SEG_CURR_NEXT_00445,7142
052556_SEG_CURR_NEXT_00444,7143
052556_SEG_PREV_CURR_00445,7144
052423_SEG_PREV_CURR_01254,7145
052423_SEG_CURR_NEXT_01253,7146
052423_SEG_CURR_NEXT_01193,7147
052423_SEG_PREV_CURR_01194,7148
052423_SEG_PREV_CURR_01255,7149
052423_SEG_CURR_NEXT_01254,7150
052423_SEG_TURN_00121,7151
052423_SEG_PREV_CURR_00122,7152
052423_SEG_CURR_NEXT_00121,7153
052423_SEG_CURR_NEXT_00120,7154
052423_SEG_PREV_CURR_00121,7155
052423_SEG_TURN_00180,7156
052423_SEG_PREV_CURR_00180,7157
052423_SEG_CURR_NEXT_00179,7158
052423_SEG_PREV_CURR_00181,7159
052423_SEG_CURR_NEXT_00180,7160
052423_SEG_TURN_00123,7161
052423_SEG_CURR_NEXT_00122,7162
052423_SEG_PREV_CURR_00123,7163
052423_SEG_PREV_CURR_00124,7164
052423_SEG_CURR_NEXT_00123,7165
052423_SEG_CURR_NEXT_01141,7166
052423_SEG_PREV_CURR_01142,7167
052423_SEG_PREV_CURR_01143,7168
052423_SEG_CURR_NEXT_01142,7169
052423_SEG_TURN_00152,7170
052423_SEG_TURN_00143,7171
052423_SEG_PREV_CURR_00144,7172
052423_SEG_CURR_NEXT_00143,7173
052423_SEG_PREV_CURR_00143,7174
052423_SEG_CURR_NEXT_00142,7175
052556_SEG_TURN_00922,7176
052315_SEG_TURN_00191,7177
052556_SEG_PREV_CURR_00923,7178
052556_SEG_CURR_NEXT_00922,7179
052315_SEG_CURR_NEXT_00191,7180
052315_SEG_PREV_CURR_00192,7181
052315_SEG_CURR_NEXT_00190,7182
052315_SEG_PREV_CURR_00191,7183
052556_SEG_PREV_CURR_00922,7184
052556_SEG_CURR_NEXT_00921,7185
052423_SEG_CURR_NEXT_00152,7186
052423_SEG_PREV_CURR_00153,7187
052423_SEG_CURR_NEXT_00151,7188
052423_SEG_PREV_CURR_00152,7189
052423_SEG_TURN_01473,7190
052280_SEG_TURN_00360,7191
052423_SEG_CURR_NEXT_01473,7192
052423_SEG_PREV_CURR_01474,7193
052280_SEG_PREV_CURR_00360,7194
052423_SEG_TURN_00308,7195
052423_SEG_CURR_NEXT_00307,7196
052423_SEG_PREV_CURR_00308,7197
052423_SEG_CURR_NEXT_00308,7198
052423_SEG_PREV_CURR_00309,7199
052280_SEG_TURN_00154,7200
052280_SEG_TURN_00150,7201
052280_SEG_CURR_NEXT_00154,7202
052280_SEG_PREV_CURR_00155,7203
052423_SEG_CURR_NEXT_00290,7204
052423_SEG_PREV_CURR_00291,7205
052423_SEG_PREV_CURR_00290,7206
052493_SEG_TURN_01105,7207
052315_SEG_CURR_NEXT_00511,7208
052315_SEG_PREV_CURR_00512,7209
052493_SEG_PREV_CURR_01106,7210
052493_SEG_CURR_NEXT_01105,7211
052493_SEG_PREV_CURR_01105,7212
052493_SEG_CURR_NEXT_01104,7213
052423_SEG_TURN_00005,7214
052423_SEG_PREV_CURR_00006,7215
052423_SEG_CURR_NEXT_00005,7216
052423_SEG_TURN_00285,7217
052423_SEG_PREV_CURR_00005,7218
052423_SEG_CURR_NEXT_00004,7219
052423_SEG_TURN_01134,7220
052493_SEG_PREV_CURR_01306,7221
052493_SEG_CURR_NEXT_01305,7222
052493_SEG_TURN_00293,7223
052315_SEG_PREV_CURR_00511,7224
052315_SEG_CURR_NEXT_00510,7225
052423_SEG_CURR_NEXT_01133,7226
052423_SEG_PREV_CURR_01134,7227
052423_SEG_CURR_NEXT_01134,7228
052423_SEG_PREV_CURR_01135,7229
052423_SEG_TURN_01200,7230
052556_SEG_TURN_00011,7231
052423_SEG_TURN_01132,7232
052556_SEG_PREV_CURR_00011,7233
052556_SEG_CURR_NEXT_00010,7234
052423_SEG_TURN_00318,7235
052423_SEG_TURN_00750,7236
052423_SEG_CURR_NEXT_00750,7237
052423_SEG_PREV_CURR_00751,7238
052423_SEG_PREV_CURR_00750,7239
052423_SEG_CURR_NEXT_00749,7240
052423_SEG_TURN_00405,7241
052423_SEG_PREV_CURR_00406,7242
052423_SEG_CURR_NEXT_00405,7243
052423_SEG_PREV_CURR_00405,7244
052423_SEG_CURR_NEXT_00404,7245
052423_SEG_CURR_NEXT_00748,7246
052423_SEG_PREV_CURR_00749,7247
052493_SEG_TURN_01457,7248
052423_SEG_PREV_CURR_00748,7249
052423_SEG_CURR_NEXT_00747,7250
052493_SEG_PREV_CURR_01457,7251
052493_SEG_CURR_NEXT_01456,7252
052493_SEG_PREV_CURR_01458,7253
052493_SEG_CURR_NEXT_01457,7254
052280_SEG_TURN_00844,7255
052493_SEG_TURN_00581,7256
052493_SEG_PREV_CURR_00581,7257
052493_SEG_CURR_NEXT_00580,7258
052493_SEG_PREV_CURR_00582,7259
052493_SEG_CURR_NEXT_00581,7260
052423_SEG_TURN_01408,7261
052423_SEG_CURR_NEXT_01407,7262
052423_SEG_PREV_CURR_01408,7263
052423_SEG_CURR_NEXT_01408,7264
052423_SEG_PREV_CURR_01409,7265
052423_SEG_CURR_NEXT_01410,7266
052423_SEG_PREV_CURR_01411,7267
052423_SEG_TURN_00162,7268
052423_SEG_TURN_01411,7269
052315_SEG_TURN_00352,7270
052423_SEG_PREV_CURR_00163,7271
052423_SEG_CURR_NEXT_00162,7272
052315_SEG_PREV_CURR_00353,7273
052315_SEG_CURR_NEXT_00352,7274
052315_SEG_CURR_NEXT_00351,7275
052315_SEG_PREV_CURR_00352,7276
052423_SEG_CURR_NEXT_01087,7277
052423_SEG_PREV_CURR_01088,7278
052315_SEG_TURN_00409,7279
052423_SEG_TURN_00115,7280
052423_SEG_PREV_CURR_00361,7281
052423_SEG_CURR_NEXT_00161,7282
052423_SEG_PREV_CURR_00162,7283
052423_SEG_CURR_NEXT_00115,7284
052423_SEG_PREV_CURR_00116,7285
052423_SEG_PREV_CURR_00362,7286
052423_SEG_CURR_NEXT_00361,7287
052423_SEG_PREV_CURR_00115,7288
052423_SEG_CURR_NEXT_00114,7289
052423_SEG_CURR_NEXT_01411,7290
052423_SEG_PREV_CURR_01412,7291
052556_SEG_TURN_00557,7292
052556_SEG_PREV_CURR_00557,7293
052556_SEG_CURR_NEXT_00556,7294
052229_SEG_PREV_CURR_00867,7295
052229_SEG_CURR_NEXT_00866,7296
052229_SEG_TURN_01131,7297
052423_SEG_TURN_00369,7298
052229_SEG_PREV_CURR_01131,7299
052229_SEG_CURR_NEXT_01130,7300
052423_SEG_TURN_01410,7301
052423_SEG_TURN_00470,7302
052423_SEG_CURR_NEXT_00469,7303
052423_SEG_PREV_CURR_00470,7304
052423_SEG_PREV_CURR_00010,7305
052423_SEG_CURR_NEXT_00009,7306
052423_SEG_CURR_NEXT_00008,7307
052423_SEG_PREV_CURR_00009,7308
052423_SEG_PREV_CURR_00471,7309
052423_SEG_CURR_NEXT_00470,7310
052423_SEG_TURN_00768,7311
052423_SEG_TURN_00800,7312
052423_SEG_TURN_00812,7313
052423_SEG_PREV_CURR_00480,7314
052423_SEG_CURR_NEXT_00479,7315
052423_SEG_CURR_NEXT_01299,7316
052423_SEG_PREV_CURR_01300,7317
052423_SEG_CURR_NEXT_00799,7318
052423_SEG_PREV_CURR_00800,7319
052423_SEG_TURN_00097,7320
052423_SEG_PREV_CURR_00769,7321
052423_SEG_CURR_NEXT_00768,7322
052423_SEG_CURR_NEXT_00767,7323
052423_SEG_PREV_CURR_00768,7324
052423_SEG_CURR_NEXT_00800,7325
052423_SEG_PREV_CURR_00801,7326
052423_SEG_TURN_01412,7327
052423_SEG_PREV_CURR_01301,7328
052423_SEG_CURR_NEXT_01300,7329
052423_SEG_PREV_CURR_00097,7330
052423_SEG_CURR_NEXT_00096,7331
052423_SEG_PREV_CURR_00816,7332
052423_SEG_CURR_NEXT_00815,7333
052423_SEG_PREV_CURR_00813,7334
052423_SEG_CURR_NEXT_00812,7335
052423_SEG_TURN_00818,7336
052423_SEG_PREV_CURR_00812,7337
052493_SEG_TURN_00407,7338
052423_SEG_CURR_NEXT_01412,7339
052423_SEG_PREV_CURR_01413,7340
052423_SEG_CURR_NEXT_00811,7341
052423_SEG_TURN_00102,7342
052423_SEG_CURR_NEXT_00102,7343
052423_SEG_PREV_CURR_00103,7344
052423_SEG_CURR_NEXT_00101,7345
052423_SEG_PREV_CURR_00102,7346
052423_SEG_CURR_NEXT_00097,7347
052423_SEG_PREV_CURR_00098,7348
052423_SEG_CURR_NEXT_00126,7349
052423_SEG_PREV_CURR_00127,7350
052423_SEG_PREV_CURR_01317,7351
052423_SEG_CURR_NEXT_01316,7352
052423_SEG_CURR_NEXT_01349,7353
052423_SEG_PREV_CURR_01350,7354
052423_SEG_CURR_NEXT_01499,7355
052423_SEG_PREV_CURR_01500,7356
052315_SEG_TURN_00041,7357
052556_SEG_TURN_01011,7358
052423_SEG_TURN_01467,7359
052280_SEG_TURN_00461,7360
052556_SEG_PREV_CURR_01012,7361
052556_SEG_CURR_NEXT_01011,7362
052423_SEG_TURN_00710,7363
052423_SEG_CURR_NEXT_01467,7364
052423_SEG_PREV_CURR_01468,7365
052423_SEG_PREV_CURR_00711,7366
052423_SEG_CURR_NEXT_00710,7367
052280_SEG_TURN_00476,7368
052423_SEG_PREV_CURR_01467,7369
052423_SEG_CURR_NEXT_01466,7370
052556_SEG_TURN_00539,7371
052423_SEG_PREV_CURR_00710,7372
052423_SEG_CURR_NEXT_00709,7373
052423_SEG_TURN_00417,7374
052280_SEG_PREV_CURR_00476,7375
052280_SEG_CURR_NEXT_00475,7376
052556_SEG_CURR_NEXT_01010,7377
052556_SEG_PREV_CURR_01011,7378
052229_SEG_TURN_00463,7379
052280_SEG_CURR_NEXT_00460,7380
052280_SEG_PREV_CURR_00461,7381
052229_SEG_PREV_CURR_00463,7382
052229_SEG_CURR_NEXT_00462,7383
052556_SEG_PREV_CURR_00540,7384
052556_SEG_CURR_NEXT_00539,7385
052556_SEG_CURR_NEXT_00538,7386
052556_SEG_PREV_CURR_00539,7387
052229_SEG_CURR_NEXT_00463,7388
052229_SEG_PREV_CURR_00464,7389
052423_SEG_TURN_00982,7390
052315_SEG_CURR_NEXT_00041,7391
052315_SEG_PREV_CURR_00042,7392
052280_SEG_TURN_00900,7393
052423_SEG_PREV_CURR_00983,7394
052423_SEG_CURR_NEXT_00982,7395
052315_SEG_TURN_01166,7396
052280_SEG_CURR_NEXT_00899,7397
052280_SEG_PREV_CURR_00900,7398
052423_SEG_TURN_00990,7399
052423_SEG_TURN_00221,7400
052229_SEG_TURN_00364,7401
052423_SEG_TURN_00880,7402
052423_SEG_TURN_00367,7403
052423_SEG_PREV_CURR_00367,7404
052423_SEG_CURR_NEXT_00366,7405
052423_SEG_CURR_NEXT_00367,7406
052423_SEG_PREV_CURR_00368,7407
052423_SEG_CURR_NEXT_00365,7408
052423_SEG_PREV_CURR_00366,7409
052423_SEG_TURN_00365,7410
052423_SEG_PREV_CURR_00881,7411
052423_SEG_CURR_NEXT_00880,7412
052423_SEG_CURR_NEXT_00364,7413
052423_SEG_PREV_CURR_00365,7414
052556_SEG_TURN_00910,7415
052556_SEG_PREV_CURR_00910,7416
052556_SEG_CURR_NEXT_00909,7417
052556_SEG_CURR_NEXT_00910,7418
052556_SEG_PREV_CURR_00911,7419
052556_SEG_TURN_00457,7420
052556_SEG_PREV_CURR_00458,7421
052556_SEG_CURR_NEXT_00457,7422
052556_SEG_PREV_CURR_00457,7423
052556_SEG_CURR_NEXT_00456,7424
052423_SEG_PREV_CURR_00370,7425
052423_SEG_CURR_NEXT_00369,7426
052423_SEG_CURR_NEXT_00368,7427
052423_SEG_PREV_CURR_00369,7428
052423_SEG_TURN_00366,7429
052423_SEG_CURR_NEXT_00879,7430
052423_SEG_PREV_CURR_00880,7431
052556_SEG_TURN_00992,7432
052556_SEG_CURR_NEXT_00991,7433
052556_SEG_PREV_CURR_00992,7434
052556_SEG_CURR_NEXT_00992,7435
052556_SEG_PREV_CURR_00993,7436
052423_SEG_TURN_00820,7437
052423_SEG_CURR_NEXT_00820,7438
052423_SEG_PREV_CURR_00821,7439
052423_SEG_CURR_NEXT_00819,7440
052423_SEG_PREV_CURR_00820,7441
052280_SEG_TURN_00923,7442
052493_SEG_TURN_00102,7443
052493_SEG_CURR_NEXT_00101,7444
052493_SEG_PREV_CURR_00102,7445
052493_SEG_PREV_CURR_00103,7446
052493_SEG_CURR_NEXT_00102,7447
052280_SEG_CURR_NEXT_00923,7448
052280_SEG_PREV_CURR_00924,7449
052280_SEG_CURR_NEXT_00922,7450
052280_SEG_PREV_CURR_00923,7451
052423_SEG_TURN_00881,7452
052493_SEG_TURN_00381,7453
052423_SEG_TURN_00879,7454
052280_SEG_TURN_01071,7455
052280_SEG_CURR_NEXT_01039,7456
052280_SEG_PREV_CURR_01040,7457
052280_SEG_TURN_00581,7458
052280_SEG_TURN_01075,7459
052280_SEG_PREV_CURR_01075,7460
052280_SEG_CURR_NEXT_01074,7461
052280_SEG_TURN_01027,7462
052423_SEG_PREV_CURR_00879,7463
052423_SEG_CURR_NEXT_00878,7464
052280_SEG_CURR_NEXT_01070,7465
052280_SEG_PREV_CURR_01071,7466
052423_SEG_TURN_00117,7467
052493_SEG_PREV_CURR_00381,7468
052493_SEG_CURR_NEXT_00380,7469
052280_SEG_PREV_CURR_00581,7470
052280_SEG_CURR_NEXT_00580,7471
052315_SEG_TURN_00661,7472
052280_SEG_CURR_NEXT_01071,7473
052280_SEG_PREV_CURR_01072,7474
052423_SEG_CURR_NEXT_00116,7475
052423_SEG_CURR_NEXT_00560,7476
052423_SEG_PREV_CURR_00561,7477
052423_SEG_TURN_00561,7478
052423_SEG_TURN_00574,7479
052423_SEG_PREV_CURR_00562,7480
052423_SEG_CURR_NEXT_00561,7481
052423_SEG_PREV_CURR_00574,7482
052423_SEG_CURR_NEXT_00573,7483
052423_SEG_TURN_00554,7484
052423_SEG_PREV_CURR_00575,7485
052423_SEG_CURR_NEXT_00574,7486
052423_SEG_CURR_NEXT_00553,7487
052423_SEG_PREV_CURR_00554,7488
052423_SEG_TURN_00560,7489
052423_SEG_CURR_NEXT_00559,7490
052423_SEG_PREV_CURR_00560,7491
052423_SEG_PREV_CURR_00555,7492
052423_SEG_CURR_NEXT_00554,7493
052423_SEG_TURN_00565,7494
052556_SEG_PREV_CURR_00846,7495
052556_SEG_CURR_NEXT_00845,7496
052423_SEG_PREV_CURR_00566,7497
052423_SEG_CURR_NEXT_00565,7498
052493_SEG_TURN_01189,7499
052315_SEG_TURN_01201,7500
052423_SEG_TURN_00555,7501
052423_SEG_PREV_CURR_00556,7502
052423_SEG_CURR_NEXT_00555,7503
052556_SEG_CURR_NEXT_00844,7504
052556_SEG_PREV_CURR_00845,7505
052556_SEG_CURR_NEXT_00674,7506
052556_SEG_PREV_CURR_00675,7507
052423_SEG_TURN_00921,7508
052423_SEG_PREV_CURR_00922,7509
052423_SEG_CURR_NEXT_00921,7510
052364_SEG_TURN_00986,7511
052364_SEG_CURR_NEXT_00985,7512
052364_SEG_PREV_CURR_00986,7513
052364_SEG_PREV_CURR_00373,7514
052364_SEG_CURR_NEXT_00372,7515
052364_SEG_CURR_NEXT_00986,7516
052364_SEG_PREV_CURR_00987,7517
052364_SEG_PREV_CURR_00372,7518
052364_SEG_CURR_NEXT_00371,7519
052423_SEG_TURN_00919,7520
052423_SEG_PREV_CURR_00919,7521
052423_SEG_CURR_NEXT_00918,7522
052315_SEG_TURN_00659,7523
052493_SEG_TURN_00213,7524
052315_SEG_CURR_NEXT_00658,7525
052315_SEG_PREV_CURR_00659,7526
052315_SEG_CURR_NEXT_00659,7527
052315_SEG_PREV_CURR_00660,7528
052423_SEG_TURN_01203,7529
052229_SEG_TURN_00103,7530
052315_SEG_PREV_CURR_00661,7531
052315_SEG_CURR_NEXT_00660,7532
052315_SEG_CURR_NEXT_00661,7533
052315_SEG_PREV_CURR_00662,7534
052229_SEG_CURR_NEXT_00102,7535
052229_SEG_PREV_CURR_00103,7536
052423_SEG_TURN_01492,7537
052556_SEG_TURN_00518,7538
052423_SEG_CURR_NEXT_01203,7539
052423_SEG_PREV_CURR_01204,7540
052423_SEG_CURR_NEXT_01202,7541
052423_SEG_PREV_CURR_01203,7542
052229_SEG_CURR_NEXT_00103,7543
052229_SEG_PREV_CURR_00104,7544
052556_SEG_CURR_NEXT_00518,7545
052556_SEG_PREV_CURR_00519,7546
052423_SEG_PREV_CURR_00117,7547
052364_SEG_TURN_01271,7548
052493_SEG_CURR_NEXT_00213,7549
052493_SEG_PREV_CURR_00214,7550
052556_SEG_TURN_00833,7551
052423_SEG_TURN_00911,7552
052423_SEG_TURN_00772,7553
052364_SEG_CURR_NEXT_01270,7554
052364_SEG_PREV_CURR_01271,7555
052423_SEG_PREV_CURR_00772,7556
052423_SEG_CURR_NEXT_00771,7557
052364_SEG_TURN_00676,7558
052493_SEG_TURN_00153,7559
052493_SEG_PREV_CURR_00153,7560
052493_SEG_CURR_NEXT_00152,7561
052493_SEG_PREV_CURR_00154,7562
052493_SEG_CURR_NEXT_00153,7563
052493_SEG_TURN_00151,7564
052493_SEG_CURR_NEXT_00150,7565
052493_SEG_PREV_CURR_00151,7566
052493_SEG_CURR_NEXT_00151,7567
052493_SEG_PREV_CURR_00152,7568
052315_SEG_TURN_00875,7569
052493_SEG_TURN_01482,7570
052493_SEG_TURN_00405,7571
052315_SEG_CURR_NEXT_00874,7572
052315_SEG_PREV_CURR_00875,7573
052423_SEG_TURN_01323,7574
052315_SEG_TURN_01085,7575
052493_SEG_PREV_CURR_00406,7576
052493_SEG_CURR_NEXT_00405,7577
052229_SEG_TURN_00823,7578
052493_SEG_TURN_01051,7579
052229_SEG_TURN_00411,7580
052493_SEG_PREV_CURR_00405,7581
052493_SEG_CURR_NEXT_00404,7582
052493_SEG_TURN_00147,7583
052493_SEG_TURN_00878,7584
052493_SEG_PREV_CURR_00878,7585
052493_SEG_CURR_NEXT_00877,7586
052493_SEG_CURR_NEXT_00878,7587
052493_SEG_PREV_CURR_00879,7588
052493_SEG_PREV_CURR_01549,7589
052493_SEG_CURR_NEXT_01548,7590
052229_SEG_TURN_00914,7591
052493_SEG_PREV_CURR_01527,7592
052229_SEG_PREV_CURR_00915,7593
052229_SEG_CURR_NEXT_00914,7594
052556_SEG_TURN_00733,7595
052556_SEG_PREV_CURR_00734,7596
052556_SEG_CURR_NEXT_00733,7597
052556_SEG_CURR_NEXT_00732,7598
052556_SEG_PREV_CURR_00733,7599
052556_SEG_TURN_00735,7600
052556_SEG_TURN_00944,7601
052556_SEG_CURR_NEXT_00734,7602
052556_SEG_PREV_CURR_00735,7603
052556_SEG_CURR_NEXT_00735,7604
052556_SEG_PREV_CURR_00736,7605
052493_SEG_TURN_00522,7606
052315_SEG_TURN_00866,7607
052493_SEG_CURR_NEXT_00004,7608
052493_SEG_PREV_CURR_00005,7609
052315_SEG_PREV_CURR_00867,7610
052315_SEG_CURR_NEXT_00866,7611
052315_SEG_PREV_CURR_00866,7612
052315_SEG_CURR_NEXT_00865,7613
052556_SEG_TURN_00737,7614
052556_SEG_PREV_CURR_00738,7615
052556_SEG_CURR_NEXT_00737,7616
052556_SEG_PREV_CURR_00737,7617
052556_SEG_CURR_NEXT_00736,7618
052280_SEG_TURN_00356,7619
052493_SEG_TURN_01300,7620
052280_SEG_CURR_NEXT_00356,7621
052280_SEG_PREV_CURR_00357,7622
052280_SEG_CURR_NEXT_00355,7623
052280_SEG_PREV_CURR_00356,7624
052493_SEG_CURR_NEXT_01299,7625
052493_SEG_PREV_CURR_01300,7626
052493_SEG_PREV_CURR_01301,7627
052493_SEG_CURR_NEXT_01300,7628
052493_SEG_CURR_NEXT_00521,7629
052493_SEG_PREV_CURR_00522,7630
052556_SEG_TURN_00743,7631
052364_SEG_PREV_CURR_01133,7632
052364_SEG_CURR_NEXT_01132,7633
052556_SEG_PREV_CURR_00744,7634
052423_SEG_TURN_00324,7635
052423_SEG_CURR_NEXT_00323,7636
052423_SEG_PREV_CURR_00324,7637
052423_SEG_TURN_01433,7638
052423_SEG_PREV_CURR_01433,7639
052423_SEG_CURR_NEXT_01432,7640
052423_SEG_TURN_00326,7641
052423_SEG_CURR_NEXT_01433,7642
052423_SEG_PREV_CURR_01434,7643
052493_SEG_TURN_01532,7644
052423_SEG_TURN_00322,7645
052423_SEG_CURR_NEXT_00326,7646
052423_SEG_PREV_CURR_00327,7647
052423_SEG_CURR_NEXT_00322,7648
052423_SEG_PREV_CURR_00323,7649
052423_SEG_CURR_NEXT_00321,7650
052423_SEG_PREV_CURR_00322,7651
052493_SEG_PREV_CURR_01533,7652
052493_SEG_CURR_NEXT_01532,7653
052280_SEG_TURN_00683,7654
052229_SEG_TURN_00389,7655
052493_SEG_CURR_NEXT_01531,7656
052493_SEG_PREV_CURR_01532,7657
052556_SEG_TURN_00375,7658
052493_SEG_TURN_00013,7659
052493_SEG_CURR_NEXT_00012,7660
052493_SEG_PREV_CURR_00013,7661
052493_SEG_CURR_NEXT_00013,7662
052493_SEG_PREV_CURR_00014,7663
052556_SEG_PREV_CURR_00375,7664
052556_SEG_CURR_NEXT_00374,7665
052556_SEG_PREV_CURR_00376,7666
052556_SEG_CURR_NEXT_00375,7667
052556_SEG_TURN_00378,7668
052423_SEG_TURN_00251,7669
052229_SEG_CURR_NEXT_00503,7670
052229_SEG_TURN_01033,7671
052229_SEG_CURR_NEXT_01033,7672
052229_SEG_PREV_CURR_01034,7673
052493_SEG_TURN_00573,7674
052493_SEG_TURN_00708,7675
052229_SEG_CURR_NEXT_01032,7676
052229_SEG_PREV_CURR_01033,7677
052493_SEG_PREV_CURR_00701,7678
052493_SEG_CURR_NEXT_00700,7679
052493_SEG_TURN_00701,7680
052493_SEG_CURR_NEXT_00701,7681
052493_SEG_PREV_CURR_00702,7682
052493_SEG_CURR_NEXT_00573,7683
052493_SEG_PREV_CURR_00574,7684
052493_SEG_TURN_00700,7685
052493_SEG_CURR_NEXT_00594,7686
052493_SEG_PREV_CURR_00595,7687
052493_SEG_CURR_NEXT_00595,7688
052493_SEG_PREV_CURR_00596,7689
052493_SEG_TURN_00595,7690
052493_SEG_PREV_CURR_00573,7691
052493_SEG_CURR_NEXT_00572,7692
052493_SEG_PREV_CURR_00708,7693
052493_SEG_CURR_NEXT_00707,7694
052493_SEG_CURR_NEXT_00590,7695
052493_SEG_PREV_CURR_00591,7696
052493_SEG_PREV_CURR_00723,7697
052493_SEG_CURR_NEXT_00722,7698
052493_SEG_TURN_00563,7699
052493_SEG_TURN_00722,7700
052493_SEG_TURN_00584,7701
052493_SEG_PREV_CURR_00722,7702
052493_SEG_CURR_NEXT_00721,7703
052493_SEG_TURN_00591,7704
052493_SEG_CURR_NEXT_00563,7705
052493_SEG_PREV_CURR_00564,7706
052493_SEG_PREV_CURR_00563,7707
052493_SEG_CURR_NEXT_00562,7708
052493_SEG_CURR_NEXT_00699,7709
052493_SEG_PREV_CURR_00700,7710
052493_SEG_CURR_NEXT_00591,7711
052493_SEG_PREV_CURR_00592,7712
052493_SEG_TURN_00704,7713
052493_SEG_CURR_NEXT_00584,7714
052493_SEG_TURN_01324,7715
052493_SEG_PREV_CURR_01325,7716
052493_SEG_CURR_NEXT_01324,7717
052493_SEG_TURN_01332,7718
052493_SEG_CURR_NEXT_01332,7719
052493_SEG_PREV_CURR_01333,7720
052493_SEG_CURR_NEXT_01331,7721
052493_SEG_PREV_CURR_01332,7722
052493_SEG_CURR_NEXT_01327,7723
052493_SEG_PREV_CURR_01328,7724
052493_SEG_TURN_01334,7725
052493_SEG_PREV_CURR_01334,7726
052493_SEG_CURR_NEXT_01333,7727
052493_SEG_CURR_NEXT_01328,7728
052493_SEG_PREV_CURR_01329,7729
052423_SEG_TURN_00483,7730
052493_SEG_TURN_01328,7731
052493_SEG_PREV_CURR_01335,7732
052493_SEG_CURR_NEXT_01334,7733
052493_SEG_PREV_CURR_01327,7734
052493_SEG_CURR_NEXT_01326,7735
052493_SEG_TURN_01327,7736
052493_SEG_TURN_01326,7737
052493_SEG_PREV_CURR_01026,7738
052493_SEG_CURR_NEXT_01025,7739
052493_SEG_TURN_01026,7740
052493_SEG_CURR_NEXT_01325,7741
052493_SEG_PREV_CURR_01326,7742
052493_SEG_PREV_CURR_01027,7743
052493_SEG_CURR_NEXT_01026,7744
052493_SEG_TURN_00926,7745
052423_SEG_CURR_NEXT_00483,7746
052423_SEG_PREV_CURR_00484,7747
052493_SEG_PREV_CURR_00927,7748
052493_SEG_CURR_NEXT_00926,7749
052556_SEG_TURN_00071,7750
052315_SEG_TURN_00988,7751
052315_SEG_CURR_NEXT_00987,7752
052315_SEG_PREV_CURR_00988,7753
052315_SEG_CURR_NEXT_00988,7754
052315_SEG_PREV_CURR_00989,7755
052556_SEG_TURN_00432,7756
052364_SEG_TURN_00253,7757
052556_SEG_TURN_00015,7758
052556_SEG_PREV_CURR_00015,7759
052556_SEG_CURR_NEXT_00014,7760
052423_SEG_TURN_01315,7761
052556_SEG_PREV_CURR_00016,7762
052556_SEG_CURR_NEXT_00015,7763
052556_SEG_TURN_00489,7764
052556_SEG_CURR_NEXT_00432,7765
052556_SEG_PREV_CURR_00433,7766
052556_SEG_TURN_00533,7767
052556_SEG_CURR_NEXT_00488,7768
052556_SEG_PREV_CURR_00489,7769
052556_SEG_CURR_NEXT_00489,7770
052556_SEG_PREV_CURR_00490,7771
052556_SEG_PREV_CURR_00533,7772
052556_SEG_CURR_NEXT_00532,7773
052315_SEG_TURN_01180,7774
052315_SEG_TURN_00519,7775
052423_SEG_CURR_NEXT_01314,7776
052423_SEG_PREV_CURR_01315,7777
052423_SEG_PREV_CURR_01316,7778
052423_SEG_CURR_NEXT_01315,7779
052315_SEG_CURR_NEXT_01179,7780
052315_SEG_PREV_CURR_01180,7781
052315_SEG_CURR_NEXT_01180,7782
052315_SEG_PREV_CURR_01181,7783
052315_SEG_CURR_NEXT_00519,7784
052315_SEG_PREV_CURR_00520,7785
052280_SEG_TURN_00088,7786
052493_SEG_TURN_00159,7787
052493_SEG_CURR_NEXT_00159,7788
052493_SEG_PREV_CURR_00160,7789
052493_SEG_TURN_00161,7790
052493_SEG_TURN_01298,7791
052493_SEG_CURR_NEXT_01297,7792
052493_SEG_PREV_CURR_01298,7793
052493_SEG_PREV_CURR_01299,7794
052493_SEG_CURR_NEXT_01298,7795
052493_SEG_PREV_CURR_00161,7796
052493_SEG_CURR_NEXT_00160,7797
052493_SEG_CURR_NEXT_00161,7798
052493_SEG_PREV_CURR_00162,7799
052493_SEG_TURN_00157,7800
052493_SEG_PREV_CURR_00157,7801
052493_SEG_CURR_NEXT_00156,7802
052493_SEG_CURR_NEXT_00157,7803
052493_SEG_PREV_CURR_00158,7804
052493_SEG_TURN_00164,7805
052493_SEG_CURR_NEXT_00164,7806
052493_SEG_PREV_CURR_00165,7807
052493_SEG_TURN_00977,7808
052493_SEG_CURR_NEXT_00163,7809
052493_SEG_PREV_CURR_00164,7810
052556_SEG_TURN_00809,7811
052493_SEG_TURN_00186,7812
052493_SEG_CURR_NEXT_00186,7813
052493_SEG_PREV_CURR_00187,7814
052493_SEG_CURR_NEXT_00185,7815
052493_SEG_PREV_CURR_00186,7816
052493_SEG_PREV_CURR_00977,7817
052493_SEG_CURR_NEXT_00976,7818
052493_SEG_CURR_NEXT_00977,7819
052493_SEG_PREV_CURR_00978,7820
052364_SEG_TURN_00239,7821
052493_SEG_TURN_00973,7822
052493_SEG_TURN_00678,7823
052493_SEG_PREV_CURR_00678,7824
052493_SEG_TURN_01050,7825
052493_SEG_CURR_NEXT_01050,7826
052493_SEG_PREV_CURR_01051,7827
052493_SEG_TURN_01048,7828
052493_SEG_CURR_NEXT_01049,7829
052493_SEG_PREV_CURR_01050,7830
052493_SEG_CURR_NEXT_01048,7831
052493_SEG_PREV_CURR_01049,7832
052493_SEG_PREV_CURR_01048,7833
052493_SEG_CURR_NEXT_01047,7834
052493_SEG_TURN_01066,7835
052493_SEG_CURR_NEXT_01066,7836
052493_SEG_PREV_CURR_01067,7837
052493_SEG_PREV_CURR_01066,7838
052493_SEG_CURR_NEXT_01065,7839
052556_SEG_TURN_00440,7840
052556_SEG_CURR_NEXT_00440,7841
052556_SEG_PREV_CURR_00441,7842
052556_SEG_TURN_00448,7843
052493_SEG_TURN_01044,7844
052493_SEG_CURR_NEXT_01043,7845
052493_SEG_PREV_CURR_01044,7846
052493_SEG_CURR_NEXT_01044,7847
052493_SEG_PREV_CURR_01045,7848
052493_SEG_TURN_01032,7849
052493_SEG_TURN_00423,7850
052556_SEG_TURN_00321,7851
052556_SEG_PREV_CURR_00449,7852
052556_SEG_CURR_NEXT_00448,7853
052493_SEG_TURN_01042,7854
052423_SEG_TURN_01099,7855
052493_SEG_PREV_CURR_01032,7856
052493_SEG_CURR_NEXT_01031,7857
052556_SEG_TURN_00398,7858
052493_SEG_PREV_CURR_01043,7859
052493_SEG_CURR_NEXT_01042,7860
052493_SEG_PREV_CURR_00423,7861
052493_SEG_CURR_NEXT_00422,7862
052493_SEG_CURR_NEXT_00423,7863
052493_SEG_PREV_CURR_00424,7864
052493_SEG_PREV_CURR_01042,7865
052493_SEG_CURR_NEXT_01041,7866
052556_SEG_CURR_NEXT_00439,7867
052556_SEG_PREV_CURR_00440,7868
052315_SEG_TURN_00948,7869
052315_SEG_CURR_NEXT_00947,7870
052315_SEG_PREV_CURR_00948,7871
052315_SEG_PREV_CURR_00949,7872
052315_SEG_CURR_NEXT_00948,7873
052493_SEG_PREV_CURR_00412,7874
052493_SEG_CURR_NEXT_00411,7875
052493_SEG_CURR_NEXT_00646,7876
052493_SEG_PREV_CURR_00647,7877
052493_SEG_TURN_00647,7878
052493_SEG_CURR_NEXT_00410,7879
052493_SEG_PREV_CURR_00411,7880
052493_SEG_PREV_CURR_00648,7881
052493_SEG_CURR_NEXT_00647,7882
052493_SEG_PREV_CURR_00457,7883
052493_SEG_CURR_NEXT_00456,7884
052493_SEG_CURR_NEXT_00586,7885
052493_SEG_PREV_CURR_00587,7886
052493_SEG_CURR_NEXT_00587,7887
052493_SEG_PREV_CURR_00588,7888
052493_SEG_PREV_CURR_00413,7889
052493_SEG_CURR_NEXT_00412,7890
052493_SEG_TURN_00474,7891
052493_SEG_CURR_NEXT_00413,7892
052493_SEG_PREV_CURR_00414,7893
052364_SEG_TURN_00877,7894
052364_SEG_PREV_CURR_00878,7895
052364_SEG_CURR_NEXT_00877,7896
052364_SEG_CURR_NEXT_00876,7897
052364_SEG_PREV_CURR_00877,7898
052556_SEG_TURN_00799,7899
052280_SEG_TURN_01113,7900
052364_SEG_TURN_00163,7901
052364_SEG_TURN_00936,7902
052364_SEG_PREV_CURR_00163,7903
052364_SEG_CURR_NEXT_00162,7904
052556_SEG_CURR_NEXT_00798,7905
052556_SEG_PREV_CURR_00799,7906
052556_SEG_CURR_NEXT_00799,7907
052556_SEG_PREV_CURR_00800,7908
052364_SEG_PREV_CURR_00164,7909
052364_SEG_CURR_NEXT_00163,7910
052364_SEG_CURR_NEXT_00935,7911
052364_SEG_PREV_CURR_00936,7912
052229_SEG_TURN_00056,7913
052280_SEG_CURR_NEXT_01112,7914
052280_SEG_PREV_CURR_01113,7915
052229_SEG_PREV_CURR_00056,7916
052229_SEG_CURR_NEXT_00055,7917
052423_SEG_PREV_CURR_00342,7918
052423_SEG_CURR_NEXT_00341,7919
052423_SEG_CURR_NEXT_00342,7920
052423_SEG_PREV_CURR_00343,7921
052229_SEG_CURR_NEXT_00056,7922
052493_SEG_PREV_CURR_01394,7923
052493_SEG_CURR_NEXT_01393,7924
052315_SEG_TURN_00683,7925
052315_SEG_CURR_NEXT_00683,7926
052315_SEG_PREV_CURR_00684,7927
052493_SEG_TURN_01384,7928
052493_SEG_CURR_NEXT_01383,7929
052493_SEG_PREV_CURR_01384,7930
052493_SEG_TURN_01390,7931
052493_SEG_CURR_NEXT_01384,7932
052493_SEG_PREV_CURR_01385,7933
052493_SEG_CURR_NEXT_01390,7934
052493_SEG_PREV_CURR_01391,7935
052493_SEG_PREV_CURR_01390,7936
052493_SEG_CURR_NEXT_01389,7937
052493_SEG_PREV_CURR_01383,7938
052493_SEG_CURR_NEXT_01382,7939
052315_SEG_PREV_CURR_00683,7940
052315_SEG_CURR_NEXT_00682,7941
052493_SEG_TURN_01386,7942
052493_SEG_CURR_NEXT_01386,7943
052493_SEG_PREV_CURR_01387,7944
052493_SEG_PREV_CURR_01386,7945
052493_SEG_CURR_NEXT_01385,7946
052493_SEG_TURN_01388,7947
052493_SEG_CURR_NEXT_01387,7948
052493_SEG_PREV_CURR_01388,7949
052493_SEG_PREV_CURR_01389,7950
052493_SEG_CURR_NEXT_01388,7951
052493_SEG_TURN_01378,7952
052493_SEG_CURR_NEXT_01378,7953
052229_SEG_TURN_00754,7954
052280_SEG_TURN_00243,7955
052280_SEG_PREV_CURR_00243,7956
052280_SEG_CURR_NEXT_00242,7957
052423_SEG_TURN_00731,7958
052280_SEG_PREV_CURR_00244,7959
052280_SEG_CURR_NEXT_00243,7960
052556_SEG_PREV_CURR_00575,7961
052556_SEG_CURR_NEXT_00574,7962
052556_SEG_TURN_00575,7963
052556_SEG_CURR_NEXT_00580,7964
052556_SEG_PREV_CURR_00581,7965
052229_SEG_PREV_CURR_00754,7966
052229_SEG_CURR_NEXT_00753,7967
052423_SEG_PREV_CURR_00732,7968
052423_SEG_CURR_NEXT_00731,7969
052556_SEG_PREV_CURR_00576,7970
052556_SEG_CURR_NEXT_00575,7971
052556_SEG_TURN_00581,7972
052556_SEG_CURR_NEXT_00581,7973
052556_SEG_PREV_CURR_00582,7974
052229_SEG_TURN_00740,7975
052364_SEG_PREV_CURR_00676,7976
052364_SEG_CURR_NEXT_00675,7977
052280_SEG_TURN_00194,7978
052229_SEG_CURR_NEXT_00754,7979
052229_SEG_PREV_CURR_00755,7980
052423_SEG_PREV_CURR_00731,7981
052423_SEG_CURR_NEXT_00730,7982
052280_SEG_PREV_CURR_00194,7983
052280_SEG_CURR_NEXT_00193,7984
052364_SEG_PREV_CURR_00677,7985
052364_SEG_CURR_NEXT_00676,7986
052556_SEG_TURN_00141,7987
052556_SEG_TURN_00137,7988
052556_SEG_CURR_NEXT_00137,7989
052556_SEG_PREV_CURR_00138,7990
052556_SEG_PREV_CURR_00141,7991
052556_SEG_CURR_NEXT_00140,7992
052556_SEG_CURR_NEXT_00136,7993
052556_SEG_PREV_CURR_00137,7994
052556_SEG_CURR_NEXT_00141,7995
052556_SEG_PREV_CURR_00142,7996
052556_SEG_TURN_00135,7997
052556_SEG_PREV_CURR_00136,7998
052556_SEG_CURR_NEXT_00135,7999
052556_SEG_CURR_NEXT_00134,8000
052556_SEG_PREV_CURR_00135,8001
052556_SEG_TURN_00031,8002
052556_SEG_PREV_CURR_00031,8003
052556_SEG_CURR_NEXT_00030,8004
052556_SEG_PREV_CURR_00032,8005
052556_SEG_CURR_NEXT_00031,8006
052423_SEG_TURN_00558,8007
052556_SEG_CURR_NEXT_00138,8008
052556_SEG_PREV_CURR_00139,8009
052423_SEG_PREV_CURR_00559,8010
052423_SEG_CURR_NEXT_00558,8011
052556_SEG_TURN_00138,8012
052556_SEG_TURN_00139,8013
052556_SEG_TURN_00033,8014
052556_SEG_CURR_NEXT_00139,8015
052556_SEG_PREV_CURR_00140,8016
052556_SEG_CURR_NEXT_00032,8017
052556_SEG_PREV_CURR_00033,8018
052423_SEG_CURR_NEXT_00557,8019
052423_SEG_PREV_CURR_00558,8020
052229_SEG_TURN_00704,8021
052556_SEG_CURR_NEXT_00033,8022
052556_SEG_PREV_CURR_00034,8023
052229_SEG_PREV_CURR_00705,8024
052229_SEG_CURR_NEXT_00704,8025
052280_SEG_TURN_00311,8026
052229_SEG_TURN_01002,8027
052229_SEG_CURR_NEXT_01002,8028
052229_SEG_PREV_CURR_01003,8029
052229_SEG_CURR_NEXT_01001,8030
052229_SEG_PREV_CURR_01002,8031
052280_SEG_TURN_00858,8032
052493_SEG_TURN_00686,8033
052280_SEG_CURR_NEXT_00970,8034
052280_SEG_PREV_CURR_00971,8035
052280_SEG_PREV_CURR_00970,8036
052280_SEG_CURR_NEXT_00969,8037
052280_SEG_PREV_CURR_00859,8038
052280_SEG_CURR_NEXT_00858,8039
052423_SEG_TURN_00764,8040
052493_SEG_PREV_CURR_01337,8041
052493_SEG_CURR_NEXT_01336,8042
052493_SEG_CURR_NEXT_00686,8043
052493_SEG_PREV_CURR_00687,8044
052423_SEG_TURN_01146,8045
052493_SEG_PREV_CURR_00686,8046
052493_SEG_CURR_NEXT_00685,8047
052493_SEG_TURN_00831,8048
052423_SEG_CURR_NEXT_00763,8049
052423_SEG_PREV_CURR_00764,8050
052493_SEG_PREV_CURR_01336,8051
052493_SEG_CURR_NEXT_01335,8052
052280_SEG_PREV_CURR_00858,8053
052280_SEG_CURR_NEXT_00857,8054
052493_SEG_PREV_CURR_00832,8055
052493_SEG_CURR_NEXT_00831,8056
052280_SEG_TURN_00019,8057
052423_SEG_PREV_CURR_01147,8058
052423_SEG_CURR_NEXT_01146,8059
052493_SEG_CURR_NEXT_00830,8060
052493_SEG_PREV_CURR_00831,8061
052423_SEG_CURR_NEXT_01145,8062
052423_SEG_PREV_CURR_01146,8063
052423_SEG_CURR_NEXT_00764,8064
052556_SEG_CURR_NEXT_00743,8065
052556_SEG_PREV_CURR_00743,8066
052556_SEG_CURR_NEXT_00742,8067
052556_SEG_TURN_00745,8068
052556_SEG_TURN_00747,8069
052315_SEG_TURN_00861,8070
052556_SEG_CURR_NEXT_00744,8071
052556_SEG_PREV_CURR_00745,8072
052556_SEG_CURR_NEXT_00745,8073
052556_SEG_PREV_CURR_00746,8074
052556_SEG_CURR_NEXT_00747,8075
052556_SEG_PREV_CURR_00748,8076
052556_SEG_CURR_NEXT_00740,8077
052556_SEG_PREV_CURR_00747,8078
052556_SEG_CURR_NEXT_00746,8079
052315_SEG_CURR_NEXT_00860,8080
052315_SEG_PREV_CURR_00861,8081
052493_SEG_TURN_00436,8082
052493_SEG_CURR_NEXT_00436,8083
052493_SEG_PREV_CURR_00437,8084
052315_SEG_CURR_NEXT_00861,8085
052315_SEG_PREV_CURR_00862,8086
052493_SEG_CURR_NEXT_00435,8087
052493_SEG_PREV_CURR_00436,8088
052423_SEG_TURN_00624,8089
052423_SEG_PREV_CURR_00625,8090
052423_SEG_CURR_NEXT_00624,8091
052423_SEG_CURR_NEXT_00623,8092
052423_SEG_PREV_CURR_00624,8093
052493_SEG_PREV_CURR_00709,8094
052493_SEG_CURR_NEXT_00708,8095
052423_SEG_TURN_00079,8096
052493_SEG_CURR_NEXT_00805,8097
052493_SEG_PREV_CURR_00806,8098
052423_SEG_TURN_00107,8099
052423_SEG_PREV_CURR_00079,8100
052423_SEG_CURR_NEXT_00078,8101
052556_SEG_TURN_00487,8102
052229_SEG_TURN_00344,8103
052315_SEG_TURN_00872,8104
052229_SEG_CURR_NEXT_00343,8105
052229_SEG_PREV_CURR_00344,8106
052229_SEG_CURR_NEXT_00344,8107
052229_SEG_PREV_CURR_00345,8108
052315_SEG_PREV_CURR_00873,8109
052315_SEG_CURR_NEXT_00872,8110
052493_SEG_TURN_00657,8111
052493_SEG_PREV_CURR_00658,8112
052493_SEG_CURR_NEXT_00657,8113
052493_SEG_CURR_NEXT_00656,8114
052493_SEG_PREV_CURR_00657,8115
052315_SEG_PREV_CURR_00872,8116
052315_SEG_CURR_NEXT_00871,8117
052556_SEG_TURN_00604,8118
052556_SEG_TURN_00634,8119
052229_SEG_TURN_00473,8120
052229_SEG_PREV_CURR_00473,8121
052229_SEG_CURR_NEXT_00472,8122
052315_SEG_PREV_CURR_01202,8123
052315_SEG_CURR_NEXT_01201,8124
052280_SEG_TURN_01091,8125
052556_SEG_PREV_CURR_00635,8126
052556_SEG_CURR_NEXT_00634,8127
052280_SEG_CURR_NEXT_01090,8128
052280_SEG_PREV_CURR_01091,8129
052280_SEG_PREV_CURR_01092,8130
052280_SEG_CURR_NEXT_01091,8131
052229_SEG_CURR_NEXT_00473,8132
052229_SEG_PREV_CURR_00474,8133
052280_SEG_TURN_01089,8134
052280_SEG_CURR_NEXT_01089,8135
052280_SEG_PREV_CURR_01090,8136
052556_SEG_CURR_NEXT_00603,8137
052556_SEG_PREV_CURR_00604,8138
052315_SEG_PREV_CURR_01201,8139
052315_SEG_CURR_NEXT_01200,8140
052556_SEG_PREV_CURR_00605,8141
052556_SEG_CURR_NEXT_00604,8142
052556_SEG_TURN_00602,8143
052229_SEG_TURN_00854,8144
052556_SEG_CURR_NEXT_00601,8145
052556_SEG_PREV_CURR_00602,8146
052556_SEG_TURN_00964,8147
052556_SEG_CURR_NEXT_00602,8148
052556_SEG_PREV_CURR_00603,8149
052556_SEG_TURN_00936,8150
052229_SEG_PREV_CURR_00855,8151
052229_SEG_CURR_NEXT_00854,8152
052229_SEG_PREV_CURR_00854,8153
052229_SEG_CURR_NEXT_00853,8154
052556_SEG_PREV_CURR_00936,8155
052556_SEG_CURR_NEXT_00935,8156
052556_SEG_PREV_CURR_00937,8157
052556_SEG_CURR_NEXT_00936,8158
052556_SEG_CURR_NEXT_00963,8159
052556_SEG_PREV_CURR_00964,8160
052556_SEG_TURN_00962,8161
052556_SEG_CURR_NEXT_00964,8162
052556_SEG_PREV_CURR_00965,8163
052556_SEG_TURN_00600,8164
052556_SEG_CURR_NEXT_00600,8165
052556_SEG_PREV_CURR_00601,8166
052556_SEG_PREV_CURR_00962,8167
052556_SEG_CURR_NEXT_00961,8168
052556_SEG_PREV_CURR_00963,8169
052556_SEG_CURR_NEXT_00962,8170
052556_SEG_PREV_CURR_00600,8171
052556_SEG_CURR_NEXT_00599,8172
052556_SEG_TURN_00817,8173
052556_SEG_CURR_NEXT_00816,8174
052556_SEG_PREV_CURR_00817,8175
052556_SEG_TURN_00701,8176
052556_SEG_CURR_NEXT_00817,8177
052556_SEG_PREV_CURR_00818,8178
052556_SEG_PREV_CURR_00823,8179
052556_SEG_CURR_NEXT_00822,8180
052556_SEG_PREV_CURR_00701,8181
052556_SEG_CURR_NEXT_00700,8182
052556_SEG_CURR_NEXT_00701,8183
052556_SEG_PREV_CURR_00702,8184
052493_SEG_TURN_01352,8185
052556_SEG_TURN_00942,8186
052493_SEG_PREV_CURR_01353,8187
052493_SEG_CURR_NEXT_01352,8188
052556_SEG_PREV_CURR_00451,8189
052556_SEG_CURR_NEXT_00450,8190
052556_SEG_CURR_NEXT_00451,8191
052556_SEG_PREV_CURR_00452,8192
052556_SEG_TURN_00437,8193
052556_SEG_TURN_00908,8194
052556_SEG_CURR_NEXT_00437,8195
052556_SEG_PREV_CURR_00438,8196
052556_SEG_PREV_CURR_00437,8197
052556_SEG_CURR_NEXT_00436,8198
052556_SEG_PREV_CURR_00908,8199
052556_SEG_CURR_NEXT_00907,8200
052556_SEG_PREV_CURR_00909,8201
052556_SEG_CURR_NEXT_00908,8202
052556_SEG_TURN_00906,8203
052556_SEG_CURR_NEXT_00906,8204
052556_SEG_PREV_CURR_00907,8205
052556_SEG_CURR_NEXT_00005,8206
052556_SEG_PREV_CURR_00006,8207
052556_SEG_PREV_CURR_00906,8208
052556_SEG_CURR_NEXT_00905,8209
052556_SEG_TURN_00354,8210
052556_SEG_TURN_00211,8211
052315_SEG_TURN_00023,8212
052315_SEG_PREV_CURR_00024,8213
052315_SEG_CURR_NEXT_00023,8214
052364_SEG_PREV_CURR_00020,8215
052364_SEG_CURR_NEXT_00019,8216
052364_SEG_CURR_NEXT_00018,8217
052364_SEG_PREV_CURR_00019,8218
054519_SEG_TURN_00149,8219
054622_SEG_TURN_01983,8220
054519_SEG_CURR_NEXT_00148,8221
054519_SEG_PREV_CURR_00149,8222
054576_SEG_TURN_02095,8223
054576_SEG_TURN_02189,8224
054576_SEG_PREV_CURR_02095,8225
054576_SEG_CURR_NEXT_02094,8226
054576_SEG_CURR_NEXT_02189,8227
054576_SEG_PREV_CURR_02190,8228
054622_SEG_PREV_CURR_01984,8229
054622_SEG_CURR_NEXT_01983,8230
054519_SEG_PREV_CURR_01312,8231
054519_SEG_CURR_NEXT_01311,8232
054519_SEG_PREV_CURR_01313,8233
054519_SEG_CURR_NEXT_01312,8234
054519_SEG_PREV_CURR_00150,8235
054519_SEG_CURR_NEXT_00149,8236
054519_SEG_TURN_01314,8237
054519_SEG_TURN_01312,8238
054519_SEG_PREV_CURR_01314,8239
054519_SEG_CURR_NEXT_01313,8240
054576_SEG_CURR_NEXT_02188,8241
054576_SEG_PREV_CURR_02189,8242
054345_SEG_TURN_00475,8243
054235_SEG_TURN_01593,8244
054519_SEG_TURN_01307,8245
054576_SEG_TURN_02098,8246
054345_SEG_PREV_CURR_00476,8247
054345_SEG_CURR_NEXT_00475,8248
054345_SEG_CURR_NEXT_00474,8249
054345_SEG_PREV_CURR_00475,8250
054235_SEG_PREV_CURR_01594,8251
054235_SEG_CURR_NEXT_01593,8252
054576_SEG_CURR_NEXT_02095,8253
054576_SEG_PREV_CURR_02096,8254
054519_SEG_TURN_01311,8255
054345_SEG_TURN_00501,8256
054519_SEG_CURR_NEXT_01306,8257
054519_SEG_PREV_CURR_01307,8258
054345_SEG_TURN_01172,8259
054576_SEG_TURN_01477,8260
054519_SEG_TURN_01317,8261
054622_SEG_TURN_00829,8262
054519_SEG_PREV_CURR_01318,8263
054519_SEG_CURR_NEXT_01317,8264
054519_SEG_CURR_NEXT_01307,8265
054519_SEG_PREV_CURR_01308,8266
054519_SEG_PREV_CURR_01317,8267
054519_SEG_CURR_NEXT_01316,8268
054622_SEG_TURN_00337,8269
054622_SEG_TURN_00331,8270
054622_SEG_PREV_CURR_00331,8271
054622_SEG_CURR_NEXT_00330,8272
054622_SEG_TURN_00345,8273
054622_SEG_CURR_NEXT_00336,8274
054622_SEG_PREV_CURR_00337,8275
054622_SEG_TURN_00334,8276
054622_SEG_CURR_NEXT_00345,8277
054622_SEG_PREV_CURR_00346,8278
054622_SEG_CURR_NEXT_00337,8279
054622_SEG_PREV_CURR_00338,8280
054622_SEG_PREV_CURR_00335,8281
054622_SEG_CURR_NEXT_00334,8282
054622_SEG_CURR_NEXT_00344,8283
054622_SEG_PREV_CURR_00345,8284
054622_SEG_CURR_NEXT_00331,8285
054622_SEG_PREV_CURR_00332,8286
054622_SEG_PREV_CURR_00334,8287
054622_SEG_CURR_NEXT_00333,8288
054622_SEG_CURR_NEXT_00341,8289
054622_SEG_PREV_CURR_00342,8290
054622_SEG_TURN_00335,8291
054622_SEG_TURN_00342,8292
054622_SEG_TURN_00333,8293
054622_SEG_PREV_CURR_00336,8294
054622_SEG_CURR_NEXT_00335,8295
054622_SEG_CURR_NEXT_00342,8296
054622_SEG_PREV_CURR_00343,8297
054622_SEG_CURR_NEXT_00332,8298
054622_SEG_PREV_CURR_00333,8299
054622_SEG_TURN_00341,8300
054622_SEG_CURR_NEXT_00340,8301
054622_SEG_PREV_CURR_00341,8302
054235_SEG_TURN_00050,8303
054235_SEG_PREV_CURR_00050,8304
054235_SEG_CURR_NEXT_00049,8305
054235_SEG_CURR_NEXT_00050,8306
054235_SEG_PREV_CURR_00051,8307
054269_SEG_TURN_01670,8308
054269_SEG_PREV_CURR_01671,8309
054269_SEG_CURR_NEXT_01670,8310
054269_SEG_CURR_NEXT_01669,8311
054269_SEG_PREV_CURR_01670,8312
054235_SEG_TURN_00744,8313
054235_SEG_PREV_CURR_00744,8314
054235_SEG_CURR_NEXT_00743,8315
054622_SEG_TURN_00327,8316
054622_SEG_CURR_NEXT_00327,8317
054622_SEG_PREV_CURR_00328,8318
054235_SEG_TURN_00774,8319
054235_SEG_CURR_NEXT_00773,8320
054235_SEG_PREV_CURR_00774,8321
054235_SEG_TURN_00764,8322
054235_SEG_TURN_01578,8323
054235_SEG_CURR_NEXT_01577,8324
054235_SEG_PREV_CURR_01578,8325
054235_SEG_CURR_NEXT_01578,8326
054235_SEG_PREV_CURR_01579,8327
054235_SEG_PREV_CURR_00775,8328
054235_SEG_CURR_NEXT_00774,8329
054235_SEG_TURN_00736,8330
054622_SEG_TURN_02447,8331
054235_SEG_PREV_CURR_00764,8332
054235_SEG_CURR_NEXT_00763,8333
054622_SEG_CURR_NEXT_02446,8334
054622_SEG_PREV_CURR_02447,8335
054235_SEG_CURR_NEXT_00736,8336
054235_SEG_PREV_CURR_00737,8337
054235_SEG_CURR_NEXT_00735,8338
054235_SEG_PREV_CURR_00736,8339
054235_SEG_TURN_00762,8340
054622_SEG_CURR_NEXT_02447,8341
054622_SEG_PREV_CURR_02448,8342
054235_SEG_TURN_00758,8343
054235_SEG_TURN_00768,8344
054235_SEG_TURN_00770,8345
054235_SEG_CURR_NEXT_00764,8346
054235_SEG_PREV_CURR_00765,8347
054235_SEG_PREV_CURR_00758,8348
054235_SEG_CURR_NEXT_00757,8349
054235_SEG_PREV_CURR_00771,8350
054235_SEG_CURR_NEXT_00770,8351
054235_SEG_PREV_CURR_00759,8352
054235_SEG_CURR_NEXT_00758,8353
054622_SEG_TURN_02461,8354
054235_SEG_CURR_NEXT_00761,8355
054235_SEG_PREV_CURR_00762,8356
054235_SEG_TURN_00745,8357
054622_SEG_TURN_02449,8358
054235_SEG_PREV_CURR_00768,8359
054235_SEG_CURR_NEXT_00767,8360
054622_SEG_CURR_NEXT_02460,8361
054622_SEG_PREV_CURR_02461,8362
054235_SEG_CURR_NEXT_00775,8363
054235_SEG_PREV_CURR_00776,8364
054235_SEG_TURN_00755,8365
054235_SEG_CURR_NEXT_00745,8366
054235_SEG_PREV_CURR_00746,8367
054235_SEG_CURR_NEXT_00771,8368
054622_SEG_PREV_CURR_02449,8369
054622_SEG_CURR_NEXT_02448,8370
054235_SEG_TURN_00781,8371
054235_SEG_TURN_00771,8372
054622_SEG_PREV_CURR_02462,8373
054622_SEG_CURR_NEXT_02461,8374
054622_SEG_PREV_CURR_02450,8375
054622_SEG_CURR_NEXT_02449,8376
054235_SEG_PREV_CURR_00782,8377
054235_SEG_CURR_NEXT_00781,8378
054235_SEG_TURN_00788,8379
054235_SEG_PREV_CURR_00769,8380
054235_SEG_CURR_NEXT_00768,8381
054235_SEG_CURR_NEXT_00769,8382
054235_SEG_PREV_CURR_00770,8383
054235_SEG_CURR_NEXT_00780,8384
054235_SEG_PREV_CURR_00781,8385
054235_SEG_PREV_CURR_00763,8386
054435_SEG_TURN_00552,8387
054435_SEG_CURR_NEXT_00551,8388
054435_SEG_PREV_CURR_00552,8389
054435_SEG_CURR_NEXT_01442,8390
054435_SEG_PREV_CURR_01443,8391
054435_SEG_CURR_NEXT_00552,8392
054435_SEG_PREV_CURR_00553,8393
054435_SEG_CURR_NEXT_01455,8394
054435_SEG_PREV_CURR_01456,8395
054435_SEG_TURN_01456,8396
054435_SEG_PREV_CURR_01457,8397
054435_SEG_CURR_NEXT_01456,8398
054435_SEG_TURN_01442,8399
054435_SEG_CURR_NEXT_01441,8400
054435_SEG_PREV_CURR_01442,8401
054435_SEG_CURR_NEXT_01447,8402
054435_SEG_PREV_CURR_01448,8403
054435_SEG_TURN_01443,8404
054435_SEG_TURN_00544,8405
054435_SEG_TURN_01447,8406
054435_SEG_CURR_NEXT_01443,8407
054435_SEG_PREV_CURR_01444,8408
054435_SEG_CURR_NEXT_00543,8409
054435_SEG_PREV_CURR_00544,8410
054435_SEG_TURN_00559,8411
054435_SEG_PREV_CURR_00545,8412
054435_SEG_CURR_NEXT_00544,8413
054576_SEG_TURN_02611,8414
054435_SEG_PREV_CURR_01447,8415
054435_SEG_CURR_NEXT_01446,8416
054435_SEG_CURR_NEXT_00558,8417
054435_SEG_PREV_CURR_00559,8418
054435_SEG_CURR_NEXT_00559,8419
054435_SEG_PREV_CURR_00560,8420
054576_SEG_CURR_NEXT_02611,8421
054576_SEG_PREV_CURR_02612,8422
054576_SEG_CURR_NEXT_02610,8423
054576_SEG_PREV_CURR_02611,8424
054435_SEG_CURR_NEXT_00538,8425
054435_SEG_PREV_CURR_00539,8426
054435_SEG_TURN_00541,8427
054435_SEG_TURN_01448,8428
054435_SEG_TURN_00543,8429
054435_SEG_TURN_01459,8430
054435_SEG_TURN_00574,8431
054435_SEG_TURN_00566,8432
054435_SEG_TURN_00547,8433
054435_SEG_TURN_00545,8434
054435_SEG_PREV_CURR_00558,8435
054435_SEG_CURR_NEXT_00557,8436
054235_SEG_TURN_01579,8437
054235_SEG_PREV_CURR_01497,8438
054235_SEG_CURR_NEXT_01496,8439
054235_SEG_PREV_CURR_01580,8440
054235_SEG_CURR_NEXT_01579,8441
054622_SEG_TURN_02776,8442
054235_SEG_TURN_01496,8443
054235_SEG_CURR_NEXT_01495,8444
054235_SEG_PREV_CURR_01496,8445
054235_SEG_TURN_01497,8446
054235_SEG_TURN_00188,8447
054269_SEG_TURN_00315,8448
054235_SEG_TURN_01490,8449
054235_SEG_TURN_01817,8450
054235_SEG_TURN_01231,8451
054235_SEG_TURN_01486,8452
054235_SEG_CURR_NEXT_01490,8453
054235_SEG_PREV_CURR_01491,8454
054235_SEG_CURR_NEXT_01486,8455
054235_SEG_PREV_CURR_01487,8456
054269_SEG_TURN_00447,8457
054235_SEG_PREV_CURR_01486,8458
054235_SEG_CURR_NEXT_01485,8459
054235_SEG_TURN_00167,8460
054235_SEG_CURR_NEXT_01817,8461
054235_SEG_PREV_CURR_01818,8462
054269_SEG_TURN_00247,8463
054269_SEG_TURN_01241,8464
054235_SEG_CURR_NEXT_01230,8465
054235_SEG_PREV_CURR_01231,8466
054235_SEG_TURN_01310,8467
054269_SEG_TURN_00029,8468
054235_SEG_CURR_NEXT_00166,8469
054235_SEG_PREV_CURR_00167,8470
054269_SEG_CURR_NEXT_00028,8471
054269_SEG_PREV_CURR_00029,8472
054622_SEG_CURR_NEXT_02775,8473
054622_SEG_PREV_CURR_02776,8474
054235_SEG_CURR_NEXT_01497,8475
054235_SEG_PREV_CURR_01498,8476
054269_SEG_PREV_CURR_01242,8477
054269_SEG_CURR_NEXT_01241,8478
054269_SEG_PREV_CURR_01241,8479
054269_SEG_CURR_NEXT_01240,8480
054269_SEG_TURN_01308,8481
054269_SEG_TURN_01799,8482
054269_SEG_PREV_CURR_00448,8483
054269_SEG_CURR_NEXT_00447,8484
054235_SEG_PREV_CURR_00168,8485
054235_SEG_CURR_NEXT_00167,8486
054519_SEG_TURN_01078,8487
054519_SEG_TURN_00985,8488
054519_SEG_TURN_01082,8489
054519_SEG_TURN_01098,8490
054519_SEG_TURN_01094,8491
054519_SEG_TURN_01332,8492
054519_SEG_TURN_01084,8493
054519_SEG_TURN_01092,8494
054519_SEG_TURN_01217,8495
054519_SEG_TURN_01213,8496
054519_SEG_TURN_01096,8497
054519_SEG_TURN_01334,8498
054519_SEG_TURN_01100,8499
054519_SEG_TURN_00989,8500
054519_SEG_PREV_CURR_01078,8501
054519_SEG_CURR_NEXT_01077,8502
054519_SEG_TURN_00999,8503
054519_SEG_TURN_01219,8504
054519_SEG_TURN_00993,8505
054519_SEG_TURN_01215,8506
054519_SEG_PREV_CURR_00985,8507
054519_SEG_CURR_NEXT_00984,8508
054519_SEG_TURN_01080,8509
054519_SEG_TURN_01211,8510
054519_SEG_TURN_01088,8511
054519_SEG_CURR_NEXT_01078,8512
054519_SEG_PREV_CURR_01079,8513
054519_SEG_TURN_01346,8514
054519_SEG_PREV_CURR_01213,8515
054519_SEG_CURR_NEXT_01212,8516
054519_SEG_CURR_NEXT_01094,8517
054519_SEG_PREV_CURR_01095,8518
054519_SEG_PREV_CURR_01096,8519
054519_SEG_CURR_NEXT_01095,8520
054519_SEG_CURR_NEXT_01213,8521
054519_SEG_PREV_CURR_01214,8522
054519_SEG_TURN_01076,8523
054519_SEG_CURR_NEXT_01214,8524
054519_SEG_PREV_CURR_01215,8525
054519_SEG_TURN_01090,8526
054519_SEG_PREV_CURR_01212,8527
054519_SEG_CURR_NEXT_01211,8528
054622_SEG_TURN_03020,8529
054622_SEG_PREV_CURR_03020,8530
054622_SEG_CURR_NEXT_03019,8531
054622_SEG_CURR_NEXT_03020,8532
054622_SEG_PREV_CURR_03021,8533
054519_SEG_CURR_NEXT_01079,8534
054519_SEG_PREV_CURR_01080,8535
054519_SEG_PREV_CURR_01093,8536
054235_SEG_TURN_01281,8537
054235_SEG_TURN_01269,8538
054235_SEG_CURR_NEXT_01269,8539
054235_SEG_PREV_CURR_01270,8540
054235_SEG_CURR_NEXT_01280,8541
054235_SEG_PREV_CURR_01281,8542
054235_SEG_CURR_NEXT_01268,8543
054235_SEG_PREV_CURR_01269,8544
054235_SEG_TURN_00306,8545
054235_SEG_CURR_NEXT_00306,8546
054235_SEG_PREV_CURR_00307,8547
054235_SEG_CURR_NEXT_00305,8548
054235_SEG_PREV_CURR_00306,8549
054235_SEG_TURN_00376,8550
054269_SEG_TURN_00171,8551
054235_SEG_PREV_CURR_00376,8552
054235_SEG_CURR_NEXT_00375,8553
054235_SEG_PREV_CURR_01282,8554
054235_SEG_CURR_NEXT_01281,8555
054269_SEG_PREV_CURR_00171,8556
054269_SEG_CURR_NEXT_00170,8557
054235_SEG_PREV_CURR_00377,8558
054235_SEG_CURR_NEXT_00376,8559
054269_SEG_CURR_NEXT_00171,8560
054269_SEG_PREV_CURR_00172,8561
054435_SEG_TURN_01612,8562
054269_SEG_TURN_01523,8563
054235_SEG_TURN_01271,8564
054235_SEG_PREV_CURR_01271,8565
054235_SEG_CURR_NEXT_01270,8566
054235_SEG_PREV_CURR_01272,8567
054235_SEG_CURR_NEXT_01271,8568
054269_SEG_PREV_CURR_01523,8569
054269_SEG_CURR_NEXT_01522,8570
054435_SEG_TURN_01625,8571
054269_SEG_CURR_NEXT_01523,8572
054269_SEG_PREV_CURR_01524,8573
054435_SEG_TURN_01437,8574
054435_SEG_PREV_CURR_01612,8575
054435_SEG_CURR_NEXT_01611,8576
054435_SEG_CURR_NEXT_01612,8577
054435_SEG_PREV_CURR_01613,8578
054435_SEG_PREV_CURR_01437,8579
054435_SEG_CURR_NEXT_01436,8580
054435_SEG_CURR_NEXT_01625,8581
054435_SEG_PREV_CURR_01626,8582
054269_SEG_CURR_NEXT_01217,8583
054269_SEG_PREV_CURR_01218,8584
054269_SEG_TURN_00163,8585
054269_SEG_TURN_01217,8586
054576_SEG_TURN_01781,8587
054269_SEG_PREV_CURR_00635,8588
054269_SEG_CURR_NEXT_00634,8589
054622_SEG_TURN_00637,8590
054622_SEG_CURR_NEXT_00637,8591
054622_SEG_PREV_CURR_00638,8592
054576_SEG_CURR_NEXT_01781,8593
054576_SEG_PREV_CURR_01782,8594
054622_SEG_PREV_CURR_00637,8595
054622_SEG_CURR_NEXT_00636,8596
054269_SEG_TURN_00634,8597
054235_SEG_TURN_00290,8598
054269_SEG_PREV_CURR_00634,8599
054269_SEG_CURR_NEXT_00633,8600
054235_SEG_CURR_NEXT_00290,8601
054235_SEG_PREV_CURR_00291,8602
054519_SEG_TURN_00434,8603
054269_SEG_TURN_00635,8604
054345_SEG_TURN_00685,8605
054345_SEG_TURN_02560,8606
054345_SEG_TURN_00541,8607
054519_SEG_TURN_01365,8608
054519_SEG_PREV_CURR_00435,8609
054519_SEG_CURR_NEXT_00434,8610
054345_SEG_PREV_CURR_00541,8611
054345_SEG_CURR_NEXT_00540,8612
054345_SEG_TURN_00489,8613
054576_SEG_TURN_02854,8614
054235_SEG_PREV_CURR_00290,8615
054235_SEG_CURR_NEXT_00289,8616
054576_SEG_TURN_00791,8617
054435_SEG_TURN_01230,8618
054622_SEG_PREV_CURR_01153,8619
054622_SEG_CURR_NEXT_01152,8620
054622_SEG_TURN_01152,8621
054519_SEG_PREV_CURR_00434,8622
054519_SEG_CURR_NEXT_00433,8623
054269_SEG_CURR_NEXT_00635,8624
054269_SEG_PREV_CURR_00636,8625
054519_SEG_TURN_00045,8626
054622_SEG_PREV_CURR_01152,8627
054622_SEG_CURR_NEXT_01151,8628
054235_SEG_TURN_01242,8629
054345_SEG_CURR_NEXT_02560,8630
054345_SEG_PREV_CURR_02561,8631
054622_SEG_TURN_01172,8632
054576_SEG_TURN_01980,8633
054622_SEG_TURN_02071,8634
054235_SEG_CURR_NEXT_01241,8635
054235_SEG_PREV_CURR_01242,8636
054435_SEG_PREV_CURR_00906,8637
054435_SEG_CURR_NEXT_00905,8638
054435_SEG_TURN_00905,8639
054435_SEG_TURN_00903,8640
054435_SEG_CURR_NEXT_00904,8641
054435_SEG_PREV_CURR_00905,8642
054435_SEG_PREV_CURR_00904,8643
054435_SEG_CURR_NEXT_00903,8644
054435_SEG_TURN_00910,8645
054435_SEG_PREV_CURR_00907,8646
054435_SEG_CURR_NEXT_00906,8647
054435_SEG_TURN_00906,8648
054435_SEG_TURN_00904,8649
054435_SEG_PREV_CURR_00910,8650
054435_SEG_CURR_NEXT_00909,8651
054435_SEG_TURN_00907,8652
054435_SEG_PREV_CURR_00903,8653
054435_SEG_CURR_NEXT_00902,8654
054435_SEG_PREV_CURR_00908,8655
054435_SEG_CURR_NEXT_00907,8656
054435_SEG_TURN_00943,8657
054435_SEG_PREV_CURR_00911,8658
054435_SEG_CURR_NEXT_00910,8659
054435_SEG_PREV_CURR_00944,8660
054435_SEG_CURR_NEXT_00943,8661
054435_SEG_PREV_CURR_00943,8662
054435_SEG_CURR_NEXT_00942,8663
054435_SEG_TURN_00883,8664
054345_SEG_TURN_00360,8665
054269_SEG_TURN_01049,8666
054269_SEG_TURN_01051,8667
054435_SEG_TURN_00885,8668
054435_SEG_PREV_CURR_00884,8669
054435_SEG_CURR_NEXT_00883,8670
054435_SEG_PREV_CURR_00886,8671
054435_SEG_CURR_NEXT_00885,8672
054435_SEG_PREV_CURR_00883,8673
054435_SEG_CURR_NEXT_00882,8674
054435_SEG_PREV_CURR_00885,8675
054435_SEG_CURR_NEXT_00884,8676
054269_SEG_CURR_NEXT_01050,8677
054269_SEG_PREV_CURR_01051,8678
054269_SEG_PREV_CURR_01050,8679
054269_SEG_CURR_NEXT_01049,8680
054435_SEG_TURN_00946,8681
054622_SEG_TURN_03064,8682
054622_SEG_PREV_CURR_03064,8683
054622_SEG_CURR_NEXT_03063,8684
054622_SEG_CURR_NEXT_03064,8685
054622_SEG_PREV_CURR_03065,8686
054622_SEG_TURN_03062,8687
054622_SEG_PREV_CURR_03063,8688
054622_SEG_CURR_NEXT_03062,8689
054622_SEG_PREV_CURR_03062,8690
054622_SEG_CURR_NEXT_03061,8691
054435_SEG_TURN_01146,8692
054435_SEG_TURN_00665,8693
054435_SEG_PREV_CURR_00666,8694
054435_SEG_CURR_NEXT_00665,8695
054622_SEG_TURN_00914,8696
054435_SEG_CURR_NEXT_00664,8697
054435_SEG_PREV_CURR_00665,8698
054435_SEG_CURR_NEXT_01145,8699
054435_SEG_PREV_CURR_01146,8700
054435_SEG_CURR_NEXT_01146,8701
054435_SEG_PREV_CURR_01147,8702
054435_SEG_TURN_00175,8703
054435_SEG_CURR_NEXT_00174,8704
054435_SEG_PREV_CURR_00175,8705
054435_SEG_TURN_00085,8706
054435_SEG_PREV_CURR_00176,8707
054435_SEG_CURR_NEXT_00175,8708
054622_SEG_CURR_NEXT_00913,8709
054622_SEG_PREV_CURR_00914,8710
054435_SEG_TURN_01583,8711
054435_SEG_CURR_NEXT_00084,8712
054435_SEG_PREV_CURR_00085,8713
054435_SEG_TURN_00890,8714
054435_SEG_CURR_NEXT_00085,8715
054435_SEG_PREV_CURR_00086,8716
054345_SEG_TURN_01209,8717
054435_SEG_TURN_00894,8718
054435_SEG_PREV_CURR_01583,8719
054435_SEG_CURR_NEXT_01582,8720
054435_SEG_CURR_NEXT_01583,8721
054435_SEG_PREV_CURR_01584,8722
054435_SEG_TURN_00925,8723
054345_SEG_CURR_NEXT_01209,8724
054345_SEG_PREV_CURR_01210,8725
054435_SEG_PREV_CURR_00894,8726
054435_SEG_CURR_NEXT_00893,8727
054435_SEG_TURN_00673,8728
054622_SEG_TURN_02525,8729
054435_SEG_CURR_NEXT_00924,8730
054576_SEG_TURN_02961,8731
054622_SEG_TURN_03072,8732
054622_SEG_PREV_CURR_03072,8733
054622_SEG_CURR_NEXT_03071,8734
054622_SEG_PREV_CURR_03073,8735
054622_SEG_CURR_NEXT_03072,8736
054576_SEG_PREV_CURR_02961,8737
054576_SEG_CURR_NEXT_02960,8738
054576_SEG_PREV_CURR_02962,8739
054576_SEG_CURR_NEXT_02961,8740
054435_SEG_TURN_00970,8741
054622_SEG_TURN_03070,8742
054435_SEG_TURN_00952,8743
054622_SEG_CURR_NEXT_03069,8744
054622_SEG_PREV_CURR_03070,8745
054622_SEG_CURR_NEXT_03070,8746
054622_SEG_PREV_CURR_03071,8747
054435_SEG_TURN_00972,8748
054435_SEG_PREV_CURR_00973,8749
054435_SEG_CURR_NEXT_00972,8750
054622_SEG_TURN_03068,8751
054622_SEG_PREV_CURR_03069,8752
054622_SEG_CURR_NEXT_03068,8753
054235_SEG_TURN_01885,8754
054622_SEG_CURR_NEXT_03067,8755
054622_SEG_PREV_CURR_03068,8756
054235_SEG_PREV_CURR_01886,8757
054235_SEG_CURR_NEXT_01885,8758
054435_SEG_PREV_CURR_00890,8759
054435_SEG_CURR_NEXT_00889,8760
054235_SEG_PREV_CURR_01885,8761
054235_SEG_CURR_NEXT_01884,8762
054435_SEG_PREV_CURR_00953,8763
054435_SEG_CURR_NEXT_00952,8764
054435_SEG_TURN_01745,8765
054435_SEG_PREV_CURR_00952,8766
054435_SEG_CURR_NEXT_00951,8767
054435_SEG_PREV_CURR_00891,8768
054435_SEG_CURR_NEXT_00890,8769
054235_SEG_TURN_00434,8770
054435_SEG_TURN_00679,8771
054235_SEG_PREV_CURR_00434,8772
054235_SEG_CURR_NEXT_00433,8773
054235_SEG_TURN_00426,8774
054435_SEG_CURR_NEXT_00971,8775
054435_SEG_PREV_CURR_00972,8776
054435_SEG_TURN_00618,8777
054435_SEG_PREV_CURR_01745,8778
054435_SEG_CURR_NEXT_01744,8779
054435_SEG_TURN_00508,8780
054435_SEG_CURR_NEXT_00508,8781
054435_SEG_PREV_CURR_00509,8782
054435_SEG_CURR_NEXT_00507,8783
054435_SEG_PREV_CURR_00508,8784
054269_SEG_TURN_00972,8785
054622_SEG_TURN_03058,8786
054269_SEG_PREV_CURR_00973,8787
054269_SEG_CURR_NEXT_00972,8788
054345_SEG_TURN_01914,8789
054345_SEG_PREV_CURR_01915,8790
054345_SEG_CURR_NEXT_01914,8791
054622_SEG_TURN_03078,8792
054622_SEG_CURR_NEXT_03058,8793
054622_SEG_PREV_CURR_03059,8794
054622_SEG_PREV_CURR_03078,8795
054622_SEG_CURR_NEXT_03077,8796
054519_SEG_TURN_01515,8797
054269_SEG_CURR_NEXT_00971,8798
054269_SEG_PREV_CURR_00972,8799
054622_SEG_CURR_NEXT_03078,8800
054622_SEG_PREV_CURR_03079,8801
054622_SEG_CURR_NEXT_03057,8802
054622_SEG_PREV_CURR_03058,8803
054435_SEG_TURN_01332,8804
054345_SEG_TURN_01282,8805
054622_SEG_TURN_03056,8806
054622_SEG_CURR_NEXT_03055,8807
054622_SEG_PREV_CURR_03056,8808
054435_SEG_CURR_NEXT_01332,8809
054435_SEG_PREV_CURR_01333,8810
054622_SEG_PREV_CURR_03057,8811
054622_SEG_CURR_NEXT_03056,8812
054345_SEG_PREV_CURR_01914,8813
054345_SEG_CURR_NEXT_01913,8814
054345_SEG_TURN_00334,8815
054345_SEG_TURN_00349,8816
054345_SEG_TURN_01911,8817
054345_SEG_TURN_01335,8818
054345_SEG_TURN_02534,8819
054345_SEG_PREV_CURR_00350,8820
054345_SEG_CURR_NEXT_00349,8821
054345_SEG_CURR_NEXT_01911,8822
054345_SEG_PREV_CURR_01912,8823
054235_SEG_TURN_00279,8824
054435_SEG_TURN_01670,8825
054345_SEG_PREV_CURR_00349,8826
054345_SEG_CURR_NEXT_00348,8827
054519_SEG_TURN_00324,8828
054435_SEG_CURR_NEXT_01670,8829
054345_SEG_PREV_CURR_01209,8830
054345_SEG_CURR_NEXT_01208,8831
054435_SEG_PREV_CURR_00895,8832
054435_SEG_CURR_NEXT_00894,8833
054435_SEG_PREV_CURR_00925,8834
054435_SEG_PREV_CURR_00926,8835
054435_SEG_CURR_NEXT_00925,8836
054269_SEG_TURN_01855,8837
054235_SEG_TURN_01714,8838
054235_SEG_TURN_01776,8839
054435_SEG_PREV_CURR_01018,8840
054435_SEG_CURR_NEXT_01017,8841
054435_SEG_TURN_01018,8842
054435_SEG_TURN_01281,8843
054435_SEG_TURN_01283,8844
054235_SEG_TURN_01759,8845
054622_SEG_TURN_00572,8846
054235_SEG_PREV_CURR_01777,8847
054235_SEG_CURR_NEXT_01776,8848
054435_SEG_TURN_01017,8849
054235_SEG_PREV_CURR_01776,8850
054235_SEG_CURR_NEXT_01775,8851
054235_SEG_CURR_NEXT_01758,8852
054235_SEG_PREV_CURR_01759,8853
054435_SEG_PREV_CURR_01017,8854
054435_SEG_CURR_NEXT_01016,8855
054235_SEG_PREV_CURR_01760,8856
054235_SEG_CURR_NEXT_01759,8857
054435_SEG_CURR_NEXT_01018,8858
054435_SEG_PREV_CURR_01019,8859
054435_SEG_PREV_CURR_01284,8860
054435_SEG_CURR_NEXT_01283,8861
054622_SEG_TURN_00525,8862
054622_SEG_PREV_CURR_00572,8863
054622_SEG_CURR_NEXT_00571,8864
054622_SEG_PREV_CURR_00526,8865
054622_SEG_CURR_NEXT_00525,8866
054622_SEG_CURR_NEXT_00524,8867
054622_SEG_PREV_CURR_00525,8868
054235_SEG_TURN_01762,8869
054435_SEG_PREV_CURR_01282,8870
054435_SEG_CURR_NEXT_01281,8871
054435_SEG_TURN_00130,8872
054435_SEG_PREV_CURR_01281,8873
054435_SEG_CURR_NEXT_01280,8874
054435_SEG_TURN_00599,8875
054435_SEG_CURR_NEXT_01282,8876
054435_SEG_PREV_CURR_01283,8877
054345_SEG_TURN_01207,8878
054435_SEG_CURR_NEXT_00129,8879
054435_SEG_PREV_CURR_00130,8880
054435_SEG_PREV_CURR_00599,8881
054435_SEG_CURR_NEXT_00598,8882
054622_SEG_PREV_CURR_00554,8883
054622_SEG_CURR_NEXT_00553,8884
054622_SEG_TURN_00554,8885
054345_SEG_PREV_CURR_01207,8886
054345_SEG_CURR_NEXT_01206,8887
054435_SEG_TURN_00097,8888
054435_SEG_CURR_NEXT_00097,8889
054435_SEG_PREV_CURR_00098,8890
054622_SEG_TURN_03031,8891
054435_SEG_CURR_NEXT_00096,8892
054435_SEG_PREV_CURR_00097,8893
054622_SEG_TURN_03028,8894
054435_SEG_TURN_00115,8895
054622_SEG_CURR_NEXT_03027,8896
054622_SEG_PREV_CURR_03028,8897
054622_SEG_CURR_NEXT_03028,8898
054622_SEG_PREV_CURR_03029,8899
054435_SEG_TURN_01273,8900
054435_SEG_PREV_CURR_01274,8901
054435_SEG_CURR_NEXT_01273,8902
054622_SEG_PREV_CURR_03031,8903
054622_SEG_CURR_NEXT_03030,8904
054435_SEG_PREV_CURR_01273,8905
054435_SEG_CURR_NEXT_01272,8906
054435_SEG_PREV_CURR_00115,8907
054435_SEG_CURR_NEXT_00114,8908
054435_SEG_CURR_NEXT_00100,8909
054435_SEG_PREV_CURR_00101,8910
054435_SEG_PREV_CURR_00102,8911
054435_SEG_CURR_NEXT_00101,8912
054435_SEG_TURN_00101,8913
054435_SEG_PREV_CURR_00116,8914
054435_SEG_CURR_NEXT_00115,8915
054235_SEG_TURN_00148,8916
054345_SEG_TURN_00382,8917
054345_SEG_TURN_01815,8918
054235_SEG_TURN_01756,8919
054519_SEG_TURN_01305,8920
054235_SEG_TURN_00304,8921
054519_SEG_PREV_CURR_01306,8922
054519_SEG_CURR_NEXT_01305,8923
054269_SEG_TURN_00476,8924
054235_SEG_CURR_NEXT_00303,8925
054235_SEG_PREV_CURR_00304,8926
054519_SEG_PREV_CURR_01315,8927
054519_SEG_CURR_NEXT_01314,8928
054235_SEG_PREV_CURR_00305,8929
054235_SEG_CURR_NEXT_00304,8930
054435_SEG_TURN_01286,8931
054269_SEG_PREV_CURR_01420,8932
054269_SEG_CURR_NEXT_01419,8933
054519_SEG_PREV_CURR_01305,8934
054519_SEG_CURR_NEXT_01304,8935
054269_SEG_TURN_01419,8936
054345_SEG_TURN_01817,8937
054345_SEG_PREV_CURR_00383,8938
054345_SEG_CURR_NEXT_00382,8939
054345_SEG_CURR_NEXT_01814,8940
054345_SEG_PREV_CURR_01815,8941
054269_SEG_PREV_CURR_00477,8942
054269_SEG_CURR_NEXT_00476,8943
054622_SEG_TURN_00182,8944
054345_SEG_PREV_CURR_00382,8945
054345_SEG_CURR_NEXT_00381,8946
054235_SEG_PREV_CURR_01757,8947
054235_SEG_CURR_NEXT_01756,8948
054345_SEG_TURN_01572,8949
054519_SEG_TURN_01047,8950
054622_SEG_TURN_02375,8951
054235_SEG_TURN_01291,8952
054269_SEG_TURN_00440,8953
054576_SEG_TURN_03132,8954
054235_SEG_CURR_NEXT_01290,8955
054235_SEG_PREV_CURR_01291,8956
054235_SEG_CURR_NEXT_01291,8957
054235_SEG_PREV_CURR_01292,8958
054576_SEG_PREV_CURR_03132,8959
054576_SEG_CURR_NEXT_03131,8960
054622_SEG_PREV_CURR_02376,8961
054622_SEG_CURR_NEXT_02375,8962
054576_SEG_PREV_CURR_03133,8963
054576_SEG_CURR_NEXT_03132,8964
054519_SEG_TURN_00844,8965
054435_SEG_TURN_00922,8966
054622_SEG_CURR_NEXT_02374,8967
054622_SEG_PREV_CURR_02375,8968
054576_SEG_TURN_03127,8969
054345_SEG_TURN_02512,8970
054345_SEG_PREV_CURR_02513,8971
054345_SEG_CURR_NEXT_02512,8972
054345_SEG_PREV_CURR_02512,8973
054345_SEG_CURR_NEXT_02511,8974
054235_SEG_TURN_01706,8975
054235_SEG_TURN_01332,8976
054235_SEG_PREV_CURR_01706,8977
054235_SEG_CURR_NEXT_01705,8978
054576_SEG_TURN_00369,8979
054519_SEG_TURN_01487,8980
054345_SEG_TURN_01118,8981
054235_SEG_TURN_01297,8982
054235_SEG_CURR_NEXT_01296,8983
054235_SEG_PREV_CURR_01297,8984
054576_SEG_PREV_CURR_00370,8985
054576_SEG_CURR_NEXT_00369,8986
054576_SEG_CURR_NEXT_03127,8987
054576_SEG_PREV_CURR_03128,8988
054576_SEG_CURR_NEXT_00368,8989
054576_SEG_PREV_CURR_00369,8990
054235_SEG_TURN_01293,8991
054435_SEG_CURR_NEXT_00921,8992
054435_SEG_PREV_CURR_00922,8993
054345_SEG_PREV_CURR_01118,8994
054345_SEG_CURR_NEXT_01117,8995
054345_SEG_TURN_01122,8996
054345_SEG_TURN_01190,8997
054235_SEG_CURR_NEXT_01706,8998
054235_SEG_PREV_CURR_01707,8999
054576_SEG_TURN_00663,9000
054622_SEG_TURN_01092,9001
054576_SEG_TURN_03136,9002
054576_SEG_PREV_CURR_00663,9003
054576_SEG_CURR_NEXT_00662,9004
054622_SEG_PREV_CURR_01093,9005
054622_SEG_CURR_NEXT_01092,9006
054576_SEG_CURR_NEXT_03136,9007
054576_SEG_PREV_CURR_03137,9008
054576_SEG_PREV_CURR_03136,9009
054576_SEG_CURR_NEXT_03135,9010
054622_SEG_TURN_01114,9011
054622_SEG_CURR_NEXT_01091,9012
054622_SEG_PREV_CURR_01092,9013
054622_SEG_CURR_NEXT_01113,9014
054622_SEG_PREV_CURR_01114,9015
054435_SEG_TURN_01458,9016
054345_SEG_TURN_01916,9017
054519_SEG_TURN_00138,9018
054519_SEG_PREV_CURR_00138,9019
054519_SEG_CURR_NEXT_00137,9020
054345_SEG_TURN_01182,9021
054345_SEG_PREV_CURR_01916,9022
054345_SEG_CURR_NEXT_01915,9023
054435_SEG_TURN_01299,9024
054576_SEG_PREV_CURR_00664,9025
054576_SEG_CURR_NEXT_00663,9026
054435_SEG_PREV_CURR_01459,9027
054435_SEG_CURR_NEXT_01458,9028
054435_SEG_CURR_NEXT_01457,9029
054435_SEG_PREV_CURR_01458,9030
054269_SEG_TURN_00702,9031
054622_SEG_TURN_01785,9032
054345_SEG_PREV_CURR_01182,9033
054345_SEG_CURR_NEXT_01181,9034
054345_SEG_TURN_01769,9035
054622_SEG_PREV_CURR_01785,9036
054622_SEG_CURR_NEXT_01784,9037
054345_SEG_PREV_CURR_01917,9038
054345_SEG_CURR_NEXT_01916,9039
054519_SEG_PREV_CURR_00139,9040
054519_SEG_CURR_NEXT_00138,9041
054345_SEG_CURR_NEXT_01182,9042
054345_SEG_PREV_CURR_01183,9043
054345_SEG_PREV_CURR_01770,9044
054235_SEG_PREV_CURR_00878,9045
054235_SEG_CURR_NEXT_00877,9046
054235_SEG_TURN_00877,9047
054235_SEG_TURN_00878,9048
054235_SEG_TURN_01468,9049
054622_SEG_TURN_00853,9050
054235_SEG_PREV_CURR_01469,9051
054235_SEG_CURR_NEXT_01468,9052
054235_SEG_PREV_CURR_00877,9053
054235_SEG_CURR_NEXT_00876,9054
054622_SEG_CURR_NEXT_00852,9055
054622_SEG_PREV_CURR_00853,9056
054622_SEG_PREV_CURR_00854,9057
054622_SEG_CURR_NEXT_00853,9058
054235_SEG_TURN_00900,9059
054235_SEG_CURR_NEXT_01467,9060
054235_SEG_PREV_CURR_01468,9061
054235_SEG_PREV_CURR_00900,9062
054235_SEG_CURR_NEXT_00899,9063
054235_SEG_TURN_01482,9064
054622_SEG_TURN_01101,9065
054235_SEG_TURN_01470,9066
054235_SEG_CURR_NEXT_01470,9067
054235_SEG_PREV_CURR_01471,9068
054235_SEG_PREV_CURR_01470,9069
054235_SEG_CURR_NEXT_01469,9070
054235_SEG_CURR_NEXT_00878,9071
054235_SEG_PREV_CURR_00879,9072
054235_SEG_TURN_00871,9073
054235_SEG_TURN_01869,9074
054235_SEG_TURN_00902,9075
054235_SEG_CURR_NEXT_01481,9076
054235_SEG_PREV_CURR_01482,9077
054235_SEG_PREV_CURR_01483,9078
054235_SEG_CURR_NEXT_01482,9079
054235_SEG_PREV_CURR_01870,9080
054235_SEG_CURR_NEXT_01869,9081
054435_SEG_TURN_00782,9082
054435_SEG_TURN_00005,9083
054235_SEG_CURR_NEXT_00870,9084
054235_SEG_PREV_CURR_00871,9085
054622_SEG_CURR_NEXT_01101,9086
054622_SEG_PREV_CURR_01102,9087
054435_SEG_CURR_NEXT_00005,9088
054435_SEG_PREV_CURR_00006,9089
054435_SEG_CURR_NEXT_00782,9090
054435_SEG_PREV_CURR_00783,9091
054235_SEG_CURR_NEXT_00871,9092
054235_SEG_PREV_CURR_00872,9093
054576_SEG_TURN_00517,9094
054622_SEG_TURN_02996,9095
054622_SEG_CURR_NEXT_02996,9096
054622_SEG_PREV_CURR_02997,9097
054622_SEG_CURR_NEXT_02995,9098
054622_SEG_PREV_CURR_02996,9099
054622_SEG_TURN_03009,9100
054622_SEG_CURR_NEXT_03009,9101
054622_SEG_PREV_CURR_03010,9102
054622_SEG_PREV_CURR_03009,9103
054622_SEG_CURR_NEXT_03008,9104
054622_SEG_TURN_02995,9105
054622_SEG_TURN_03005,9106
054345_SEG_TURN_02027,9107
054622_SEG_TURN_03001,9108
054622_SEG_PREV_CURR_03001,9109
054622_SEG_CURR_NEXT_03000,9110
054622_SEG_CURR_NEXT_03001,9111
054622_SEG_PREV_CURR_03002,9112
054622_SEG_CURR_NEXT_03004,9113
054622_SEG_PREV_CURR_03005,9114
054622_SEG_CURR_NEXT_03005,9115
054622_SEG_PREV_CURR_03006,9116
054235_SEG_TURN_00804,9117
054622_SEG_CURR_NEXT_02994,9118
054622_SEG_PREV_CURR_02995,9119
054622_SEG_TURN_03011,9120
054622_SEG_PREV_CURR_03011,9121
054622_SEG_CURR_NEXT_03010,9122
054622_SEG_CURR_NEXT_03011,9123
054622_SEG_PREV_CURR_03012,9124
054622_SEG_TURN_02999,9125
054622_SEG_CURR_NEXT_02999,9126
054622_SEG_PREV_CURR_03000,9127
054345_SEG_PREV_CURR_02027,9128
054345_SEG_CURR_NEXT_02026,9129
054622_SEG_CURR_NEXT_02998,9130
054622_SEG_PREV_CURR_02999,9131
054576_SEG_TURN_00772,9132
054345_SEG_TURN_01917,9133
054576_SEG_CURR_NEXT_00772,9134
054576_SEG_PREV_CURR_00773,9135
054576_SEG_TURN_00678,9136
054235_SEG_TURN_01169,9137
054235_SEG_CURR_NEXT_01169,9138
054235_SEG_PREV_CURR_01170,9139
054235_SEG_CURR_NEXT_01168,9140
054235_SEG_PREV_CURR_01169,9141
054576_SEG_TURN_00099,9142
054576_SEG_CURR_NEXT_00099,9143
054576_SEG_PREV_CURR_00100,9144
054622_SEG_CURR_NEXT_02365,9145
054622_SEG_PREV_CURR_02366,9146
054576_SEG_CURR_NEXT_00433,9147
054576_SEG_PREV_CURR_00434,9148
054622_SEG_TURN_00304,9149
054576_SEG_TURN_00433,9150
054622_SEG_PREV_CURR_00305,9151
054622_SEG_CURR_NEXT_00304,9152
054622_SEG_CURR_NEXT_00303,9153
054622_SEG_PREV_CURR_00304,9154
054269_SEG_TURN_01323,9155
054576_SEG_TURN_02134,9156
054622_SEG_TURN_02365,9157
054576_SEG_PREV_CURR_00099,9158
054576_SEG_CURR_NEXT_00098,9159
054622_SEG_CURR_NEXT_02364,9160
054622_SEG_PREV_CURR_02365,9161
054576_SEG_CURR_NEXT_00432,9162
054576_SEG_PREV_CURR_00433,9163
054576_SEG_TURN_02902,9164
054576_SEG_TURN_02976,9165
054576_SEG_TURN_00804,9166
054576_SEG_TURN_02065,9167
054576_SEG_TURN_01899,9168
054576_SEG_TURN_03004,9169
054576_SEG_CURR_NEXT_00803,9170
054576_SEG_PREV_CURR_00804,9171
054576_SEG_PREV_CURR_02135,9172
054576_SEG_CURR_NEXT_02134,9173
054576_SEG_TURN_02842,9174
054576_SEG_TURN_00171,9175
054576_SEG_TURN_01191,9176
054576_SEG_CURR_NEXT_02531,9177
054576_SEG_PREV_CURR_02532,9178
054576_SEG_TURN_00396,9179
054576_SEG_TURN_01930,9180
054576_SEG_TURN_03247,9181
054576_SEG_TURN_02251,9182
054235_SEG_TURN_01861,9183
054576_SEG_TURN_01220,9184
054622_SEG_TURN_00311,9185
054576_SEG_TURN_00238,9186
054235_SEG_TURN_00230,9187
054269_SEG_TURN_00287,9188
054269_SEG_PREV_CURR_00288,9189
054269_SEG_CURR_NEXT_00287,9190
054269_SEG_CURR_NEXT_00286,9191
054269_SEG_PREV_CURR_00287,9192
054576_SEG_TURN_02837,9193
054576_SEG_CURR_NEXT_02837,9194
054576_SEG_PREV_CURR_02838,9195
054235_SEG_PREV_CURR_00231,9196
054235_SEG_CURR_NEXT_00230,9197
054576_SEG_CURR_NEXT_02836,9198
054576_SEG_PREV_CURR_02837,9199
054235_SEG_PREV_CURR_00230,9200
054235_SEG_CURR_NEXT_00229,9201
054235_SEG_TURN_00214,9202
054235_SEG_CURR_NEXT_00213,9203
054235_SEG_PREV_CURR_00214,9204
054235_SEG_CURR_NEXT_00214,9205
054235_SEG_PREV_CURR_00215,9206
054435_SEG_TURN_00457,9207
054576_SEG_TURN_02827,9208
054269_SEG_TURN_00277,9209
054269_SEG_CURR_NEXT_00277,9210
054269_SEG_PREV_CURR_00278,9211
054269_SEG_PREV_CURR_00277,9212
054269_SEG_CURR_NEXT_00276,9213
054435_SEG_CURR_NEXT_00456,9214
054435_SEG_PREV_CURR_00457,9215
054435_SEG_CURR_NEXT_00457,9216
054435_SEG_PREV_CURR_00458,9217
054576_SEG_PREV_CURR_02827,9218
054576_SEG_CURR_NEXT_02826,9219
054435_SEG_TURN_00455,9220
054435_SEG_CURR_NEXT_00454,9221
054435_SEG_PREV_CURR_00455,9222
054435_SEG_CURR_NEXT_00455,9223
054435_SEG_PREV_CURR_00456,9224
054576_SEG_TURN_03117,9225
054435_SEG_TURN_00479,9226
054435_SEG_TURN_00267,9227
054576_SEG_CURR_NEXT_02827,9228
054576_SEG_PREV_CURR_02828,9229
054435_SEG_CURR_NEXT_00479,9230
054435_SEG_PREV_CURR_00480,9231
054435_SEG_CURR_NEXT_00478,9232
054435_SEG_PREV_CURR_00479,9233
054435_SEG_PREV_CURR_00267,9234
054435_SEG_CURR_NEXT_00266,9235
054576_SEG_PREV_CURR_03118,9236
054345_SEG_TURN_01155,9237
054622_SEG_TURN_00163,9238
054435_SEG_TURN_01200,9239
054576_SEG_TURN_02176,9240
054435_SEG_TURN_01862,9241
054435_SEG_CURR_NEXT_01199,9242
054435_SEG_PREV_CURR_01200,9243
054576_SEG_PREV_CURR_02177,9244
054576_SEG_CURR_NEXT_02176,9245
054435_SEG_CURR_NEXT_01200,9246
054435_SEG_PREV_CURR_01201,9247
054622_SEG_PREV_CURR_00163,9248
054622_SEG_CURR_NEXT_00162,9249
054576_SEG_CURR_NEXT_02175,9250
054576_SEG_PREV_CURR_02176,9251
054435_SEG_PREV_CURR_01862,9252
054435_SEG_CURR_NEXT_01861,9253
054435_SEG_CURR_NEXT_01862,9254
054435_SEG_PREV_CURR_01863,9255
054345_SEG_PREV_CURR_01155,9256
054345_SEG_CURR_NEXT_01154,9257
054622_SEG_PREV_CURR_00164,9258
054622_SEG_CURR_NEXT_00163,9259
054345_SEG_PREV_CURR_01156,9260
054345_SEG_CURR_NEXT_01155,9261
054235_SEG_TURN_00320,9262
054345_SEG_TURN_00328,9263
054345_SEG_TURN_01157,9264
054345_SEG_TURN_01234,9265
054345_SEG_TURN_02034,9266
054345_SEG_TURN_02038,9267
054345_SEG_TURN_00324,9268
054345_SEG_TURN_02060,9269
054345_SEG_TURN_02024,9270
054235_SEG_CURR_NEXT_00320,9271
054235_SEG_PREV_CURR_00321,9272
054345_SEG_TURN_02040,9273
054345_SEG_TURN_00628,9274
054345_SEG_TURN_02030,9275
054345_SEG_TURN_02042,9276
054345_SEG_TURN_02052,9277
054345_SEG_TURN_02050,9278
054345_SEG_TURN_00670,9279
054345_SEG_TURN_02064,9280
054345_SEG_TURN_00634,9281
054345_SEG_TURN_00630,9282
054345_SEG_TURN_02044,9283
054345_SEG_TURN_02660,9284
054345_SEG_CURR_NEXT_02659,9285
054345_SEG_PREV_CURR_02660,9286
054519_SEG_TURN_01281,9287
054519_SEG_TURN_01285,9288
054519_SEG_PREV_CURR_01285,9289
054519_SEG_CURR_NEXT_01284,9290
054519_SEG_CURR_NEXT_01280,9291
054519_SEG_PREV_CURR_01281,9292
054519_SEG_PREV_CURR_01286,9293
054519_SEG_CURR_NEXT_01285,9294
054519_SEG_CURR_NEXT_01281,9295
054519_SEG_PREV_CURR_01282,9296
054519_SEG_TURN_01288,9297
054519_SEG_PREV_CURR_01288,9298
054519_SEG_CURR_NEXT_01287,9299
054519_SEG_TURN_01295,9300
054519_SEG_PREV_CURR_01295,9301
054519_SEG_CURR_NEXT_01294,9302
054519_SEG_PREV_CURR_01289,9303
054519_SEG_CURR_NEXT_01288,9304
054519_SEG_CURR_NEXT_01295,9305
054519_SEG_PREV_CURR_01296,9306
054235_SEG_TURN_01239,9307
054519_SEG_TURN_01273,9308
054519_SEG_CURR_NEXT_01272,9309
054519_SEG_PREV_CURR_01273,9310
054235_SEG_PREV_CURR_01239,9311
054235_SEG_CURR_NEXT_01238,9312
054519_SEG_PREV_CURR_01274,9313
054519_SEG_CURR_NEXT_01273,9314
054235_SEG_PREV_CURR_01240,9315
054235_SEG_CURR_NEXT_01239,9316
054519_SEG_TURN_01294,9317
054519_SEG_TURN_01279,9318
054519_SEG_PREV_CURR_01294,9319
054519_SEG_CURR_NEXT_01293,9320
054519_SEG_CURR_NEXT_01279,9321
054519_SEG_PREV_CURR_01280,9322
054519_SEG_CURR_NEXT_01278,9323
054519_SEG_PREV_CURR_01279,9324
054435_SEG_TURN_00526,9325
054435_SEG_CURR_NEXT_00526,9326
054435_SEG_PREV_CURR_00527,9327
054435_SEG_CURR_NEXT_00525,9328
054435_SEG_PREV_CURR_00526,9329
054519_SEG_TURN_00005,9330
054519_SEG_PREV_CURR_00005,9331
054519_SEG_CURR_NEXT_00004,9332
054519_SEG_PREV_CURR_00006,9333
054519_SEG_CURR_NEXT_00005,9334
054519_SEG_TURN_00929,9335
054235_SEG_TURN_01313,9336
054269_SEG_TURN_01529,9337
054519_SEG_TURN_01112,9338
054519_SEG_CURR_NEXT_01112,9339
054519_SEG_PREV_CURR_01113,9340
054519_SEG_PREV_CURR_01112,9341
054519_SEG_CURR_NEXT_01111,9342
054269_SEG_CURR_NEXT_01529,9343
054269_SEG_PREV_CURR_01530,9344
054269_SEG_PREV_CURR_01529,9345
054269_SEG_CURR_NEXT_01528,9346
054622_SEG_TURN_02213,9347
054622_SEG_TURN_00190,9348
054519_SEG_CURR_NEXT_01110,9349
054519_SEG_PREV_CURR_01111,9350
054622_SEG_CURR_NEXT_02212,9351
054622_SEG_PREV_CURR_02213,9352
054345_SEG_TURN_01576,9353
054576_SEG_TURN_00701,9354
054519_SEG_TURN_00438,9355
054519_SEG_TURN_01110,9356
054519_SEG_PREV_CURR_01110,9357
054519_SEG_CURR_NEXT_01109,9358
054269_SEG_TURN_01633,9359
054622_SEG_CURR_NEXT_02213,9360
054622_SEG_PREV_CURR_02214,9361
054345_SEG_CURR_NEXT_01917,9362
054345_SEG_PREV_CURR_01918,9363
054519_SEG_CURR_NEXT_00437,9364
054519_SEG_PREV_CURR_00438,9365
054622_SEG_TURN_02225,9366
054269_SEG_TURN_00005,9367
054269_SEG_CURR_NEXT_00005,9368
054269_SEG_PREV_CURR_00006,9369
054345_SEG_CURR_NEXT_01575,9370
054345_SEG_PREV_CURR_01576,9371
054269_SEG_TURN_00657,9372
054622_SEG_TURN_00411,9373
054576_SEG_CURR_NEXT_00701,9374
054576_SEG_PREV_CURR_00702,9375
054269_SEG_PREV_CURR_00005,9376
054269_SEG_CURR_NEXT_00004,9377
054519_SEG_TURN_00515,9378
054519_SEG_CURR_NEXT_00514,9379
054519_SEG_PREV_CURR_00515,9380
054519_SEG_CURR_NEXT_00515,9381
054519_SEG_PREV_CURR_00516,9382
054519_SEG_TURN_00501,9383
054519_SEG_CURR_NEXT_00500,9384
054519_SEG_PREV_CURR_00501,9385
054519_SEG_PREV_CURR_00502,9386
054519_SEG_CURR_NEXT_00501,9387
054519_SEG_TURN_00514,9388
054519_SEG_CURR_NEXT_00513,9389
054519_SEG_PREV_CURR_00514,9390
054519_SEG_TURN_00505,9391
054519_SEG_PREV_CURR_00506,9392
054519_SEG_CURR_NEXT_00505,9393
054519_SEG_PREV_CURR_00505,9394
054519_SEG_CURR_NEXT_00504,9395
054269_SEG_TURN_01430,9396
054269_SEG_CURR_NEXT_01430,9397
054269_SEG_PREV_CURR_01431,9398
054269_SEG_CURR_NEXT_01429,9399
054269_SEG_PREV_CURR_01430,9400
054519_SEG_TURN_00509,9401
054519_SEG_CURR_NEXT_00508,9402
054519_SEG_PREV_CURR_00509,9403
054519_SEG_TURN_00502,9404
054519_SEG_PREV_CURR_00510,9405
054519_SEG_CURR_NEXT_00509,9406
054519_SEG_TURN_00519,9407
054519_SEG_CURR_NEXT_00502,9408
054519_SEG_PREV_CURR_00503,9409
054519_SEG_CURR_NEXT_00518,9410
054519_SEG_PREV_CURR_00519,9411
054519_SEG_CURR_NEXT_00519,9412
054519_SEG_PREV_CURR_00520,9413
054519_SEG_TURN_00525,9414
054519_SEG_PREV_CURR_00526,9415
054519_SEG_CURR_NEXT_00525,9416
054519_SEG_CURR_NEXT_00524,9417
054519_SEG_PREV_CURR_00525,9418
054622_SEG_TURN_00575,9419
054622_SEG_TURN_01721,9420
054622_SEG_CURR_NEXT_00574,9421
054622_SEG_PREV_CURR_00575,9422
054622_SEG_CURR_NEXT_00575,9423
054622_SEG_PREV_CURR_00576,9424
054622_SEG_CURR_NEXT_01721,9425
054622_SEG_PREV_CURR_01722,9426
054622_SEG_PREV_CURR_01721,9427
054622_SEG_TURN_02830,9428
054622_SEG_CURR_NEXT_02830,9429
054622_SEG_PREV_CURR_02831,9430
054622_SEG_CURR_NEXT_02829,9431
054622_SEG_PREV_CURR_02830,9432
054269_SEG_TURN_01135,9433
054269_SEG_CURR_NEXT_01134,9434
054269_SEG_PREV_CURR_01135,9435
054435_SEG_TURN_00132,9436
054269_SEG_PREV_CURR_01136,9437
054269_SEG_CURR_NEXT_01135,9438
054519_SEG_TURN_01105,9439
054435_SEG_CURR_NEXT_00132,9440
054435_SEG_PREV_CURR_00133,9441
054435_SEG_TURN_00686,9442
054435_SEG_CURR_NEXT_00131,9443
054435_SEG_PREV_CURR_00132,9444
054235_SEG_TURN_01816,9445
054519_SEG_TURN_00391,9446
054435_SEG_TURN_01160,9447
054235_SEG_CURR_NEXT_01815,9448
054235_SEG_PREV_CURR_01816,9449
054435_SEG_PREV_CURR_01160,9450
054435_SEG_CURR_NEXT_01159,9451
054519_SEG_PREV_CURR_00392,9452
054519_SEG_CURR_NEXT_00391,9453
054519_SEG_PREV_CURR_00391,9454
054519_SEG_CURR_NEXT_00390,9455
054435_SEG_CURR_NEXT_00686,9456
054435_SEG_PREV_CURR_00687,9457
054435_SEG_PREV_CURR_01161,9458
054435_SEG_CURR_NEXT_01160,9459
054519_SEG_PREV_CURR_01105,9460
054519_SEG_CURR_NEXT_01104,9461
054622_SEG_TURN_02733,9462
054235_SEG_CURR_NEXT_01816,9463
054235_SEG_PREV_CURR_01817,9464
054622_SEG_PREV_CURR_02733,9465
054622_SEG_CURR_NEXT_02732,9466
054435_SEG_CURR_NEXT_00685,9467
054435_SEG_PREV_CURR_00686,9468
054622_SEG_PREV_CURR_02734,9469
054622_SEG_CURR_NEXT_02733,9470
054435_SEG_TURN_01337,9471
054345_SEG_TURN_00299,9472
054435_SEG_CURR_NEXT_01346,9473
054435_SEG_PREV_CURR_01347,9474
054576_SEG_TURN_02221,9475
054435_SEG_TURN_01346,9476
054576_SEG_CURR_NEXT_02221,9477
054519_SEG_TURN_00934,9478
054519_SEG_CURR_NEXT_00934,9479
054519_SEG_PREV_CURR_00935,9480
054519_SEG_TURN_00932,9481
054345_SEG_TURN_01924,9482
054519_SEG_PREV_CURR_00934,9483
054519_SEG_CURR_NEXT_00933,9484
054519_SEG_TURN_00279,9485
054519_SEG_PREV_CURR_00932,9486
054519_SEG_CURR_NEXT_00931,9487
054345_SEG_PREV_CURR_01924,9488
054345_SEG_CURR_NEXT_01923,9489
054519_SEG_CURR_NEXT_00932,9490
054519_SEG_PREV_CURR_00933,9491
054622_SEG_TURN_01767,9492
054622_SEG_PREV_CURR_01768,9493
054622_SEG_CURR_NEXT_01767,9494
054345_SEG_TURN_00469,9495
054622_SEG_PREV_CURR_01767,9496
054622_SEG_CURR_NEXT_01766,9497
054345_SEG_PREV_CURR_00470,9498
054345_SEG_CURR_NEXT_00469,9499
054345_SEG_TURN_01480,9500
054519_SEG_TURN_00445,9501
054519_SEG_PREV_CURR_00445,9502
054519_SEG_CURR_NEXT_00444,9503
054519_SEG_PREV_CURR_00446,9504
054519_SEG_CURR_NEXT_00445,9505
054345_SEG_TURN_01468,9506
054235_SEG_TURN_01040,9507
054345_SEG_PREV_CURR_01469,9508
054345_SEG_CURR_NEXT_01468,9509
054235_SEG_CURR_NEXT_01040,9510
054235_SEG_PREV_CURR_01041,9511
054345_SEG_PREV_CURR_01468,9512
054345_SEG_CURR_NEXT_01467,9513
054345_SEG_CURR_NEXT_00468,9514
054345_SEG_PREV_CURR_00469,9515
054519_SEG_TURN_00453,9516
054345_SEG_TURN_01460,9517
054235_SEG_CURR_NEXT_01039,9518
054235_SEG_PREV_CURR_01040,9519
054519_SEG_PREV_CURR_00462,9520
054519_SEG_CURR_NEXT_00461,9521
054345_SEG_PREV_CURR_01461,9522
054345_SEG_CURR_NEXT_01460,9523
054235_SEG_TURN_01388,9524
054519_SEG_CURR_NEXT_00460,9525
054519_SEG_PREV_CURR_00461,9526
054345_SEG_PREV_CURR_01481,9527
054345_SEG_CURR_NEXT_01480,9528
054622_SEG_TURN_01769,9529
054519_SEG_TURN_00461,9530
054519_SEG_TURN_00443,9531
054519_SEG_PREV_CURR_00444,9532
054519_SEG_CURR_NEXT_00443,9533
054345_SEG_PREV_CURR_01460,9534
054345_SEG_CURR_NEXT_01459,9535
054622_SEG_TURN_00963,9536
054519_SEG_CURR_NEXT_01330,9537
054519_SEG_PREV_CURR_01331,9538
054519_SEG_TURN_01322,9539
054519_SEG_PREV_CURR_00467,9540
054519_SEG_CURR_NEXT_00466,9541
054519_SEG_CURR_NEXT_00467,9542
054519_SEG_PREV_CURR_00468,9543
054519_SEG_TURN_00456,9544
054519_SEG_TURN_00682,9545
054519_SEG_TURN_01316,9546
054519_SEG_TURN_01326,9547
054519_SEG_TURN_01328,9548
054519_SEG_TURN_00467,9549
054519_SEG_TURN_00470,9550
054519_SEG_TURN_00688,9551
054519_SEG_TURN_00537,9552
054519_SEG_TURN_00454,9553
054519_SEG_TURN_00464,9554
054519_SEG_TURN_00444,9555
054519_SEG_TURN_00450,9556
054519_SEG_TURN_01310,9557
054519_SEG_TURN_00680,9558
054519_SEG_TURN_00533,9559
054519_SEG_TURN_00452,9560
054519_SEG_TURN_00535,9561
054519_SEG_TURN_00462,9562
054519_SEG_TURN_01595,9563
054519_SEG_TURN_01306,9564
054519_SEG_CURR_NEXT_00533,9565
054519_SEG_PREV_CURR_00534,9566
054519_SEG_TURN_01330,9567
054519_SEG_CURR_NEXT_00534,9568
054519_SEG_PREV_CURR_00535,9569
054519_SEG_TURN_01308,9570
054519_SEG_PREV_CURR_00456,9571
054519_SEG_CURR_NEXT_00455,9572
054519_SEG_TURN_01320,9573
054519_SEG_PREV_CURR_00455,9574
054519_SEG_CURR_NEXT_00454,9575
054519_SEG_PREV_CURR_01326,9576
054519_SEG_CURR_NEXT_01325,9577
054519_SEG_TURN_00458,9578
054519_SEG_PREV_CURR_00452,9579
054519_SEG_CURR_NEXT_00451,9580
054519_SEG_PREV_CURR_00451,9581
054519_SEG_CURR_NEXT_00450,9582
054519_SEG_PREV_CURR_00689,9583
054519_SEG_CURR_NEXT_00688,9584
054519_SEG_CURR_NEXT_01326,9585
054519_SEG_PREV_CURR_01327,9586
054519_SEG_PREV_CURR_01329,9587
054519_SEG_CURR_NEXT_01328,9588
054622_SEG_TURN_00216,9589
054622_SEG_CURR_NEXT_00215,9590
054622_SEG_PREV_CURR_00216,9591
054519_SEG_CURR_NEXT_00988,9592
054519_SEG_PREV_CURR_00989,9593
054622_SEG_PREV_CURR_00217,9594
054622_SEG_CURR_NEXT_00216,9595
054519_SEG_CURR_NEXT_01092,9596
054519_SEG_CURR_NEXT_01093,9597
054345_SEG_CURR_NEXT_00840,9598
054345_SEG_PREV_CURR_00841,9599
054345_SEG_TURN_00841,9600
054345_SEG_TURN_00619,9601
054345_SEG_CURR_NEXT_00618,9602
054345_SEG_PREV_CURR_00619,9603
054345_SEG_TURN_00840,9604
054345_SEG_PREV_CURR_00620,9605
054345_SEG_CURR_NEXT_00619,9606
054345_SEG_CURR_NEXT_00839,9607
054345_SEG_PREV_CURR_00840,9608
054345_SEG_CURR_NEXT_00841,9609
054345_SEG_PREV_CURR_00842,9610
054622_SEG_TURN_00530,9611
054622_SEG_TURN_02173,9612
054345_SEG_TURN_00119,9613
054345_SEG_TURN_02311,9614
054345_SEG_TURN_02499,9615
054345_SEG_TURN_00602,9616
054345_SEG_TURN_00791,9617
054345_SEG_TURN_02419,9618
054345_SEG_TURN_02236,9619
054345_SEG_TURN_00464,9620
054345_SEG_TURN_02573,9621
054622_SEG_TURN_00570,9622
054622_SEG_TURN_00582,9623
054345_SEG_TURN_02226,9624
054345_SEG_TURN_02230,9625
054345_SEG_TURN_02569,9626
054622_SEG_TURN_00564,9627
054345_SEG_TURN_02317,9628
054345_SEG_TURN_00470,9629
054345_SEG_TURN_02519,9630
054622_SEG_TURN_00532,9631
054345_SEG_TURN_00594,9632
054345_SEG_TURN_00107,9633
054345_SEG_TURN_00109,9634
054345_SEG_TURN_00596,9635
054345_SEG_TURN_00115,9636
054345_SEG_TURN_00689,9637
054345_SEG_TURN_00701,9638
054622_SEG_TURN_02181,9639
054345_SEG_TURN_02535,9640
054345_SEG_TURN_02505,9641
054345_SEG_TURN_00614,9642
054345_SEG_TURN_00605,9643
054345_SEG_TURN_00707,9644
054345_SEG_TURN_00554,9645
054345_SEG_TURN_00536,9646
054345_SEG_CURR_NEXT_02103,9647
054345_SEG_PREV_CURR_02104,9648
054345_SEG_CURR_NEXT_02102,9649
054345_SEG_PREV_CURR_02103,9650
054345_SEG_CURR_NEXT_00709,9651
054345_SEG_PREV_CURR_00710,9652
054345_SEG_TURN_02103,9653
054345_SEG_TURN_00710,9654
054345_SEG_CURR_NEXT_00710,9655
054345_SEG_PREV_CURR_00711,9656
054622_SEG_TURN_00511,9657
054576_SEG_TURN_03254,9658
054622_SEG_PREV_CURR_00511,9659
054622_SEG_CURR_NEXT_00510,9660
054622_SEG_PREV_CURR_00512,9661
054622_SEG_CURR_NEXT_00511,9662
054576_SEG_PREV_CURR_03255,9663
054576_SEG_CURR_NEXT_03254,9664
054435_SEG_TURN_01432,9665
054576_SEG_CURR_NEXT_03253,9666
054576_SEG_PREV_CURR_03254,9667
054435_SEG_CURR_NEXT_01432,9668
054435_SEG_PREV_CURR_01433,9669
054576_SEG_CURR_NEXT_03044,9670
054576_SEG_PREV_CURR_03045,9671
054435_SEG_CURR_NEXT_01431,9672
054435_SEG_PREV_CURR_01432,9673
054269_SEG_TURN_01881,9674
054435_SEG_CURR_NEXT_01631,9675
054435_SEG_PREV_CURR_01632,9676
054435_SEG_PREV_CURR_01631,9677
054435_SEG_CURR_NEXT_01630,9678
054435_SEG_TURN_01632,9679
054435_SEG_TURN_01882,9680
054435_SEG_CURR_NEXT_01632,9681
054435_SEG_PREV_CURR_01633,9682
054435_SEG_CURR_NEXT_01614,9683
054435_SEG_PREV_CURR_01615,9684
054435_SEG_TURN_01473,9685
054435_SEG_CURR_NEXT_01615,9686
054435_SEG_PREV_CURR_01616,9687
054435_SEG_TURN_01614,9688
054435_SEG_TURN_01610,9689
054435_SEG_TURN_01620,9690
054435_SEG_TURN_01884,9691
054435_SEG_TURN_01636,9692
054435_SEG_CURR_NEXT_01472,9693
054435_SEG_PREV_CURR_01473,9694
054435_SEG_TURN_01616,9695
054435_SEG_TURN_01604,9696
054435_SEG_TURN_01631,9697
054435_SEG_PREV_CURR_01474,9698
054435_SEG_CURR_NEXT_01473,9699
054435_SEG_TURN_01618,9700
054435_SEG_TURN_01626,9701
054435_SEG_TURN_00842,9702
054435_SEG_TURN_01606,9703
054435_SEG_PREV_CURR_01607,9704
054435_SEG_CURR_NEXT_01606,9705
054435_SEG_TURN_01615,9706
054435_SEG_CURR_NEXT_00842,9707
054435_SEG_PREV_CURR_00843,9708
054435_SEG_TURN_01634,9709
054435_SEG_PREV_CURR_01617,9710
054435_SEG_CURR_NEXT_01616,9711
054435_SEG_CURR_NEXT_01617,9712
054435_SEG_PREV_CURR_01618,9713
054435_SEG_PREV_CURR_01636,9714
054435_SEG_CURR_NEXT_01635,9715
054435_SEG_CURR_NEXT_01607,9716
054435_SEG_PREV_CURR_01608,9717
054435_SEG_PREV_CURR_01634,9718
054345_SEG_TURN_00320,9719
054345_SEG_CURR_NEXT_00320,9720
054345_SEG_PREV_CURR_00321,9721
054345_SEG_TURN_01202,9722
054345_SEG_TURN_00374,9723
054345_SEG_TURN_00364,9724
054345_SEG_TURN_01233,9725
054345_SEG_PREV_CURR_01203,9726
054345_SEG_CURR_NEXT_01202,9727
054345_SEG_PREV_CURR_00375,9728
054345_SEG_CURR_NEXT_00374,9729
054345_SEG_TURN_02058,9730
054519_SEG_TURN_00992,9731
054345_SEG_PREV_CURR_00374,9732
054345_SEG_CURR_NEXT_00373,9733
054345_SEG_CURR_NEXT_02058,9734
054345_SEG_PREV_CURR_02059,9735
054345_SEG_PREV_CURR_01234,9736
054345_SEG_CURR_NEXT_01233,9737
054345_SEG_PREV_CURR_00364,9738
054345_SEG_CURR_NEXT_00363,9739
054345_SEG_TURN_00340,9740
054345_SEG_CURR_NEXT_00319,9741
054345_SEG_PREV_CURR_00320,9742
054345_SEG_TURN_00315,9743
054345_SEG_CURR_NEXT_01232,9744
054345_SEG_PREV_CURR_01233,9745
054345_SEG_CURR_NEXT_00315,9746
054345_SEG_PREV_CURR_00316,9747
054345_SEG_TURN_01203,9748
054519_SEG_CURR_NEXT_00992,9749
054519_SEG_PREV_CURR_00993,9750
054345_SEG_TURN_00342,9751
054345_SEG_CURR_NEXT_00314,9752
054345_SEG_PREV_CURR_00315,9753
054235_SEG_TURN_00457,9754
054345_SEG_PREV_CURR_00365,9755
054345_SEG_CURR_NEXT_00364,9756
054345_SEG_CURR_NEXT_02057,9757
054345_SEG_PREV_CURR_02058,9758
054622_SEG_TURN_03059,9759
054235_SEG_PREV_CURR_00457,9760
054235_SEG_CURR_NEXT_00456,9761
054345_SEG_TURN_00005,9762
054345_SEG_CURR_NEXT_00005,9763
054345_SEG_PREV_CURR_00006,9764
054345_SEG_CURR_NEXT_00004,9765
054345_SEG_PREV_CURR_00005,9766
054519_SEG_TURN_00908,9767
054345_SEG_TURN_00515,9768
054519_SEG_TURN_00922,9769
054519_SEG_PREV_CURR_00908,9770
054519_SEG_CURR_NEXT_00907,9771
054519_SEG_CURR_NEXT_00921,9772
054519_SEG_PREV_CURR_00922,9773
054519_SEG_TURN_00912,9774
054519_SEG_CURR_NEXT_00908,9775
054519_SEG_PREV_CURR_00909,9776
054622_SEG_TURN_01091,9777
054235_SEG_TURN_01236,9778
054519_SEG_PREV_CURR_00923,9779
054519_SEG_CURR_NEXT_00922,9780
054235_SEG_CURR_NEXT_01235,9781
054235_SEG_PREV_CURR_01236,9782
054519_SEG_CURR_NEXT_00911,9783
054519_SEG_PREV_CURR_00912,9784
054345_SEG_PREV_CURR_00516,9785
054345_SEG_CURR_NEXT_00515,9786
054235_SEG_PREV_CURR_01237,9787
054235_SEG_CURR_NEXT_01236,9788
054519_SEG_CURR_NEXT_00912,9789
054519_SEG_PREV_CURR_00913,9790
054519_SEG_TURN_00921,9791
054519_SEG_CURR_NEXT_00920,9792
054519_SEG_PREV_CURR_00921,9793
054622_SEG_PREV_CURR_01091,9794
054622_SEG_CURR_NEXT_01090,9795
054576_SEG_TURN_00347,9796
054345_SEG_TURN_01990,9797
054576_SEG_CURR_NEXT_00346,9798
054576_SEG_PREV_CURR_00347,9799
054345_SEG_TURN_01538,9800
054576_SEG_CURR_NEXT_00347,9801
054576_SEG_PREV_CURR_00348,9802
054435_SEG_TURN_00073,9803
054622_SEG_TURN_03032,9804
054235_SEG_TURN_01594,9805
054235_SEG_CURR_NEXT_01594,9806
054235_SEG_PREV_CURR_01595,9807
054235_SEG_TURN_01520,9808
054576_SEG_CURR_NEXT_00473,9809
054576_SEG_PREV_CURR_00474,9810
054269_SEG_TURN_01424,9811
054519_SEG_TURN_01581,9812
054235_SEG_TURN_00387,9813
054576_SEG_TURN_00474,9814
054435_SEG_TURN_00727,9815
054269_SEG_TURN_01426,9816
054576_SEG_PREV_CURR_00475,9817
054576_SEG_CURR_NEXT_00474,9818
054576_SEG_TURN_00077,9819
054519_SEG_TURN_00218,9820
054435_SEG_CURR_NEXT_00727,9821
054435_SEG_PREV_CURR_00728,9822
054519_SEG_PREV_CURR_01582,9823
054519_SEG_CURR_NEXT_01581,9824
054269_SEG_PREV_CURR_01426,9825
054269_SEG_CURR_NEXT_01425,9826
054235_SEG_TURN_01570,9827
054576_SEG_CURR_NEXT_00077,9828
054576_SEG_PREV_CURR_00078,9829
054269_SEG_CURR_NEXT_01426,9830
054269_SEG_PREV_CURR_01427,9831
054576_SEG_TURN_00468,9832
054519_SEG_PREV_CURR_01581,9833
054519_SEG_CURR_NEXT_01580,9834
054435_SEG_CURR_NEXT_00726,9835
054435_SEG_PREV_CURR_00727,9836
054269_SEG_PREV_CURR_01425,9837
054269_SEG_CURR_NEXT_01424,9838
054235_SEG_TURN_01546,9839
054519_SEG_PREV_CURR_00219,9840
054519_SEG_CURR_NEXT_00218,9841
054576_SEG_TURN_00352,9842
054576_SEG_CURR_NEXT_00076,9843
054576_SEG_PREV_CURR_00077,9844
054269_SEG_PREV_CURR_01424,9845
054269_SEG_CURR_NEXT_01423,9846
054576_SEG_CURR_NEXT_00467,9847
054576_SEG_PREV_CURR_00468,9848
054519_SEG_TURN_00964,9849
054576_SEG_PREV_CURR_00469,9850
054576_SEG_CURR_NEXT_00468,9851
054235_SEG_CURR_NEXT_01545,9852
054235_SEG_TURN_01576,9853
054235_SEG_CURR_NEXT_01576,9854
054235_SEG_PREV_CURR_01577,9855
054235_SEG_PREV_CURR_01576,9856
054235_SEG_CURR_NEXT_01575,9857
054235_SEG_TURN_00763,9858
054235_SEG_TURN_01240,9859
054519_SEG_PREV_CURR_01165,9860
054519_SEG_CURR_NEXT_01164,9861
054519_SEG_TURN_00001,9862
054519_SEG_TURN_01588,9863
054519_SEG_TURN_01164,9864
054435_SEG_TURN_01805,9865
054519_SEG_TURN_01165,9866
054235_SEG_CURR_NEXT_00762,9867
054519_SEG_CURR_NEXT_00001,9868
054519_SEG_PREV_CURR_00002,9869
054235_SEG_CURR_NEXT_01240,9870
054235_SEG_PREV_CURR_01241,9871
054519_SEG_TURN_01516,9872
054519_SEG_CURR_NEXT_01588,9873
054519_SEG_PREV_CURR_01589,9874
054519_SEG_PREV_CURR_01516,9875
054519_SEG_CURR_NEXT_01515,9876
054435_SEG_CURR_NEXT_01805,9877
054435_SEG_PREV_CURR_01806,9878
054435_SEG_TURN_00588,9879
054435_SEG_CURR_NEXT_01804,9880
054435_SEG_PREV_CURR_01805,9881
054519_SEG_TURN_01519,9882
054235_SEG_TURN_00546,9883
054519_SEG_PREV_CURR_00003,9884
054519_SEG_CURR_NEXT_00002,9885
054345_SEG_TURN_00020,9886
054235_SEG_TURN_00610,9887
054235_SEG_TURN_00973,9888
054519_SEG_TURN_01168,9889
054519_SEG_CURR_NEXT_01168,9890
054519_SEG_PREV_CURR_01169,9891
054519_SEG_TURN_01154,9892
054519_SEG_TURN_01152,9893
054519_SEG_TURN_01156,9894
054519_SEG_TURN_01116,9895
054519_SEG_TURN_01169,9896
054519_SEG_TURN_01134,9897
054519_SEG_TURN_01124,9898
054519_SEG_TURN_01138,9899
054519_SEG_TURN_01128,9900
054519_SEG_TURN_01184,9901
054519_SEG_TURN_01130,9902
054519_SEG_PREV_CURR_01135,9903
054519_SEG_CURR_NEXT_01134,9904
054519_SEG_TURN_01132,9905
054519_SEG_CURR_NEXT_01167,9906
054519_SEG_PREV_CURR_01168,9907
054519_SEG_PREV_CURR_01117,9908
054519_SEG_CURR_NEXT_01116,9909
054519_SEG_TURN_01122,9910
054519_SEG_CURR_NEXT_01154,9911
054519_SEG_PREV_CURR_01155,9912
054519_SEG_CURR_NEXT_01155,9913
054519_SEG_PREV_CURR_01156,9914
054519_SEG_PREV_CURR_01134,9915
054519_SEG_CURR_NEXT_01133,9916
054519_SEG_PREV_CURR_01133,9917
054519_SEG_CURR_NEXT_01132,9918
054519_SEG_TURN_01118,9919
054519_SEG_PREV_CURR_01170,9920
054519_SEG_CURR_NEXT_01169,9921
054519_SEG_TURN_01142,9922
054519_SEG_PREV_CURR_01138,9923
054519_SEG_CURR_NEXT_01137,9924
054519_SEG_CURR_NEXT_01130,9925
054519_SEG_PREV_CURR_01131,9926
054519_SEG_CURR_NEXT_01184,9927
054519_SEG_PREV_CURR_01185,9928
054519_SEG_CURR_NEXT_01131,9929
054519_SEG_PREV_CURR_01132,9930
054519_SEG_PREV_CURR_01116,9931
054519_SEG_CURR_NEXT_01115,9932
054519_SEG_TURN_01120,9933
054519_SEG_CURR_NEXT_01121,9934
054519_SEG_PREV_CURR_01122,9935
054519_SEG_CURR_NEXT_01117,9936
054519_SEG_PREV_CURR_01118,9937
054519_SEG_CURR_NEXT_01128,9938
054435_SEG_TURN_01864,9939
054435_SEG_CURR_NEXT_01864,9940
054435_SEG_PREV_CURR_01865,9941
054435_SEG_CURR_NEXT_01863,9942
054435_SEG_PREV_CURR_01864,9943
054435_SEG_TURN_01874,9944
054435_SEG_CURR_NEXT_01870,9945
054435_SEG_PREV_CURR_01871,9946
054435_SEG_TURN_01870,9947
054435_SEG_TURN_00936,9948
054435_SEG_PREV_CURR_01870,9949
054435_SEG_CURR_NEXT_01869,9950
054435_SEG_CURR_NEXT_00928,9951
054435_SEG_PREV_CURR_00929,9952
054435_SEG_TURN_00928,9953
054435_SEG_TURN_00917,9954
054519_SEG_TURN_01089,9955
054435_SEG_TURN_00932,9956
054435_SEG_PREV_CURR_00918,9957
054435_SEG_CURR_NEXT_00917,9958
054435_SEG_TURN_00926,9959
054435_SEG_PREV_CURR_01875,9960
054435_SEG_CURR_NEXT_01874,9961
054435_SEG_TURN_01871,9962
054435_SEG_PREV_CURR_01866,9963
054435_SEG_CURR_NEXT_01865,9964
054435_SEG_PREV_CURR_00917,9965
054435_SEG_CURR_NEXT_00916,9966
054435_SEG_CURR_NEXT_00931,9967
054435_SEG_PREV_CURR_00932,9968
054435_SEG_TURN_01866,9969
054435_SEG_CURR_NEXT_01873,9970
054435_SEG_PREV_CURR_01874,9971
054435_SEG_PREV_CURR_00937,9972
054435_SEG_CURR_NEXT_00936,9973
054435_SEG_CURR_NEXT_01871,9974
054435_SEG_PREV_CURR_01872,9975
054435_SEG_PREV_CURR_00936,9976
054435_SEG_CURR_NEXT_00935,9977
054435_SEG_CURR_NEXT_01866,9978
054435_SEG_TURN_01399,9979
054435_SEG_CURR_NEXT_01399,9980
054435_SEG_PREV_CURR_01400,9981
054435_SEG_CURR_NEXT_01398,9982
054435_SEG_PREV_CURR_01399,9983
054519_SEG_TURN_01071,9984
054519_SEG_PREV_CURR_01071,9985
054519_SEG_CURR_NEXT_01070,9986
054519_SEG_PREV_CURR_01072,9987
054519_SEG_CURR_NEXT_01071,9988
054345_SEG_TURN_02006,9989
054519_SEG_TURN_01057,9990
054519_SEG_PREV_CURR_01058,9991
054519_SEG_CURR_NEXT_01057,9992
054519_SEG_TURN_01501,9993
054519_SEG_PREV_CURR_01057,9994
054519_SEG_CURR_NEXT_01056,9995
054576_SEG_TURN_01289,9996
054576_SEG_TURN_01607,9997
054576_SEG_PREV_CURR_01290,9998
054576_SEG_CURR_NEXT_01289,9999
054435_SEG_TURN_00167,10000
054345_SEG_CURR_NEXT_02005,10001
054345_SEG_PREV_CURR_02006,10002
054576_SEG_PREV_CURR_01289,10003
054576_SEG_CURR_NEXT_01288,10004
054435_SEG_CURR_NEXT_00167,10005
054435_SEG_PREV_CURR_00168,10006
054345_SEG_PREV_CURR_02007,10007
054345_SEG_CURR_NEXT_02006,10008
054576_SEG_CURR_NEXT_01606,10009
054576_SEG_PREV_CURR_01607,10010
054519_SEG_TURN_01073,10011
054519_SEG_PREV_CURR_01074,10012
054519_SEG_CURR_NEXT_01073,10013
054576_SEG_PREV_CURR_01608,10014
054576_SEG_CURR_NEXT_01607,10015
054435_SEG_CURR_NEXT_00166,10016
054435_SEG_PREV_CURR_00167,10017
054519_SEG_CURR_NEXT_01072,10018
054519_SEG_PREV_CURR_01073,10019
054519_SEG_CURR_NEXT_01500,10020
054519_SEG_PREV_CURR_01501,10021
054519_SEG_CURR_NEXT_01501,10022
054519_SEG_PREV_CURR_01502,10023
054576_SEG_TURN_02983,10024
054576_SEG_TURN_02975,10025
054576_SEG_PREV_CURR_02984,10026
054576_SEG_CURR_NEXT_02983,10027
054576_SEG_PREV_CURR_02983,10028
054576_SEG_CURR_NEXT_02982,10029
054269_SEG_CURR_NEXT_00475,10030
054269_SEG_PREV_CURR_00476,10031
054269_SEG_TURN_01505,10032
054576_SEG_TURN_02991,10033
054576_SEG_PREV_CURR_02975,10034
054576_SEG_CURR_NEXT_02974,10035
054576_SEG_TURN_00322,10036
054269_SEG_CURR_NEXT_01504,10037
054519_SEG_TURN_01061,10038
054435_SEG_TURN_00259,10039
054519_SEG_PREV_CURR_01062,10040
054519_SEG_CURR_NEXT_01061,10041
054519_SEG_TURN_00440,10042
054519_SEG_PREV_CURR_01061,10043
054519_SEG_CURR_NEXT_01060,10044
054235_SEG_TURN_00705,10045
054345_SEG_TURN_00637,10046
054435_SEG_TURN_00572,10047
054269_SEG_TURN_01779,10048
054435_SEG_TURN_01401,10049
054345_SEG_TURN_01550,10050
054576_SEG_TURN_02823,10051
054576_SEG_TURN_01402,10052
054519_SEG_CURR_NEXT_00440,10053
054519_SEG_PREV_CURR_00441,10054
054576_SEG_TURN_02080,10055
054576_SEG_CURR_NEXT_01377,10056
054576_SEG_PREV_CURR_01378,10057
054435_SEG_CURR_NEXT_01400,10058
054435_SEG_PREV_CURR_01401,10059
054345_SEG_TURN_00643,10060
054622_SEG_TURN_00883,10061
054435_SEG_PREV_CURR_01402,10062
054435_SEG_CURR_NEXT_01401,10063
054345_SEG_TURN_00154,10064
054435_SEG_TURN_00611,10065
054576_SEG_TURN_01610,10066
054576_SEG_TURN_03076,10067
054435_SEG_CURR_NEXT_00258,10068
054435_SEG_PREV_CURR_00259,10069
054345_SEG_TURN_00669,10070
054345_SEG_TURN_02457,10071
054345_SEG_TURN_00372,10072
054269_SEG_TURN_01872,10073
054576_SEG_TURN_01416,10074
054576_SEG_TURN_02639,10075
054235_SEG_TURN_01396,10076
054576_SEG_TURN_01372,10077
054435_SEG_TURN_00718,10078
054435_SEG_PREV_CURR_00260,10079
054435_SEG_CURR_NEXT_00259,10080
054435_SEG_TURN_01562,10081
054435_SEG_CURR_NEXT_01561,10082
054435_SEG_PREV_CURR_01562,10083
054435_SEG_PREV_CURR_01563,10084
054435_SEG_CURR_NEXT_01562,10085
054345_SEG_TURN_00182,10086
054435_SEG_TURN_01741,10087
054435_SEG_TURN_00139,10088
054435_SEG_CURR_NEXT_00145,10089
054435_SEG_PREV_CURR_00146,10090
054435_SEG_TURN_00146,10091
054576_SEG_TURN_02607,10092
054435_SEG_PREV_CURR_01742,10093
054435_SEG_CURR_NEXT_01741,10094
054435_SEG_PREV_CURR_00147,10095
054435_SEG_CURR_NEXT_00146,10096
054435_SEG_TURN_01128,10097
054435_SEG_TURN_00141,10098
054435_SEG_PREV_CURR_01741,10099
054435_SEG_CURR_NEXT_01740,10100
054345_SEG_CURR_NEXT_00182,10101
054345_SEG_PREV_CURR_00183,10102
054435_SEG_TURN_00151,10103
054345_SEG_PREV_CURR_00182,10104
054345_SEG_CURR_NEXT_00181,10105
054435_SEG_TURN_00155,10106
054435_SEG_PREV_CURR_01136,10107
054435_SEG_CURR_NEXT_01135,10108
054435_SEG_TURN_00145,10109
054435_SEG_PREV_CURR_00139,10110
054435_SEG_CURR_NEXT_00138,10111
054435_SEG_PREV_CURR_00140,10112
054435_SEG_CURR_NEXT_00139,10113
054435_SEG_CURR_NEXT_00154,10114
054435_SEG_PREV_CURR_00155,10115
054435_SEG_PREV_CURR_00156,10116
054435_SEG_CURR_NEXT_00155,10117
054435_SEG_TURN_00159,10118
054435_SEG_PREV_CURR_00142,10119
054435_SEG_CURR_NEXT_00141,10120
054576_SEG_TURN_01425,10121
054519_SEG_TURN_00916,10122
054576_SEG_CURR_NEXT_02606,10123
054576_SEG_PREV_CURR_02607,10124
054435_SEG_TURN_01565,10125
054435_SEG_PREV_CURR_01567,10126
054435_SEG_CURR_NEXT_01566,10127
054435_SEG_TURN_01566,10128
054435_SEG_PREV_CURR_01566,10129
054435_SEG_CURR_NEXT_01565,10130
054435_SEG_TURN_01567,10131
054435_SEG_PREV_CURR_01568,10132
054435_SEG_CURR_NEXT_01567,10133
054435_SEG_TURN_00647,10134
054435_SEG_PREV_CURR_00648,10135
054435_SEG_CURR_NEXT_00647,10136
054435_SEG_PREV_CURR_00647,10137
054435_SEG_CURR_NEXT_00646,10138
054622_SEG_TURN_00177,10139
054622_SEG_PREV_CURR_00178,10140
054622_SEG_CURR_NEXT_00177,10141
054622_SEG_PREV_CURR_00177,10142
054622_SEG_CURR_NEXT_00176,10143
054235_SEG_TURN_00198,10144
054235_SEG_CURR_NEXT_00197,10145
054235_SEG_PREV_CURR_00198,10146
054576_SEG_PREV_CURR_03127,10147
054576_SEG_CURR_NEXT_03126,10148
054235_SEG_CURR_NEXT_00198,10149
054235_SEG_PREV_CURR_00199,10150
054435_SEG_TURN_01568,10151
054622_SEG_TURN_00932,10152
054435_SEG_TURN_00163,10153
054435_SEG_TURN_01644,10154
054622_SEG_TURN_00923,10155
054345_SEG_PREV_CURR_01190,10156
054345_SEG_CURR_NEXT_01189,10157
054622_SEG_PREV_CURR_00932,10158
054622_SEG_CURR_NEXT_00931,10159
054235_SEG_TURN_00005,10160
054345_SEG_PREV_CURR_01573,10161
054345_SEG_CURR_NEXT_01572,10162
054622_SEG_TURN_01984,10163
054435_SEG_PREV_CURR_01337,10164
054435_SEG_CURR_NEXT_01336,10165
054345_SEG_CURR_NEXT_01571,10166
054345_SEG_PREV_CURR_01572,10167
054622_SEG_PREV_CURR_01985,10168
054622_SEG_CURR_NEXT_01984,10169
054435_SEG_CURR_NEXT_01337,10170
054435_SEG_PREV_CURR_01338,10171
054269_SEG_TURN_00048,10172
054269_SEG_CURR_NEXT_00048,10173
054269_SEG_CURR_NEXT_00047,10174
054269_SEG_PREV_CURR_00049,10175
054269_SEG_PREV_CURR_00048,10176
054269_SEG_TURN_01472,10177
054519_SEG_TURN_00433,10178
054269_SEG_PREV_CURR_01472,10179
054269_SEG_CURR_NEXT_01471,10180
054269_SEG_CURR_NEXT_01472,10181
054269_SEG_PREV_CURR_01473,10182
054576_SEG_PREV_CURR_01477,10183
054576_SEG_CURR_NEXT_01476,10184
054576_SEG_CURR_NEXT_01477,10185
054576_SEG_PREV_CURR_01478,10186
054269_SEG_CURR_NEXT_00657,10187
054269_SEG_PREV_CURR_00658,10188
054622_SEG_TURN_00804,10189
054622_SEG_TURN_00577,10190
054622_SEG_PREV_CURR_00805,10191
054622_SEG_CURR_NEXT_00804,10192
054345_SEG_TURN_01566,10193
054622_SEG_CURR_NEXT_00803,10194
054622_SEG_PREV_CURR_00804,10195
054435_SEG_PREV_CURR_00110,10196
054435_SEG_CURR_NEXT_00109,10197
054435_SEG_TURN_00110,10198
054345_SEG_CURR_NEXT_01566,10199
054345_SEG_PREV_CURR_01567,10200
054345_SEG_CURR_NEXT_01565,10201
054345_SEG_PREV_CURR_01566,10202
054622_SEG_PREV_CURR_00577,10203
054622_SEG_CURR_NEXT_00576,10204
054435_SEG_TURN_01254,10205
054435_SEG_CURR_NEXT_01253,10206
054435_SEG_PREV_CURR_01254,10207
054435_SEG_CURR_NEXT_01254,10208
054435_SEG_PREV_CURR_01255,10209
054435_SEG_TURN_01258,10210
054435_SEG_TURN_01262,10211
054435_SEG_TURN_01260,10212
054435_SEG_TURN_01256,10213
054435_SEG_TURN_01274,10214
054435_SEG_TURN_01015,10215
054435_SEG_CURR_NEXT_01252,10216
054435_SEG_PREV_CURR_01253,10217
054435_SEG_TURN_01272,10218
054435_SEG_TURN_00780,10219
054435_SEG_TURN_00106,10220
054435_SEG_TURN_01276,10221
054435_SEG_TURN_01264,10222
054435_SEG_TURN_00100,10223
054435_SEG_TURN_00001,10224
054435_SEG_TURN_00772,10225
054435_SEG_TURN_00102,10226
054435_SEG_TURN_01284,10227
054435_SEG_TURN_01252,10228
054435_SEG_TURN_00124,10229
054435_SEG_TURN_00112,10230
054435_SEG_TURN_00120,10231
054435_SEG_TURN_00098,10232
054435_SEG_TURN_00576,10233
054435_SEG_TURN_00122,10234
054435_SEG_PREV_CURR_01256,10235
054435_SEG_CURR_NEXT_01255,10236
054435_SEG_TURN_01266,10237
054435_SEG_CURR_NEXT_00105,10238
054435_SEG_PREV_CURR_00106,10239
054435_SEG_TURN_00578,10240
054435_SEG_TURN_01268,10241
054435_SEG_TURN_01420,10242
054435_SEG_TURN_00598,10243
054435_SEG_TURN_01410,10244
054435_SEG_TURN_01253,10245
054435_SEG_TURN_00111,10246
054435_SEG_CURR_NEXT_00111,10247
054435_SEG_PREV_CURR_00112,10248
054435_SEG_CURR_NEXT_00110,10249
054435_SEG_PREV_CURR_00111,10250
054269_SEG_TURN_01335,10251
054435_SEG_TURN_00099,10252
054435_SEG_TURN_01118,10253
054269_SEG_PREV_CURR_01336,10254
054269_SEG_CURR_NEXT_01335,10255
054345_SEG_TURN_00528,10256
054235_SEG_TURN_00117,10257
054435_SEG_CURR_NEXT_00099,10258
054435_SEG_PREV_CURR_00100,10259
054435_SEG_PREV_CURR_00099,10260
054435_SEG_CURR_NEXT_00098,10261
054269_SEG_TURN_01525,10262
054235_SEG_TURN_00146,10263
054235_SEG_CURR_NEXT_00146,10264
054235_SEG_PREV_CURR_00147,10265
054235_SEG_CURR_NEXT_00145,10266
054235_SEG_PREV_CURR_00146,10267
054435_SEG_TURN_00133,10268
054622_SEG_TURN_00813,10269
054622_SEG_PREV_CURR_00814,10270
054622_SEG_CURR_NEXT_00813,10271
054435_SEG_TURN_01089,10272
054622_SEG_PREV_CURR_00813,10273
054622_SEG_CURR_NEXT_00812,10274
054435_SEG_TURN_01087,10275
054435_SEG_PREV_CURR_00134,10276
054435_SEG_CURR_NEXT_00133,10277
054435_SEG_CURR_NEXT_01088,10278
054435_SEG_PREV_CURR_01089,10279
054622_SEG_TURN_00817,10280
054235_SEG_PREV_CURR_00148,10281
054235_SEG_CURR_NEXT_00147,10282
054435_SEG_CURR_NEXT_01089,10283
054435_SEG_PREV_CURR_01090,10284
054435_SEG_PREV_CURR_01088,10285
054435_SEG_CURR_NEXT_01087,10286
054622_SEG_CURR_NEXT_00816,10287
054622_SEG_PREV_CURR_00817,10288
054235_SEG_TURN_00147,10289
054269_SEG_TURN_01454,10290
054235_SEG_CURR_NEXT_00148,10291
054235_SEG_PREV_CURR_00149,10292
054622_SEG_TURN_00830,10293
054269_SEG_CURR_NEXT_01453,10294
054269_SEG_PREV_CURR_01454,10295
054435_SEG_TURN_00996,10296
054345_SEG_TURN_01824,10297
054269_SEG_CURR_NEXT_01454,10298
054269_SEG_PREV_CURR_01455,10299
054435_SEG_PREV_CURR_00996,10300
054345_SEG_CURR_NEXT_02261,10301
054345_SEG_PREV_CURR_02262,10302
054345_SEG_PREV_CURR_02261,10303
054345_SEG_CURR_NEXT_02260,10304
054345_SEG_CURR_NEXT_02268,10305
054345_SEG_PREV_CURR_02269,10306
054345_SEG_PREV_CURR_02270,10307
054345_SEG_CURR_NEXT_02269,10308
054345_SEG_PREV_CURR_02254,10309
054345_SEG_CURR_NEXT_02253,10310
054345_SEG_TURN_02256,10311
054345_SEG_TURN_00432,10312
054345_SEG_TURN_02099,10313
054345_SEG_TURN_00717,10314
054345_SEG_TURN_02269,10315
054345_SEG_TURN_01553,10316
054345_SEG_TURN_00729,10317
054345_SEG_TURN_01584,10318
054345_SEG_TURN_00733,10319
054345_SEG_CURR_NEXT_02262,10320
054345_SEG_PREV_CURR_02263,10321
054622_SEG_CURR_NEXT_02951,10322
054622_SEG_PREV_CURR_02952,10323
054345_SEG_TURN_02261,10324
054345_SEG_TURN_02262,10325
054345_SEG_TURN_02288,10326
054345_SEG_TURN_02590,10327
054345_SEG_TURN_00737,10328
054345_SEG_TURN_00747,10329
054345_SEG_TURN_01189,10330
054345_SEG_TURN_00446,10331
054345_SEG_TURN_00757,10332
054345_SEG_TURN_02606,10333
054622_SEG_TURN_02949,10334
054622_SEG_TURN_02951,10335
054345_SEG_TURN_00444,10336
054345_SEG_TURN_02128,10337
054345_SEG_TURN_02454,10338
054269_SEG_TURN_01553,10339
054345_SEG_CURR_NEXT_02263,10340
054345_SEG_PREV_CURR_02264,10341
054345_SEG_TURN_02253,10342
054345_SEG_TURN_02260,10343
054345_SEG_TURN_00761,10344
054345_SEG_TURN_00741,10345
054345_SEG_TURN_00731,10346
054345_SEG_TURN_02602,10347
054269_SEG_PREV_CURR_01554,10348
054269_SEG_CURR_NEXT_01553,10349
054345_SEG_TURN_00711,10350
054345_SEG_TURN_00615,10351
054435_SEG_TURN_01485,10352
054235_SEG_TURN_00200,10353
054345_SEG_CURR_NEXT_00614,10354
054345_SEG_PREV_CURR_00615,10355
054576_SEG_TURN_00853,10356
054576_SEG_TURN_02990,10357
054576_SEG_TURN_01773,10358
054345_SEG_TURN_01034,10359
054622_SEG_TURN_01887,10360
054576_SEG_CURR_NEXT_00853,10361
054576_SEG_PREV_CURR_00854,10362
054622_SEG_CURR_NEXT_01887,10363
054622_SEG_PREV_CURR_01888,10364
054345_SEG_PREV_CURR_00428,10365
054345_SEG_CURR_NEXT_00427,10366
054435_SEG_TURN_01768,10367
054622_SEG_TURN_03025,10368
054345_SEG_TURN_01729,10369
054345_SEG_TURN_02431,10370
054622_SEG_PREV_CURR_03025,10371
054622_SEG_CURR_NEXT_03024,10372
054622_SEG_TURN_01742,10373
054235_SEG_CURR_NEXT_00200,10374
054235_SEG_PREV_CURR_00201,10375
054622_SEG_CURR_NEXT_01886,10376
054622_SEG_PREV_CURR_01887,10377
054345_SEG_TURN_00427,10378
054576_SEG_CURR_NEXT_00852,10379
054576_SEG_PREV_CURR_00853,10380
054622_SEG_CURR_NEXT_03025,10381
054622_SEG_PREV_CURR_03026,10382
054576_SEG_PREV_CURR_02991,10383
054576_SEG_CURR_NEXT_02990,10384
054622_SEG_TURN_02682,10385
054345_SEG_TURN_02392,10386
054345_SEG_TURN_00421,10387
054345_SEG_PREV_CURR_01729,10388
054345_SEG_CURR_NEXT_01728,10389
054622_SEG_TURN_00308,10390
054576_SEG_TURN_02922,10391
054576_SEG_TURN_00488,10392
054576_SEG_TURN_01320,10393
054435_SEG_TURN_00923,10394
054345_SEG_TURN_02294,10395
054345_SEG_PREV_CURR_02294,10396
054345_SEG_CURR_NEXT_02293,10397
054345_SEG_PREV_CURR_02295,10398
054345_SEG_CURR_NEXT_02294,10399
054435_SEG_PREV_CURR_00578,10400
054435_SEG_CURR_NEXT_00577,10401
054435_SEG_PREV_CURR_00579,10402
054435_SEG_CURR_NEXT_00578,10403
054435_SEG_TURN_01310,10404
054435_SEG_TURN_01418,10405
054435_SEG_TURN_00580,10406
054435_SEG_TURN_00582,10407
054435_SEG_TURN_01408,10408
054435_SEG_TURN_01414,10409
054435_SEG_TURN_00608,10410
054435_SEG_PREV_CURR_00580,10411
054435_SEG_CURR_NEXT_00579,10412
054435_SEG_PREV_CURR_01410,10413
054435_SEG_CURR_NEXT_01409,10414
054435_SEG_PREV_CURR_01408,10415
054435_SEG_CURR_NEXT_01407,10416
054235_SEG_TURN_00712,10417
054435_SEG_PREV_CURR_01420,10418
054435_SEG_CURR_NEXT_01419,10419
054435_SEG_TURN_00586,10420
054235_SEG_TURN_01806,10421
054435_SEG_CURR_NEXT_01418,10422
054435_SEG_PREV_CURR_01419,10423
054435_SEG_PREV_CURR_00121,10424
054435_SEG_CURR_NEXT_00120,10425
054435_SEG_PREV_CURR_01421,10426
054435_SEG_CURR_NEXT_01420,10427
054235_SEG_PREV_CURR_01807,10428
054235_SEG_CURR_NEXT_01806,10429
054345_SEG_TURN_01415,10430
054345_SEG_CURR_NEXT_01415,10431
054345_SEG_PREV_CURR_01416,10432
054345_SEG_TURN_02484,10433
054345_SEG_TURN_02609,10434
054345_SEG_PREV_CURR_01415,10435
054345_SEG_CURR_NEXT_01414,10436
054345_SEG_CURR_NEXT_02484,10437
054345_SEG_PREV_CURR_02485,10438
054345_SEG_PREV_CURR_02609,10439
054345_SEG_CURR_NEXT_02608,10440
054576_SEG_TURN_02535,10441
054345_SEG_PREV_CURR_02610,10442
054345_SEG_CURR_NEXT_02609,10443
054345_SEG_CURR_NEXT_02483,10444
054345_SEG_PREV_CURR_02484,10445
054576_SEG_PREV_CURR_02536,10446
054576_SEG_CURR_NEXT_02535,10447
054435_SEG_TURN_01131,10448
054435_SEG_TURN_01833,10449
054345_SEG_TURN_01844,10450
054235_SEG_TURN_01660,10451
054622_SEG_TURN_02155,10452
054622_SEG_CURR_NEXT_02154,10453
054622_SEG_PREV_CURR_02155,10454
054345_SEG_CURR_NEXT_01843,10455
054345_SEG_PREV_CURR_01844,10456
054576_SEG_TURN_01473,10457
054235_SEG_CURR_NEXT_01659,10458
054235_SEG_PREV_CURR_01660,10459
054622_SEG_PREV_CURR_02156,10460
054622_SEG_CURR_NEXT_02155,10461
054235_SEG_CURR_NEXT_01660,10462
054235_SEG_PREV_CURR_01661,10463
054435_SEG_TURN_00639,10464
054435_SEG_CURR_NEXT_01832,10465
054435_SEG_PREV_CURR_01833,10466
054345_SEG_TURN_00383,10467
054345_SEG_TURN_00524,10468
054345_SEG_TURN_00389,10469
054345_SEG_TURN_00385,10470
054345_SEG_TURN_00381,10471
054345_SEG_TURN_00516,10472
054345_SEG_TURN_00407,10473
054345_SEG_TURN_00391,10474
054345_SEG_TURN_00518,10475
054345_SEG_TURN_00101,10476
054345_SEG_TURN_00397,10477
054345_SEG_TURN_00405,10478
054345_SEG_TURN_02077,10479
054345_SEG_TURN_00526,10480
054345_SEG_TURN_00387,10481
054345_SEG_CURR_NEXT_00389,10482
054345_SEG_PREV_CURR_00390,10483
054345_SEG_CURR_NEXT_00390,10484
054345_SEG_PREV_CURR_00391,10485
054345_SEG_CURR_NEXT_00380,10486
054345_SEG_PREV_CURR_00381,10487
054345_SEG_TURN_00393,10488
054345_SEG_TURN_00530,10489
054345_SEG_PREV_CURR_00386,10490
054345_SEG_CURR_NEXT_00385,10491
054345_SEG_TURN_00401,10492
054345_SEG_CURR_NEXT_00386,10493
054345_SEG_PREV_CURR_00387,10494
054345_SEG_CURR_NEXT_00404,10495
054345_SEG_PREV_CURR_00405,10496
054345_SEG_TURN_00395,10497
054345_SEG_TURN_00522,10498
054345_SEG_PREV_CURR_00408,10499
054345_SEG_CURR_NEXT_00407,10500
054345_SEG_TURN_00380,10501
054345_SEG_CURR_NEXT_00400,10502
054345_SEG_PREV_CURR_00401,10503
054345_SEG_PREV_CURR_00524,10504
054345_SEG_CURR_NEXT_00523,10505
054345_SEG_PREV_CURR_00392,10506
054345_SEG_CURR_NEXT_00391,10507
054345_SEG_TURN_00399,10508
054345_SEG_CURR_NEXT_00529,10509
054576_SEG_TURN_01900,10510
054576_SEG_TURN_02057,10511
054622_SEG_TURN_02481,10512
054622_SEG_CURR_NEXT_02480,10513
054622_SEG_PREV_CURR_02481,10514
054622_SEG_PREV_CURR_02482,10515
054622_SEG_CURR_NEXT_02481,10516
054576_SEG_PREV_CURR_02058,10517
054576_SEG_CURR_NEXT_02057,10518
054576_SEG_TURN_01404,10519
054519_SEG_TURN_01115,10520
054235_SEG_TURN_00109,10521
054235_SEG_TURN_00236,10522
054576_SEG_PREV_CURR_02057,10523
054576_SEG_CURR_NEXT_02056,10524
054235_SEG_PREV_CURR_00109,10525
054235_SEG_CURR_NEXT_00108,10526
054576_SEG_CURR_NEXT_01403,10527
054576_SEG_PREV_CURR_01404,10528
054576_SEG_CURR_NEXT_01404,10529
054576_SEG_PREV_CURR_01405,10530
054235_SEG_CURR_NEXT_00235,10531
054235_SEG_PREV_CURR_00236,10532
054576_SEG_PREV_CURR_01900,10533
054576_SEG_CURR_NEXT_01899,10534
054235_SEG_PREV_CURR_00237,10535
054235_SEG_CURR_NEXT_00236,10536
054576_SEG_TURN_01540,10537
054622_SEG_TURN_01067,10538
054622_SEG_TURN_01079,10539
054622_SEG_PREV_CURR_01080,10540
054622_SEG_CURR_NEXT_01079,10541
054622_SEG_TURN_01923,10542
054622_SEG_PREV_CURR_01079,10543
054622_SEG_CURR_NEXT_01078,10544
054622_SEG_TURN_02489,10545
054235_SEG_PREV_CURR_00110,10546
054235_SEG_CURR_NEXT_00109,10547
054576_SEG_CURR_NEXT_01286,10548
054576_SEG_PREV_CURR_01287,10549
054576_SEG_TURN_01286,10550
054622_SEG_CURR_NEXT_01922,10551
054622_SEG_PREV_CURR_01923,10552
054576_SEG_PREV_CURR_01901,10553
054576_SEG_CURR_NEXT_01900,10554
054576_SEG_PREV_CURR_01286,10555
054576_SEG_CURR_NEXT_01285,10556
054622_SEG_TURN_00067,10557
054622_SEG_PREV_CURR_00068,10558
054622_SEG_CURR_NEXT_00067,10559
054576_SEG_TURN_02108,10560
054576_SEG_TURN_00546,10561
054269_SEG_TURN_00733,10562
054576_SEG_CURR_NEXT_02108,10563
054576_SEG_PREV_CURR_02109,10564
054576_SEG_TURN_02712,10565
054235_SEG_TURN_00485,10566
054235_SEG_TURN_01609,10567
054576_SEG_PREV_CURR_02108,10568
054576_SEG_CURR_NEXT_02107,10569
054576_SEG_TURN_02001,10570
054235_SEG_CURR_NEXT_01609,10571
054235_SEG_PREV_CURR_01610,10572
054576_SEG_CURR_NEXT_02712,10573
054576_SEG_PREV_CURR_02713,10574
054576_SEG_PREV_CURR_02001,10575
054576_SEG_CURR_NEXT_02000,10576
054576_SEG_CURR_NEXT_02711,10577
054576_SEG_PREV_CURR_02712,10578
054576_SEG_CURR_NEXT_02001,10579
054576_SEG_PREV_CURR_02002,10580
054235_SEG_CURR_NEXT_00484,10581
054235_SEG_PREV_CURR_00485,10582
054235_SEG_PREV_CURR_01609,10583
054235_SEG_CURR_NEXT_01608,10584
054235_SEG_PREV_CURR_00486,10585
054235_SEG_CURR_NEXT_00485,10586
054576_SEG_CURR_NEXT_02060,10587
054576_SEG_PREV_CURR_02061,10588
054576_SEG_CURR_NEXT_00122,10589
054576_SEG_PREV_CURR_00123,10590
054576_SEG_TURN_02060,10591
054576_SEG_CURR_NEXT_02065,10592
054576_SEG_PREV_CURR_02066,10593
054576_SEG_TURN_02708,10594
054576_SEG_TURN_01835,10595
054576_SEG_TURN_00122,10596
054235_SEG_TURN_01599,10597
054576_SEG_TURN_02096,10598
054235_SEG_CURR_NEXT_01598,10599
054235_SEG_PREV_CURR_01599,10600
054235_SEG_TURN_01603,10601
054576_SEG_PREV_CURR_01947,10602
054576_SEG_CURR_NEXT_01946,10603
054622_SEG_PREV_CURR_01803,10604
054622_SEG_CURR_NEXT_01802,10605
054622_SEG_TURN_01802,10606
054622_SEG_TURN_01629,10607
054576_SEG_TURN_02518,10608
054576_SEG_CURR_NEXT_02517,10609
054576_SEG_PREV_CURR_02518,10610
054622_SEG_PREV_CURR_01629,10611
054622_SEG_CURR_NEXT_01628,10612
054576_SEG_CURR_NEXT_02518,10613
054576_SEG_PREV_CURR_02519,10614
054622_SEG_PREV_CURR_01802,10615
054622_SEG_CURR_NEXT_01801,10616
054622_SEG_TURN_00287,10617
054622_SEG_CURR_NEXT_01629,10618
054622_SEG_PREV_CURR_01630,10619
054622_SEG_CURR_NEXT_00287,10620
054622_SEG_PREV_CURR_00288,10621
054622_SEG_CURR_NEXT_00286,10622
054622_SEG_PREV_CURR_00287,10623
054622_SEG_TURN_01803,10624
054622_SEG_TURN_02691,10625
054622_SEG_PREV_CURR_02692,10626
054622_SEG_CURR_NEXT_02691,10627
054622_SEG_PREV_CURR_02691,10628
054622_SEG_CURR_NEXT_02690,10629
054622_SEG_PREV_CURR_01804,10630
054622_SEG_CURR_NEXT_01803,10631
054576_SEG_TURN_02520,10632
054576_SEG_PREV_CURR_02520,10633
054576_SEG_CURR_NEXT_02519,10634
054576_SEG_PREV_CURR_02521,10635
054576_SEG_CURR_NEXT_02520,10636
054622_SEG_TURN_01799,10637
054345_SEG_TURN_01620,10638
054235_SEG_TURN_01658,10639
054235_SEG_PREV_CURR_01659,10640
054235_SEG_CURR_NEXT_01658,10641
054622_SEG_CURR_NEXT_01798,10642
054622_SEG_PREV_CURR_01799,10643
054235_SEG_CURR_NEXT_01657,10644
054235_SEG_PREV_CURR_01658,10645
054576_SEG_TURN_02526,10646
054576_SEG_TURN_01663,10647
054235_SEG_TURN_00340,10648
054576_SEG_TURN_02778,10649
054576_SEG_CURR_NEXT_02777,10650
054576_SEG_PREV_CURR_02778,10651
054576_SEG_CURR_NEXT_02778,10652
054576_SEG_PREV_CURR_02779,10653
054576_SEG_TURN_02774,10654
054576_SEG_PREV_CURR_02774,10655
054576_SEG_CURR_NEXT_02773,10656
054576_SEG_PREV_CURR_02775,10657
054576_SEG_CURR_NEXT_02774,10658
054576_SEG_CURR_NEXT_01832,10659
054576_SEG_PREV_CURR_01833,10660
054576_SEG_TURN_01833,10661
054576_SEG_CURR_NEXT_01833,10662
054576_SEG_PREV_CURR_01834,10663
054576_SEG_TURN_01762,10664
054576_SEG_TURN_01832,10665
054576_SEG_PREV_CURR_01763,10666
054576_SEG_CURR_NEXT_01762,10667
054576_SEG_TURN_02552,10668
054576_SEG_CURR_NEXT_02776,10669
054576_SEG_PREV_CURR_02777,10670
054576_SEG_TURN_02776,10671
054576_SEG_PREV_CURR_02553,10672
054576_SEG_CURR_NEXT_02552,10673
054576_SEG_PREV_CURR_02776,10674
054576_SEG_CURR_NEXT_02775,10675
054576_SEG_TURN_01756,10676
054576_SEG_CURR_NEXT_01831,10677
054576_SEG_PREV_CURR_01832,10678
054576_SEG_CURR_NEXT_01756,10679
054576_SEG_PREV_CURR_01757,10680
054576_SEG_CURR_NEXT_01755,10681
054576_SEG_PREV_CURR_01756,10682
054576_SEG_TURN_00452,10683
054576_SEG_PREV_CURR_02552,10684
054576_SEG_CURR_NEXT_02551,10685
054576_SEG_CURR_NEXT_00451,10686
054576_SEG_PREV_CURR_00452,10687
054622_SEG_TURN_02627,10688
054576_SEG_PREV_CURR_00453,10689
054576_SEG_CURR_NEXT_00452,10690
054576_SEG_TURN_01843,10691
054576_SEG_CURR_NEXT_01761,10692
054576_SEG_PREV_CURR_01762,10693
054622_SEG_CURR_NEXT_02627,10694
054622_SEG_PREV_CURR_02628,10695
054576_SEG_TURN_01435,10696
054519_SEG_TURN_01153,10697
054576_SEG_PREV_CURR_01435,10698
054576_SEG_CURR_NEXT_01434,10699
054576_SEG_PREV_CURR_01436,10700
054576_SEG_CURR_NEXT_01435,10701
054345_SEG_TURN_00362,10702
054576_SEG_TURN_01469,10703
054345_SEG_CURR_NEXT_00362,10704
054345_SEG_PREV_CURR_00363,10705
054519_SEG_PREV_CURR_01154,10706
054519_SEG_CURR_NEXT_01153,10707
054519_SEG_PREV_CURR_01153,10708
054519_SEG_CURR_NEXT_01152,10709
054576_SEG_CURR_NEXT_00678,10710
054576_SEG_PREV_CURR_00679,10711
054345_SEG_PREV_CURR_00362,10712
054345_SEG_CURR_NEXT_00361,10713
054576_SEG_PREV_CURR_00678,10714
054576_SEG_CURR_NEXT_00677,10715
054576_SEG_TURN_02605,10716
054235_SEG_TURN_01704,10717
054576_SEG_TURN_00007,10718
054576_SEG_PREV_CURR_00007,10719
054576_SEG_CURR_NEXT_00006,10720
054576_SEG_CURR_NEXT_00007,10721
054576_SEG_PREV_CURR_00008,10722
054269_SEG_TURN_01876,10723
054235_SEG_PREV_CURR_01705,10724
054235_SEG_CURR_NEXT_01704,10725
054576_SEG_CURR_NEXT_02538,10726
054576_SEG_PREV_CURR_02539,10727
054269_SEG_TURN_01331,10728
054519_SEG_TURN_00852,10729
054576_SEG_TURN_02538,10730
054576_SEG_CURR_NEXT_02537,10731
054576_SEG_PREV_CURR_02538,10732
054345_SEG_TURN_00659,10733
054269_SEG_TURN_01672,10734
054269_SEG_CURR_NEXT_01671,10735
054269_SEG_PREV_CURR_01672,10736
054576_SEG_TURN_03130,10737
054576_SEG_TURN_03016,10738
054519_SEG_CURR_NEXT_00851,10739
054519_SEG_PREV_CURR_00852,10740
054519_SEG_CURR_NEXT_00852,10741
054519_SEG_PREV_CURR_00853,10742
054576_SEG_CURR_NEXT_03130,10743
054576_SEG_PREV_CURR_03131,10744
054622_SEG_TURN_01719,10745
054435_SEG_TURN_01133,10746
054435_SEG_TURN_00661,10747
054576_SEG_PREV_CURR_03130,10748
054576_SEG_CURR_NEXT_03129,10749
054345_SEG_CURR_NEXT_00659,10750
054345_SEG_PREV_CURR_00660,10751
054576_SEG_PREV_CURR_03077,10752
054576_SEG_CURR_NEXT_03076,10753
054235_SEG_TURN_01086,10754
054345_SEG_CURR_NEXT_00658,10755
054345_SEG_PREV_CURR_00659,10756
054519_SEG_TURN_01591,10757
054235_SEG_PREV_CURR_01087,10758
054235_SEG_CURR_NEXT_01086,10759
054576_SEG_PREV_CURR_01807,10760
054576_SEG_CURR_NEXT_01806,10761
054576_SEG_CURR_NEXT_03075,10762
054576_SEG_PREV_CURR_03076,10763
054435_SEG_CURR_NEXT_00660,10764
054435_SEG_PREV_CURR_00661,10765
054519_SEG_TURN_01448,10766
054576_SEG_TURN_02539,10767
054345_SEG_TURN_02475,10768
054345_SEG_TURN_02479,10769
054345_SEG_TURN_02472,10770
054345_SEG_CURR_NEXT_02471,10771
054345_SEG_PREV_CURR_02472,10772
054345_SEG_CURR_NEXT_02472,10773
054345_SEG_PREV_CURR_02473,10774
054345_SEG_TURN_02467,10775
054345_SEG_TURN_02465,10776
054345_SEG_PREV_CURR_02480,10777
054345_SEG_CURR_NEXT_02479,10778
054345_SEG_PREV_CURR_02467,10779
054345_SEG_CURR_NEXT_02466,10780
054345_SEG_CURR_NEXT_02465,10781
054345_SEG_PREV_CURR_02466,10782
054345_SEG_PREV_CURR_02465,10783
054345_SEG_CURR_NEXT_02464,10784
054345_SEG_TURN_02483,10785
054345_SEG_PREV_CURR_02468,10786
054345_SEG_CURR_NEXT_02467,10787
054345_SEG_TURN_02485,10788
054345_SEG_CURR_NEXT_02482,10789
054345_SEG_PREV_CURR_02483,10790
054345_SEG_CURR_NEXT_02475,10791
054345_SEG_PREV_CURR_02476,10792
054345_SEG_TURN_02463,10793
054345_SEG_TURN_02477,10794
054345_SEG_CURR_NEXT_02463,10795
054345_SEG_PREV_CURR_02464,10796
054345_SEG_TURN_02471,10797
054345_SEG_PREV_CURR_02463,10798
054345_SEG_CURR_NEXT_02462,10799
054622_SEG_TURN_02885,10800
054622_SEG_TURN_01660,10801
054345_SEG_CURR_NEXT_02470,10802
054345_SEG_PREV_CURR_02471,10803
054519_SEG_TURN_01582,10804
054345_SEG_PREV_CURR_02479,10805
054345_SEG_CURR_NEXT_02478,10806
054576_SEG_TURN_02933,10807
054622_SEG_PREV_CURR_01660,10808
054622_SEG_CURR_NEXT_01659,10809
054345_SEG_CURR_NEXT_02485,10810
054345_SEG_PREV_CURR_02486,10811
054345_SEG_TURN_01245,10812
054345_SEG_CURR_NEXT_01244,10813
054345_SEG_PREV_CURR_01245,10814
054345_SEG_PREV_CURR_01246,10815
054345_SEG_CURR_NEXT_01245,10816
054576_SEG_TURN_01736,10817
054345_SEG_TURN_00313,10818
054519_SEG_TURN_00766,10819
054435_SEG_TURN_01515,10820
054435_SEG_TURN_00055,10821
054235_SEG_TURN_01589,10822
054622_SEG_TURN_02634,10823
054519_SEG_TURN_00754,10824
054435_SEG_PREV_CURR_00055,10825
054435_SEG_CURR_NEXT_00054,10826
054576_SEG_PREV_CURR_01372,10827
054576_SEG_CURR_NEXT_01371,10828
054435_SEG_PREV_CURR_01569,10829
054435_SEG_CURR_NEXT_01568,10830
054269_SEG_TURN_00986,10831
054235_SEG_TURN_00765,10832
054519_SEG_PREV_CURR_01048,10833
054519_SEG_CURR_NEXT_01047,10834
054235_SEG_TURN_01098,10835
054235_SEG_PREV_CURR_00766,10836
054235_SEG_CURR_NEXT_00765,10837
054519_SEG_CURR_NEXT_01046,10838
054519_SEG_PREV_CURR_01047,10839
054269_SEG_PREV_CURR_00986,10840
054269_SEG_CURR_NEXT_00985,10841
054235_SEG_TURN_00790,10842
054235_SEG_PREV_CURR_00791,10843
054235_SEG_CURR_NEXT_00790,10844
054345_SEG_TURN_00009,10845
054345_SEG_PREV_CURR_00009,10846
054345_SEG_CURR_NEXT_00008,10847
054235_SEG_TURN_01722,10848
054435_SEG_TURN_01371,10849
054235_SEG_TURN_01154,10850
054235_SEG_PREV_CURR_01722,10851
054235_SEG_CURR_NEXT_01721,10852
054235_SEG_TURN_01799,10853
054345_SEG_TURN_00208,10854
054345_SEG_CURR_NEXT_00208,10855
054345_SEG_PREV_CURR_00209,10856
054235_SEG_TURN_01801,10857
054345_SEG_PREV_CURR_00208,10858
054345_SEG_CURR_NEXT_00207,10859
054235_SEG_TURN_01232,10860
054235_SEG_PREV_CURR_01802,10861
054235_SEG_CURR_NEXT_01801,10862
054235_SEG_CURR_NEXT_01800,10863
054235_SEG_PREV_CURR_01801,10864
054269_SEG_PREV_CURR_00441,10865
054269_SEG_CURR_NEXT_00440,10866
054235_SEG_CURR_NEXT_01232,10867
054235_SEG_PREV_CURR_01233,10868
054345_SEG_TURN_02011,10869
054345_SEG_TURN_01449,10870
054235_SEG_PREV_CURR_01232,10871
054235_SEG_CURR_NEXT_01231,10872
054345_SEG_TURN_00206,10873
054345_SEG_CURR_NEXT_02010,10874
054345_SEG_PREV_CURR_02011,10875
054519_SEG_TURN_01099,10876
054345_SEG_PREV_CURR_01450,10877
054345_SEG_CURR_NEXT_01449,10878
054576_SEG_TURN_01305,10879
054345_SEG_TURN_02635,10880
054345_SEG_CURR_NEXT_01448,10881
054345_SEG_PREV_CURR_01449,10882
054622_SEG_TURN_02969,10883
054235_SEG_PREV_CURR_01800,10884
054345_SEG_TURN_00745,10885
054435_SEG_TURN_00968,10886
054435_SEG_PREV_CURR_00968,10887
054435_SEG_CURR_NEXT_00967,10888
054345_SEG_CURR_NEXT_00745,10889
054345_SEG_PREV_CURR_00746,10890
054435_SEG_TURN_00206,10891
054345_SEG_PREV_CURR_00745,10892
054345_SEG_CURR_NEXT_00744,10893
054435_SEG_PREV_CURR_00206,10894
054435_SEG_CURR_NEXT_00205,10895
054435_SEG_PREV_CURR_00969,10896
054435_SEG_CURR_NEXT_00968,10897
054345_SEG_TURN_01931,10898
054435_SEG_PREV_CURR_00207,10899
054435_SEG_CURR_NEXT_00206,10900
054345_SEG_TURN_01933,10901
054235_SEG_TURN_01234,10902
054345_SEG_TURN_02219,10903
054235_SEG_CURR_NEXT_01234,10904
054235_SEG_PREV_CURR_01235,10905
054235_SEG_PREV_CURR_01234,10906
054235_SEG_CURR_NEXT_01233,10907
054576_SEG_TURN_00136,10908
054576_SEG_PREV_CURR_00136,10909
054576_SEG_CURR_NEXT_00135,10910
054435_SEG_TURN_01047,10911
054622_SEG_PREV_CURR_00191,10912
054622_SEG_CURR_NEXT_00190,10913
054576_SEG_CURR_NEXT_00136,10914
054576_SEG_PREV_CURR_00137,10915
054435_SEG_TURN_01535,10916
054576_SEG_TURN_01852,10917
054435_SEG_CURR_NEXT_01534,10918
054435_SEG_PREV_CURR_01535,10919
054435_SEG_PREV_CURR_01536,10920
054435_SEG_CURR_NEXT_01535,10921
054576_SEG_PREV_CURR_01853,10922
054576_SEG_CURR_NEXT_01852,10923
054576_SEG_CURR_NEXT_01851,10924
054576_SEG_PREV_CURR_01852,10925
054576_SEG_TURN_01659,10926
054576_SEG_TURN_01850,10927
054519_SEG_TURN_00150,10928
054345_SEG_TURN_01937,10929
054519_SEG_CURR_NEXT_00150,10930
054519_SEG_PREV_CURR_00151,10931
054622_SEG_TURN_01837,10932
054622_SEG_TURN_01839,10933
054345_SEG_TURN_01783,10934
054576_SEG_PREV_CURR_01850,10935
054576_SEG_CURR_NEXT_01849,10936
054622_SEG_TURN_01755,10937
054519_SEG_TURN_00900,10938
054576_SEG_PREV_CURR_01659,10939
054576_SEG_CURR_NEXT_01658,10940
054345_SEG_PREV_CURR_01938,10941
054345_SEG_CURR_NEXT_01937,10942
054519_SEG_TURN_01493,10943
054576_SEG_CURR_NEXT_01659,10944
054576_SEG_PREV_CURR_01660,10945
054519_SEG_TURN_00300,10946
054576_SEG_TURN_01290,10947
054576_SEG_PREV_CURR_01851,10948
054576_SEG_CURR_NEXT_01850,10949
054622_SEG_CURR_NEXT_01838,10950
054622_SEG_PREV_CURR_01839,10951
054345_SEG_TURN_02267,10952
054576_SEG_TURN_01856,10953
054622_SEG_CURR_NEXT_01837,10954
054622_SEG_PREV_CURR_01838,10955
054576_SEG_TURN_03006,10956
054519_SEG_CURR_NEXT_00900,10957
054519_SEG_PREV_CURR_00901,10958
054345_SEG_TURN_00290,10959
054345_SEG_TURN_00280,10960
054345_SEG_TURN_00353,10961
054345_SEG_TURN_00367,10962
054345_SEG_TURN_00304,10963
054345_SEG_TURN_00306,10964
054345_SEG_TURN_00296,10965
054345_SEG_TURN_00331,10966
054345_SEG_TURN_00375,10967
054345_SEG_TURN_00274,10968
054345_SEG_TURN_00335,10969
054345_SEG_TURN_00294,10970
054345_SEG_TURN_00298,10971
054345_SEG_TURN_00363,10972
054345_SEG_TURN_00369,10973
054345_SEG_TURN_00286,10974
054345_SEG_TURN_00377,10975
054345_SEG_CURR_NEXT_00352,10976
054345_SEG_PREV_CURR_00353,10977
054345_SEG_TURN_00373,10978
054345_SEG_TURN_00371,10979
054345_SEG_PREV_CURR_00335,10980
054345_SEG_CURR_NEXT_00334,10981
054345_SEG_TURN_00284,10982
054345_SEG_TURN_00339,10983
054345_SEG_CURR_NEXT_00335,10984
054345_SEG_PREV_CURR_00336,10985
054345_SEG_CURR_NEXT_00377,10986
054345_SEG_PREV_CURR_00378,10987
054345_SEG_CURR_NEXT_00303,10988
054345_SEG_PREV_CURR_00304,10989
054345_SEG_CURR_NEXT_00285,10990
054345_SEG_PREV_CURR_00286,10991
054345_SEG_TURN_00302,10992
054345_SEG_CURR_NEXT_00296,10993
054345_SEG_PREV_CURR_00297,10994
054345_SEG_PREV_CURR_00274,10995
054345_SEG_CURR_NEXT_00273,10996
054345_SEG_PREV_CURR_00367,10997
054345_SEG_CURR_NEXT_00366,10998
054345_SEG_PREV_CURR_00287,10999
054345_SEG_CURR_NEXT_00286,11000
054345_SEG_PREV_CURR_00298,11001
054345_SEG_CURR_NEXT_00297,11002
054345_SEG_CURR_NEXT_00284,11003
054345_SEG_PREV_CURR_00285,11004
054345_SEG_TURN_00308,11005
054345_SEG_PREV_CURR_00290,11006
054345_SEG_CURR_NEXT_00289,11007
054345_SEG_TURN_00292,11008
054345_SEG_PREV_CURR_00294,11009
054345_SEG_CURR_NEXT_00293,11010
054345_SEG_TURN_00293,11011
054345_SEG_PREV_CURR_00343,11012
054345_SEG_CURR_NEXT_00342,11013
054345_SEG_PREV_CURR_00342,11014
054345_SEG_CURR_NEXT_00341,11015
054345_SEG_PREV_CURR_00293,11016
054345_SEG_CURR_NEXT_00292,11017
054435_SEG_PREV_CURR_01671,11018
054622_SEG_TURN_02544,11019
054345_SEG_TURN_02055,11020
054345_SEG_PREV_CURR_02055,11021
054345_SEG_CURR_NEXT_02054,11022
054345_SEG_TURN_00354,11023
054345_SEG_CURR_NEXT_00353,11024
054345_SEG_PREV_CURR_00354,11025
054345_SEG_CURR_NEXT_00354,11026
054345_SEG_PREV_CURR_00355,11027
054345_SEG_TURN_00348,11028
054345_SEG_PREV_CURR_00348,11029
054345_SEG_CURR_NEXT_00347,11030
054345_SEG_PREV_CURR_00372,11031
054345_SEG_CURR_NEXT_00371,11032
054345_SEG_CURR_NEXT_00372,11033
054345_SEG_PREV_CURR_00373,11034
054435_SEG_TURN_01001,11035
054435_SEG_CURR_NEXT_01000,11036
054435_SEG_PREV_CURR_01001,11037
054345_SEG_TURN_00359,11038
054235_SEG_TURN_00695,11039
054345_SEG_PREV_CURR_00359,11040
054345_SEG_CURR_NEXT_00358,11041
054576_SEG_TURN_03012,11042
054345_SEG_CURR_NEXT_00359,11043
054345_SEG_PREV_CURR_00360,11044
054235_SEG_TURN_00299,11045
054269_SEG_TURN_01429,11046
054435_SEG_TURN_01846,11047
054235_SEG_TURN_00887,11048
054235_SEG_CURR_NEXT_00887,11049
