candidate_id,target_issue_id,segment_no,final_rank,char_score,word_score,sparse_score,meeting_id,text_preview,relevance_label,review_status,rationale
CAND_TGT_2022_0265_8CF19E67,TGT_2022_0265,052364_SEG_TURN_00947,1,0.24225790339376838,0.0,0.15746763720594945,052364,"◯한국문화예술교육진흥원장박은실 예, 앞으로 노력해보겠습니다.",,unreviewed,
CAND_TGT_2022_0129_9BC78D3D,TGT_2022_0129,052423_SEG_PREV_CURR_01031,2,0.21393089520765154,0.0,0.1390550818849735,052423,"◯류호정 위원 그러면 한국어 교원의 처우개선 방안 마련하셔서 의원실로 보고해 주십시오. ◯김해영 위원 예, 그렇게 하겠습니다.",,unreviewed,
CAND_TGT_2022_0315_15F70C57,TGT_2022_0315,052423_SEG_CURR_NEXT_00276,2,0.26997647850161927,0.0,0.17548471102605254,052423,"◯전재수 위원 영화진흥위원장님, 고생이 많으 십니다. 올해 영화발전기금 적자 규모가 200억에 육박 을 하고 있습니다. 지난번에 윤석열 대통령 만났 잖아요. 성과가 좀 있습니까? ◯영화진흥위원장 박기용 예, 대통령께서 영화 발전기금 고갈에 따른 추가 지원을 영화인들로부 터 요청을 받으시고 적극적으로 검토하겠다는 말 씀 하셨습니다.",,unreviewed,
CAND_TGT_2022_0467_2A50118B,TGT_2022_0467,052556_SEG_PREV_CURR_00141,2,0.21377545161189723,0.0,0.13895404354773322,052556,"◯한국관광공사사장 김장실 예, 그렇습니다. ◯황보승희 위원 인구소멸 완화를 위해서...... 요즘은 코로나시대를 지나면서 매일 직장에 출퇴 근을 하는 것이 아니고 집에서도 업무를 충분히 볼 수 있는 환경이 많이 되지 않았습니까? 그러 다 보니까 꼭 내가 살고 있는 지역에 살아야 되 는 것이 아니라 살기 좋은 곳, 예를 들면 제 지 역구가 있는 부산 중구.영도가 경치가 좋으니까 그 지역에서 한 달 살기 또는 1년 살기를 하면서 충분히 업무를 볼 수 있다는 것입니다. 그래서 워케이션(workation)이라는 개념이 생 겨났고 그러다 보니 우리가 인구를 파악하는 기 준도 거기에 살고 있는 거주인구가 아니라 생활 인구라는 새로운 개념이 지금 만들어졌습니다. 그것이 아마 관광과 접목이 되면 인구소멸지역의 인구를 늘릴 수 있는 아주 좋은 방안이 될 수 있 다는 생각을 하거든요. 실제 관광공사에서 이러한 사업들을 하고 계십 니다. 다음, 인구감소지역에 지역관광추진조직위원회 라는 조직체를 만들어서",,unreviewed,
CAND_TGT_2022_0213_FED2E68F,TGT_2022_0213,052556_SEG_PREV_CURR_00853,2,0.24285117003766343,0.06754988766773348,0.18149572120818794,052556,"◯위원장 홍익표 예. ◯이용호 위원 사감위 쪽, 불법 홀덤펍이라고 들어 보셨지요?",,unreviewed,
CAND_TGT_2022_0255_64712DB5,TGT_2022_0255,052364_SEG_TURN_01169,1,0.1353340101422957,0.0,0.08796710659249221,052364,◯예술의전당사장장형준 예.,,unreviewed,
CAND_TGT_2024_0285_9CD5B0B0,TGT_2024_0285,054622_SEG_TURN_02173,1,0.23087690936698027,0.0,0.1500699910885372,054622,◯한국정책방송원장이은우 맞습니다.,,unreviewed,
CAND_TGT_2024_0575_3553EB69,TGT_2024_0575,054345_SEG_PREV_CURR_02485,2,0.16485159082318893,0.0,0.1071535340350728,054345,"◯한국관광공사사장직무대리서영충 그러니까아마말씀드린대로그사업취지가독 특성, 말그대로유니크하냐때문에한것으로보이는데, 말씀하신취지충분히이해를 했고요. 공공하고민간을나누고또수도권하고지역하고이렇게좀나누어서섹터별로 선정하는방식등의개선방안을마련하도록하겠습니다. ◯조계원위원 개선방안을종감전까지좀제출해주시기바랍니다.",,unreviewed,
CAND_TGT_2020_0331_7BAC4F2A,TGT_2020_0331,050606_SEG_CURR_NEXT_00738,2,0.10091113452807175,0.0,0.06559223744324665,050606,"◯영화진흥위원장 오석근 예, 동의합니다. ◯김예지 위원 3차 추경으로 영화인 직업훈련 긴급지원에 10억 원의 예산이 편성됐습니다. 업 계 상황을 호전시키기엔 턱없이 부족한 수준이지 만 이마저도 현장 수요와 동떨어진 사업 설계로 인해서 집행률이 5.3%에 불과합니다. 지금이라도 사업 운용 방식이나 프로그램 등에 대한 수정이 필요해 보이고요. 반면 일자리 연계형 온라인 또 뉴미디어 영상 콘텐츠 제작 지원 사업과 한국 영화 기획개발 지 원 사업은 영화인들의 호응이 아주 좋습니다. 올 해 단발성 사업으로 진행되었는데 이러한 사업들 은 사업의 취지를 잘 살려서 지속할 수 있는 방 안을 만들어야 한다고 생각합니다. 코로나가 언제 종식될지 모르는 상황이지만 이 것과 관계없이 온라인 뉴미디어 영상 콘텐츠 제 작 지원 사업은 필요해 보이는데 어떻게 생각하 십니까?",,unreviewed,
CAND_TGT_2020_0011_C702AEBF,TGT_2020_0011,050606_SEG_TURN_00284,1,0.09289022789221021,0.0,0.06037864812993664,050606,◯한국콘텐츠진흥원장 김영준 지금 위원님의 지 적이 타당하신 지적이고요. 저희가 그렇지 않아 도 콘진원에서 사업혁신위원회 제도 개선을 통해 서 중간평가 과정을 중간점검 과정으로 바꾸고 요. 실질적으로 중간평가에서 탈락해서 지원 업 체들의 손실이 발생하지 않도록 저희가 제도 개 선책을 준비 중에 있습니다. (발언시간 초과로 마이크 중단) (마이크 중단 이후 계속 발언한 부분),,unreviewed,
CAND_TGT_2024_0449_96A8F3CE,TGT_2024_0449,054435_SEG_TURN_01254,1,0.2804921421584206,0.0,0.18231989240297342,054435,"◯한국저작권위원장강석원 예, 저작권위원회강석원입니다.",,unreviewed,
CAND_TGT_2020_0207_8A50C43E,TGT_2020_0207,050606_SEG_CURR_NEXT_01289,1,0.11825211426653326,0.0,0.07686387427324662,050606,"◯박정 위원 원래 이게 제일 중요한 업무 아니 에요, 지금? 그런데 어떻게 그전에는 이런 것...... 모니터링 업무에 수사 의뢰 지원, 기획조사, 사 법.유관기관과 업무 공조까지 실제로 핵심 일을 하고 있는데 이 사람들이 다 비정규직이에요. 어 떻게 이렇게 분류를 할 수 있어요? ◯게임물관리위원장 이재홍 현재 내부에서 모니 터링하고 있는데 경력단절 여성들이 지금 한 200 명 정도 하고 있고요. 그다음에 상근 청년모니터 링단이 30명 해서 230명이 지금 하고 있습니다, 모니터링. (발언시간 초과로 마이크 중단)",,unreviewed,
CAND_TGT_2024_0195_FF4A3EE1,TGT_2024_0195,054269_SEG_PREV_CURR_00288,1,0.40573774545140073,0.0,0.26372953454341047,054269,"◯정연욱위원 그러니까부지공모때문에, 결국부지공모연기를하고이런일련의 과정에서유산청은태릉국제스케이트장사용기한연장해서조건부수용하겠다. ◯국가유산청장최응천 조건부수용맞습니다.",,unreviewed,
CAND_TGT_2024_0082_EE14A367,TGT_2024_0082,054622_SEG_CURR_NEXT_03071,2,0.3063116153495044,0.0,0.19910254997717788,054622,"◯문화체육관광부장관유인촌 예, 그렇습니다. ◯임오경위원 그런데우리나라는저작권법상포괄적양도조항때문에특약을체결해 야재방송료같은정당한보상을받을수있게되어있어요. 그래서제가볼때는만나 야지모든게해결이될수있다라고생각을합니다. 배우, 감독, 작가, 스태프등유관단 체들과넷플릭스와만나는자리를만들어주셨으면합니다. 그리고정당한보상을위한 저작권법개정에도적극적으로나서주셔야된다고생각을하고요.",,unreviewed,
CAND_TGT_2024_0588_D08984D6,TGT_2024_0588,054345_SEG_CURR_NEXT_00320,2,0.20315536796459338,0.0,0.1320509891769857,054345,◯사행산업통합감독위원장심오택 앞으로예방·치유가굉장히중요하고아까예치원장 께서도말씀했지만청소년도박문제가상당히심각하고...... ◯진종오위원 심각하지요?,,unreviewed,
CAND_TGT_2020_0215_DEA560FE,TGT_2020_0215,050615_SEG_PREV_CURR_00897,2,0.1422893972793826,0.010224304781130199,0.09606661490499427,050615,◯유정주 위원 저는 다시 한국도박문제관리센터 원장님께 질의하겠습니다. 한국도박문제관리센터는 도박문제 예방.치유. 재활사업을 수행하는 기관입니다. 센터에서 실시한 실태조사를 보면 성인에 비해 청소년의 도박중독 위험률이 더 높게 나타납니다. 청소년 도박 문제가 심각해 보이는데요. 증가 원인 찾아보셔야 할 겁니 다. PPT 한번 보여 주세요. (영상자료를 보며) 청소년 중에서도 학교 밖 청소년 도박 문제군 비율이 21%로 나왔습니다. 재학 중인 청소년 6.4%와 비교했을 때 아주 심각한 수준입니다. 이 들에게 도박문제 예방을 위해서 무엇이 제일 필 요하냐라고 물었더니 42.7%가 청소년 대상 예방 교육을 꼽았습니다. 그런데 한국도박문제관리센터에서 실시한 학교 밖 청소년 대상 도박 예방교육 현황을 보면 3년 8개월간 2613명이 전부입니다. 학교 밖 청소년 교육 비율이 작은 이유는 우선적으로 학교와 연 계한 예방교육을 중점적으로 진행하고 있기 때문 에 그렇다고 합니다. 즉 학교 밖 청소년이,,unreviewed,
CAND_TGT_2020_0163_4130981D,TGT_2020_0163,050673_SEG_PREV_CURR_00920,2,0.2082689333177436,0.0,0.13537480665653334,050673,"◯배현진 위원 전체 36만 6000점으로 파악되고 있는데요. 이것을 저희가 문체부로부터 받은 자 료를 보니까 이름은 이 유물들 긴급보수인데요, 긴급보수가 필요한 유물들인데 이것을 완료하려 니까 평균 137년이나 걸린다, 이런 믿기지 않는 통계가 나왔습니다. 참 말이 안 되는 이야기인데 이 이유가 뭘까 하고 제가 들여다봤더니 문체부 자료상으로 제가 파악하기로는 보존처리나 관리를 하는 인력이 상 당히 부족하다라는 문제점을 느꼈습니다. 1년에 보존처리하는 담당 인력들이 평균 58개 문화재 관리를 한다는데요, 알고 계십니까? ◯국립중앙박물관장 배기동 예, 그렇습니다.",,unreviewed,
CAND_TGT_2022_0315_B07F8D53,TGT_2022_0315,052423_SEG_PREV_CURR_00277,1,0.26997647850161927,0.0,0.17548471102605254,052423,"◯전재수 위원 영화진흥위원장님, 고생이 많으 십니다. 올해 영화발전기금 적자 규모가 200억에 육박 을 하고 있습니다. 지난번에 윤석열 대통령 만났 잖아요. 성과가 좀 있습니까? ◯영화진흥위원장 박기용 예, 대통령께서 영화 발전기금 고갈에 따른 추가 지원을 영화인들로부 터 요청을 받으시고 적극적으로 검토하겠다는 말 씀 하셨습니다.",,unreviewed,
CAND_TGT_2020_0187_27A9F73E,TGT_2020_0187,050308_SEG_CURR_NEXT_00217,1,0.19705191187403795,0.3534022341523515,0.2517745246714477,050308,"◯김예지위원 뿐만아니라지금말씀하신것처 럼부처가서로다르다고미루고당기고하지마 시고제작에관련된장애인도서관과국립특수교 육원과국립국어원, 이세기관이협의체를구성 해서문제를공유하고전수감수하는등대책이 마련돼야합니다. 동의하십니까? ◯문화체육관광부장관박양우 예, 그렇지않아 도 국어원, 장애인도서관 또 국립특수교육원과 함께저희가논의를하고있습니다.",,unreviewed,
CAND_TGT_2020_0261_21698A60,TGT_2020_0261,050673_SEG_TURN_00209,1,0.1901685842471764,0.006125321653423455,0.12575344233936286,050673,◯김예지 위원 노력해 주시기 바라고요. 이어서 질의하겠습니다. 2020년 상반기 기준으로 2015년에 비해서 지역 예술인 예술활동증명자가 5.8% 증가했습니다. 그 만큼 지역 예술인들의 서비스 요구도 증가하고 있 지만 서비스를 제공하는 거점은 한 곳 뿐이어서 접근성이 떨어지는 문제가 지속되고 있습니다. 게다가 금년도 12월부터 아시겠지만 예술인고 용보험이 시행되면 가입 상담과 안내 등 관련 문 의가 급증할 것으로 보이는데 현재까지 진행된 사업에서도 지원에 약간 한계가 보이는데 고용보 험까지 어떻게 감당할 수 있을지 우려가 되는 상 황입니다. 지역문화재단과 연계해서 복지사업의 지역 거 점을 구축해서 수혜 범위가 확대될 수 있도록 전 달체계를 마련해 주시기 바랍니다. 이어서 질의하겠습니다. 창작준비금 지원사업에서 장애예술인이 지원받 은 비율은 작년 2.4%에서 올해 3.5%로 다소 증 가했지만 예술인 생활안정자금의 경우 작년 1.9% 에서 올해 1.6%로 지원 비율이 감소했습니다. 게 ,,unreviewed,
CAND_TGT_2024_0168_A5B497BA,TGT_2024_0168,054235_SEG_PREV_CURR_00877,1,0.0,0.38228725316284284,0.13380053860699498,054235,◯참고인이민석 예. ◯양문석위원 K STADIUM은?,,unreviewed,
CAND_TGT_2024_0353_1D075576,TGT_2024_0353,054235_SEG_CURR_NEXT_01575,2,0.13357093033955456,0.0,0.08682110472071046,054235,"◯위원장전재수 수고하셨습니다. 다음은김승수위원님질의해주시기바랍니다. ◯김승수위원 앞서대한체육회의여러가지기본적인것도제대로이행이되지않고 있다말씀을드렸는데문체부산하공공기관들이렇게보면법령에규정된내용들까지도 지금안하고있는단체들이굉장히많습니다. 가장기본적으로경영공시만하더라도공공기관의운영에관한시행령에하도록돼있 는데문체부산하공공기관31개기관중에대부분은, 징계사유이런것들을즉시자체 홈페이지에경영공시를해야되거든요. 안하고있어요, 어떤데는한6년이지나가지고 징계사유공시하는데도있고. 이렇게보면문체부산하기관들이기본적인법령상의규 정조차안지키고있는이런것들이많이있음에도불구하고제대로관리감독이안되고 있다는거지요. 이런부분에대해서는일제히한번조사를해보시고좀시정해주시기 바랍니다.",,unreviewed,
CAND_TGT_2024_0466_76DDAF56,TGT_2024_0466,054622_SEG_TURN_01887,1,0.03233021552430489,0.30297858498368435,0.12705714483508768,054622,"◯양문석위원 보세요. 11차를잘라내야불법성이없고이임생에합법성이생겨요. 그 러니까만들어놓은11차회의록을조직적으로부인해요. 그리고실무자의단순실수라 고이야기해요. 그리고의원실에허위공문서를보내고가짜뉴스를살포해요. 회장은여 기에대해서단순실수라고이야기하고‘뭐그럴수도있는거지’라고이야기를해요. 그 리고축구협회에서낸자료가1·2차면접을진행했다는데‘나는면접아니야, 면담했을 뿐이야’라고이야기를해요.",,unreviewed,
CAND_TGT_2022_0359_C3FA6743,TGT_2022_0359,052423_SEG_PREV_CURR_00367,1,0.10093285429024597,0.14137967292425452,0.11508924081214895,052423,"◯한국저작권보호원장 박정렬 모니터링 횟수가 22만 건, 올해 10월까지 신청되고 있고요. 14만 건이 삭제...... ◯김승수 위원 필리핀 같은 경우에는 인도네시 아까지 포함해서 5개국을 모니터링하는데 연간 한 이삼십만 건 넘게 삭제 요청을 하고 있습니 다. 얼핏 보면 좀 많아 보입니다마는 내용을 보 면 또 그렇지도 않습니다. 우리가 생각할 때 중국이 인구로 보나 인터넷 이용자로 봤을 때 제일 많이 불법 복제를 했을 것 같은데 실제 지금 복제물 삭제 요청 건수를 보면 필리핀―물론 필리핀하고 인도가 같이합니 다마는―거기보다 적고 태국하고 비교해 봐도 얼 마 많지 않습니다. 다음 화면 또 봐 주시지요. 그러면 중국이 진짜 이렇게 적을까요? 중국의 불법 복제 URL 삭제 요청 건수를 분야별로 분 석을 해 보니까 대부분 영상이고 음악은 한 건도 없고 웹툰이 작년도에 제로입니다. 과연 중국의 웹툰 불법 복제가 한 건도 없을까요? 지금 저작권보호원에서는 이렇게 해외사무소를 통한 모니터링과 삭제",,unreviewed,
CAND_TGT_2020_0292_2F4B6619,TGT_2020_0292,050606_SEG_PREV_CURR_00569,2,0.07933665963421915,0.0,0.051568828762242454,050606,◯한국콘텐츠진흥원장 김영준 위원님이 말씀하 신 부분 적극적으로 공감하면서요. 또 실제적으 로 우리 콘텐츠 기업들이 해외 시장에서도 경쟁 력을 갖출 수 있도록 그 특성에 맞는 맞춤형 지 원사업들을 더욱더 강화하도록 하겠습니다. ◯박정 위원 이상입니다.,,unreviewed,
CAND_TGT_2022_0119_74097D01,TGT_2022_0119,052493_SEG_TURN_01312,2,0.19119918409390754,0.0,0.1242794696610399,052493,◯임오경 위원 그런데 아이러니하게도 돈은 버 는데 수탁사인 스포츠토토코리아의 적자 문제는 심각합니다. 알고 계시지요?,,unreviewed,
CAND_TGT_2024_0322_72B0E761,TGT_2024_0322,054345_SEG_TURN_00515,1,0.08895886613047266,0.0,0.05782326298480723,054345,"◯민형배위원 김준희원장님, 한강작가의작품들이세종도서선정에서제외된것맞 지요?",,unreviewed,
CAND_TGT_2022_0436_D604696F,TGT_2022_0436,052493_SEG_CURR_NEXT_01299,2,0.1535896008210298,0.1704252559834803,0.15948208012788745,052493,"◯대한장애인체육회장 정진완 예, 그렇습니다. ◯류호정 위원 PC방 접근이 어려운 분들부터 또 이스포츠 선수를 꿈꾸시는 분들까지 센터를 찾고 계신다고 하는데요. 그런데 여기 센터에서 운영의 핵심 인력인 지도자를 구할 수가 없다고 합니다. 아직까지는 수도권에 이스포츠 전문인력 이 몰려 있기 때문인 것 같은데요. 난감해하시더 라고요. 그래서 의원실에서 장애인 이스포츠 활성화를 위해 준비하고 있는 사항이 있는지 질의를 드린 적이 있습니다. 그랬더니 중장기 계획으로 반다 비체육센터 내에 장애인 이스포츠센터 개관을 목 표로 하신다 이렇게 답을 주셨는데요. 혹시 이 광양센터 가 보신 적 있으십니까?",,unreviewed,
CAND_TGT_2022_0310_C45CF153,TGT_2022_0310,052423_SEG_TURN_01191,1,0.13749049828111315,0.0,0.08936882388272355,052423,◯한국언론진흥재단이사장 표완수 좋은 가이드 라인이나 방안을 마련해 주시면 충실히 이행하도 록 하겠습니다.,,unreviewed,
CAND_TGT_2020_0238_9500889B,TGT_2020_0238,050615_SEG_TURN_00011,1,0.10205431409449545,0.006307476074196368,0.06854292078739077,050615,"◯세종학당재단이사장 강현화 안녕하십니까? 세종학당재단 이사장 강현화입니다. 존경하는 도종환 위원장님과 여러 위원님을 모 시고 우리 재단의 업무현황 보고를 드리게 돼서 영광입니다. 그간 다양한 기회에 여러 위원님들께서 세종학 당을 통한 해외 한국어.한국문화 교육 및 보급 에 지대한 관심과 다양한 정책 대안을 제시해 주 셨기에 국외 한국어 보급은 세종학당을 중심으로 빠르게 자리 잡아 가고 있습니다. 진심으로 감사 드립니다. 이어서 세종학당재단의 업무현황을 준비된 자 료를 통해 간략하게 보고드리겠습니다. 업무보고는 일반현황, 2020년 주요업무 추진현 황 순서입니다. 일반현황인 연혁 및 임무, 기구 및 정원은 1쪽 과 2쪽의 자료를 참고해 주시기 바랍니다. 현재 정원은 임원을 포함하여 67명이며 2020년 예산은 작년 235억 7700만 원에서 366억 4000만 원으로 약 55.4% 증가했습니다. 2020년 주요업무 추진현황을 말씀드리겠습니 다. 3쪽과 4쪽입니다. 첫째, 세종학당 지정",,unreviewed,
CAND_TGT_2024_0111_28DDE803,TGT_2024_0111,054622_SEG_TURN_03078,1,0.12026971609010406,0.0,0.07817531545856764,054622,"◯임오경위원 2조가넘고있습니다. 2조6000을넘고있어요. 이영화들이공통점들이있어요. 이모든공통점들은웹툰원작의영화, 드라마라는점 입니다, 지금보여지는이4개가. 웹툰은단순히온라인으로보는만화가아니고K-콘텐츠로웹툰이중요한이유는웹 툰그자체의가치도있지만웹툰의IP를드라마, 게임등에적용하여새로운파생콘텐 츠들을만들어낼수있다라는데있습니다. 특히주1회이상웹툰을보는분들까지포 함하면60대중95.7%가분기당1회이상웹툰을접하고있다고합니다. 제가이거를보면서, 지역에서느낀겁니다. 최근우리경로당에스마트경로당이라는 프로그램이있어요. 그래서저는우리의관광그리고우리대한민국의관광코스부터시 작해서이웹툰드라마를만들어서우리의스마트경로당어르신들에게, 우리가모여서 식사하고그냥노래하고끝나는게아니라진짜우리어르신들에게이웹툰프로그램을 깔아준다라면좋지않나그런생각을한번해봤습니다. 그래서콘진원과함께이프로 그램을장관님이다양하게콘텐츠를만들어주시는데기여를좀해주셨으면좋겠다라 는생각을했습니다.",,unreviewed,
CAND_TGT_2022_0127_451DC1FE,TGT_2022_0127,052280_SEG_TURN_00928,2,0.21383706630632424,0.0,0.13899409309911076,052280,"◯위원장 홍익표 그래서 이것에 대해서는 종감 때까지 제도개선 방안을 보고해 주세요, 어떻게 할 건지.",,unreviewed,
CAND_TGT_2020_0412_6869588F,TGT_2020_0412,050492_SEG_TURN_01253,1,0.44638786323307517,0.0,0.29015211110149886,050492,◯위원장 도종환 대한체육회 창립 100주년 기념 사업회 위원장 맡고 계시지요?,,unreviewed,
CAND_TGT_2022_0226_78B35C3A,TGT_2022_0226,052556_SEG_TURN_00336,2,0.5601145399876584,0.0,0.36407445099197794,052556,◯한국도박문제예방치유원장 조기조 예.,,unreviewed,
CAND_TGT_2024_0340_92C78040,TGT_2024_0340,054519_SEG_TURN_01581,1,0.10115044514511468,0.0,0.06574778934432454,054519,"◯예술의전당사장장형준 거의, 지금은상당히힘들지요. 그러나리모델링이랑겹치면 할수있을수도있지요.",,unreviewed,
CAND_TGT_2022_0024_EE32ADBD,TGT_2022_0024,052315_SEG_TURN_00067,1,0.11074772733011118,0.0,0.07198602276457226,052315,◯세종학당재단이사장 이해영 예.,,unreviewed,
CAND_TGT_2020_0186_79955D83,TGT_2020_0186,050673_SEG_TURN_00852,1,0.16945007391257152,0.11321572269217482,0.1497680509854327,050673,◯김예지 위원 국립장애인도서관 정기애 관장님 께 질의하겠습니다. 장애인도서관의 가장 중요한 역할 중 하나는 장애인이 접근할 수 있는 대체자료를 제작하는 것입니다. 국립장애인도서관에서는 최근 3년간 평균 7200건 내외의 대체자료를 제작하고 있고 이 대체자료 건수는 국립장애인도서관의 가장 중 요한 실적 중의 하나입니다만 의원실에서 자료를 분석한 결과 이 실적이 상당히 부풀려졌습니다. 화면 보여 주세요. (영상자료를 보며) 총 148편이 포함된 시집 한 권인데요. 이것을 독서장애인용 파일 포맷인 데이지 자료로 제작했 을 때 몇 건으로 등록됐는지 아십니까?,,unreviewed,
CAND_TGT_2020_0189_A8113982,TGT_2020_0189,050492_SEG_CURR_NEXT_00391,2,0.15157231936074655,0.0,0.09852200758448526,050492,◯대한체육회장 이기흥 위원회 구성은 체육회에 서 한 겁니다. ◯이용 위원 관리위원회 위원장은 누가 임명합 니까?,,unreviewed,
CAND_TGT_2022_0253_FC9A9815,TGT_2022_0253,052556_SEG_PREV_CURR_00948,2,0.21511045910409382,0.0,0.139821798417661,052556,"◯그랜드코리아레저(주)대표이사 김영산 21년 5월 에 개정을 했는데, 성과급이 두 종류가 있습니다. 경영평가성과급은 징계자에게 주지 않도록 개정 을 했고요. 그다음에 내부평가성과급은 지금도 주고 있습니다. ◯이용 위원 다음 PPT 화면 보여 주세요. 권익위의 권고사항에 따라서 직원연봉규정 개 정함을 권고했는데 GKL은 경영평가성과급은 지 급하지 않는다라고 명시해 놨거든요. 이것도 참 문제적인 건데, 권익위에서는 경영평가성과급 및 내부평가성과급을 지급하지 않는다고 권고를 내 려보냈는데 이렇게 달리한 이유가 무엇입니까?",,unreviewed,
CAND_TGT_2022_0098_2834D2EA,TGT_2022_0098,052229_SEG_PREV_CURR_00316,2,0.26791821265936794,0.0,0.17414683822858917,052229,◯문화체육관광부장관 박보균 만화영상진흥원 에...... ◯유정주 위원 일으켰다고 생각하십니까?,,unreviewed,
CAND_TGT_2024_0001_B2B2419F,TGT_2024_0001,054519_SEG_PREV_CURR_00149,2,0.26126583470856857,0.0,0.16982279256056956,054519,"◯한국문화예술위원장정병국 잘압니다. ◯조계원위원 연간수익이353억원에달하고, 2023년기준입니다. 이런큰골프장의 대표를뽑는데그걸제대로확인하지않고......",,unreviewed,
CAND_TGT_2020_0097_E50FD9D8,TGT_2020_0097,050430_SEG_TURN_00431,2,0.22321427291138632,0.0,0.1450892773924011,050430,◯김예지 위원 장관님께 질문드리겠습니다. 코로나19로 인해서 실시되는 원격수업에서 수 업 목적 저작물의 사용이 일시 허용되기는 했지 만 원격수업이 종료되는 시점의 학기 또는 학년 까지만 이용 가능합니다. 그래서 학년이 끝나 버 리면 유예기간 없이 종료되는 상황이라 교육현장 에서 혼란에 빠질 우려가 있다는 목소리가 큽니 다. 학생들이 보충학습용으로 일정 기간 활용할 수 있도록 이용기간을 연장하는 방안이 필요해 보이는데 동의하십니까?,,unreviewed,
CAND_TGT_2022_0132_01B557CC,TGT_2022_0132,052229_SEG_CURR_NEXT_01029,1,0.1686042861509977,0.0027508733936093036,0.11055559168591177,052229,◯임오경 위원 존경하는 배현진 위원님 말씀 너 무 잘 들었고요. 저 또한 공감하는 생각입니다. 그 외에도 비유럽권 최초 청소년 올림픽이 2024 년 개최 예정입니다. 그 부분에도 재정 지원 적 극적으로 부탁드립니다. ◯문화체육관광부장관 박보균 예.,,unreviewed,
CAND_TGT_2022_0255_E19BA5CA,TGT_2022_0255,052364_SEG_TURN_01175,2,0.1353340101422957,0.0,0.08796710659249221,052364,◯예술의전당사장장형준 예.,,unreviewed,
CAND_TGT_2024_0243_DEA77FFB,TGT_2024_0243,054519_SEG_TURN_01112,1,0.11247176036256851,0.0,0.07310664423566954,054519,"◯김승수위원 하여튼영국박물관뿐만아니고요프랑스, 아시아박물관이런데보면 우리가생각도못했던조선시대또근대의우리나라문화유산, 유물들이많이소장돼 있고, 특히수장고에는우리가알지못하는그런유물들이지금많이있을걸로추정이 됩니다. 실제또보면그런외국의박물관과협업을통해가지고상당히귀중한유물을 발견한사례들이속속나오고있고요. 그래서그런해외박물관과의교류협력, MOU 이런 것들을통해가지고기존에전시되고있는유물들에대한연구분석뿐만아니고수장고에 어떻게보면저장되고있는이런부분에대해서도우리가좀신속조속히점검하고검토 또분석할수있는그런시스템을만들어서새로운귀중한문화유산이런것들도많이 발굴될수있도록그렇게노력해주시기를부탁드립니다. 이상입니다.",,unreviewed,
CAND_TGT_2022_0131_7069ABD2,TGT_2022_0131,052315_SEG_TURN_00806,2,0.0,0.2320242672619461,0.08120849354168114,052315,◯위원장 홍익표 시간을 충분히 드렸기 때문 에......,,unreviewed,
CAND_TGT_2024_0489_E9F76C20,TGT_2024_0489,054345_SEG_TURN_00383,1,0.32938425536676375,0.0,0.21409976598839645,054345,◯한국출판문화산업진흥원장김준희 있습니다.,,unreviewed,
CAND_TGT_2022_0221_DED9CDE7,TGT_2022_0221,052556_SEG_CURR_NEXT_00246,1,0.09859936388571666,0.1160495150009618,0.10470691677605246,052556,◯이개호 위원 15개 지역센터를 함께 운영하시 는 것으로 확인을 했습니다. 우리나라 도박중독 유병률이 저도 깜짝 놀랐는 데 지금 직접 말씀을 한번 해 주시지요. 어느 정 도 되는가요? ◯사행산업통합감독위원장 김춘순 5.3~5.4% 정 도 됩니다.,,unreviewed,
CAND_TGT_2020_0213_31238660,TGT_2020_0213,050615_SEG_TURN_00623,1,0.17517492004982202,0.0879439924129404,0.14464409537691345,050615,◯임오경 위원 지난 2월 코로나19 확산으로 경 륜.경정 등 대면 발권을 주로 하는 합법 사행산 업의 업장이 휴장하면서 당연히 매출은 폭락했고 요. 순매출에서 0.35%를 사회에 환원하는 중독예 방치유부담금 역시 지난해 200억에 비해 반토막 났습니다. 알고 계시지요?,,unreviewed,
CAND_TGT_2020_0054_1FB4A096,TGT_2020_0054,050673_SEG_TURN_01090,1,0.3274562932074961,0.0,0.21284659058487246,050673,◯국립현대미술관장 윤범모 미술관 웬만한 데는 다 가보지요.,,unreviewed,
CAND_TGT_2024_0074_C0DBEB5D,TGT_2024_0074,054435_SEG_PREV_CURR_00906,2,0.2889386822951796,0.0,0.18781014349186675,054435,"◯참고인송창곤 아마최저출연료가월평균60만원인걸로알고있는데, 지금현재 연기자의최저출연료는없습니다. 제도적으로인정을못받고있습니다. 노동조합자료 에의하면방송한회출연료를20만원, 30만원받는사례가계속적으로발견되고있 습니다. 이는교통비, 숙식비, 의상·헤어·메이크업비용이이이삼십만원출연료에포함 되어있습니다. 아주열악한수준입니다. ◯임오경위원 이런문제점들로인해서최근연기자노조에서최저출연료제도도입을 위해연구용역을했다고들었는데내용을간단하게설명해주실수있나요?",,unreviewed,
CAND_TGT_2022_0174_3FDDA252,TGT_2022_0174,052423_SEG_TURN_00104,1,0.19773853263962307,0.043034629757416135,0.14359216663085064,052423,◯위원장 홍익표 이상헌 위원님 수고하셨습니 다. 다시 한번 채윤희 위원장님과 문화체육관광부 에 부탁드리는 것은 자체등급제도가 새로운 또 다른 장애물로 작용하지 않도록 현장의 의견을 충분히 수렴해서 더 이상 등급제로 인해서 영화 산업이나 영상물 관련 쪽에 장애가 발생하지 않 도록 시행령 개정에 최선의 노력을 다해 주시기 를 다시 한번 당부드리겠습니다.,,unreviewed,
CAND_TGT_2024_0430_AC65A3C3,TGT_2024_0430,054435_SEG_CURR_NEXT_01561,2,0.20305028701321026,0.0,0.13198268655858666,054435,"◯영상물등급위원장김병재 예, 그렇습니다. ◯김승수위원 그런데부모를동반하면우리나라의경우에는초등학생들, 중학생들도 다볼수있도록돼있습니다, 이런장면들을. 그래서이부분에있어서학부모들의걱정 들이인터넷상에도댓글에많이올라오고있습니다. 앞서보신것처럼상당히참혹한장 면들또대사에있어가지고도정말쌍스러운욕설들이난무하고있습니다. 이런것들이 부모동반만되면초등학생들도관람할수있다는거예요. 그래서이부분에대해서제가작년21대때도한번...... 똑같은15세이하라고하더 라도외국같은경우에는부모를동반해서볼수있는15세이하가있고동반하더라도 볼수없는그런등급분류를하고있지않습니까?",,unreviewed,
CAND_TGT_2022_0209_BA67BF4B,TGT_2022_0209,052556_SEG_TURN_00800,2,0.19851943341040174,0.0,0.12903763171676114,052556,"◯한국정책방송원장 하종대 예, 그렇습니다.",,unreviewed,
CAND_TGT_2022_0120_2F31A3B2,TGT_2022_0120,052493_SEG_CURR_NEXT_01315,2,0.13285085463246207,0.0,0.08635305551110035,052493,◯서울올림픽기념국민체육진흥공단이사장 조현재 예. ◯임오경 위원 또한 현재까지 누적 적자는 40억 원에 달하며 2025년 사업 종료 시까지는 앞으로 120억 원 이상 자본 잠식이 예상됩니다. 작년 스포츠토토 공영화 법안 논의 시 국민체 육진흥공단에서 투표권사업을 직접 운영하기 위 해서는 수탁사의 남은 계약기간 3년 동안 사업운 영 노하우를 구축하고 인력을 흡수하는 등 체계 적인 준비를 하겠다고 약속했어요. 기억하고 계 십니까?,,unreviewed,
CAND_TGT_2022_0174_13EA56C3,TGT_2022_0174,052423_SEG_TURN_00830,2,0.17082188998399417,0.04903432266962162,0.12819624142396377,052423,◯이개호 위원 그래서 이에 대한 논의를 그동안 에 해 오고 있는 것은 알고 있습니다마는 보다 적극적으로 대응을 해서 스팀에 대해서 이러한 사각지대가 발생하지 않도록 철저하게 대응을 해 야 된다고 생각을 하는데 어떠세요? 의지를 밝혀 주시기 바랍니다.,,unreviewed,
CAND_TGT_2022_0120_2DC908A7,TGT_2022_0120,052493_SEG_PREV_CURR_01316,1,0.13285085463246207,0.0,0.08635305551110035,052493,◯서울올림픽기념국민체육진흥공단이사장 조현재 예. ◯임오경 위원 또한 현재까지 누적 적자는 40억 원에 달하며 2025년 사업 종료 시까지는 앞으로 120억 원 이상 자본 잠식이 예상됩니다. 작년 스포츠토토 공영화 법안 논의 시 국민체 육진흥공단에서 투표권사업을 직접 운영하기 위 해서는 수탁사의 남은 계약기간 3년 동안 사업운 영 노하우를 구축하고 인력을 흡수하는 등 체계 적인 준비를 하겠다고 약속했어요. 기억하고 계 십니까?,,unreviewed,
CAND_TGT_2022_0463_B1F36427,TGT_2022_0463,052556_SEG_PREV_CURR_00587,2,0.33785628734054163,0.011224202823723767,0.22353505775965538,052556,"◯한국관광공사사장 김장실 예, 그렇게 말씀 주 신 대로 하겠습니다. ◯이용 위원 그래서 필요하다면 수사 의뢰까지 검토해야 할 사항이고 그리고 사장님께서는 관광 공사 전체 수의계약 체결에 대한 자체조사 실시 하고 향후 대책을 종감 전까지 말씀 부탁드리겠 습니다.",,unreviewed,
CAND_TGT_2024_0183_5FC0B50E,TGT_2024_0183,054576_SEG_TURN_00433,2,0.18784505722943665,0.0,0.12209928719913382,054576,◯서울올림픽기념국민체육진흥공단이사장조현재 지금아마자체예산에대해서는규 정이따로있는걸로아는데제가자세히내용을몰라서답변하기는좀그렇습니다.,,unreviewed,
CAND_TGT_2022_0267_03F30E23,TGT_2022_0267,052364_SEG_CURR_NEXT_00943,2,0.25956841787262536,0.0,0.1687194716172065,052364,"◯한국문화예술교육진흥원장박은실 스포츠강사 같은경우는학교에서직접고용하는기간제계 약근로자이고저희같은경우는초단시간근로 자여서60시간이내의계약을하도록되어져있 습니다. 지금3대보험은가입이되어져있고요. 가입 되지않고있는건강보험이문제가되고있는데, 건강보험같은경우는사실150만초단기간근로 자들이모두같은기준을적용받고있어서저희 예술강사만따로적용하기에는좀어려움이있다 는말씀을드리지만앞으로예술강사처우개선을 위해서지속적으로노력하도록하겠습니다. ◯김승수위원 건강보험같은경우에는초등스 포츠강사에는적용이된단말이지요. 왜그렇지 요? 스포츠강사는적용이된다고제가전달받았 는데요.",,unreviewed,
CAND_TGT_2020_0004_814D5123,TGT_2020_0004,050308_SEG_TURN_00074,1,0.15687027544165294,0.0,0.10196567903707442,050308,◯이상직위원 이렇듯K-컬처가한류를이끌며 국격을높이고이제콘텐츠산업의중요성을아는 데지금코로나19로인해비대면을활성화해야 되는데비대면산업을해야한다고예산을많이 확충하고있지요?,,unreviewed,
CAND_TGT_2020_0182_7FE96235,TGT_2020_0182,050673_SEG_PREV_CURR_00854,1,0.13420557126574245,0.003368893920822826,0.08841273419502059,050673,"◯국립장애인도서관장 정기애 예. ◯김예지 위원 149건입니다. 이것 말도 안 되는 건수이고요. 이렇게 카운트된 이런 도서가 7200 여 건 중 50%에 육박한다는 것이고 결국에는 7200건이 아니고 약 4000여 건 수준인 거지요. 건수, 대체자료 제작 건수입니다. 2019년 데이지 자료의 목표 건수와 제작 건수 를 보면 목표치 대비 110%나 달성한 듯 보이지 만 아까 말씀드렸던 그런 과대포장된 시 제외하 면 실제로 37% 미만입니다. 이런 상황을 종합해 봤을 때 부풀려졌지 않나, 이게 과도하게 제작 건수가 부풀려졌다고 추정이 되고요. 이런 시집을 장애인 당사자가 직접 신청한 것 이 과연 맞는지 의문도 듭니다. 매년 장애 대학생이 학습 목적으로, 여가문화 도 아닙니다, 학습 목적으로 필요해서 신청하는 대체자료 다섯 권 중 한 권을 제작하지 않고 있 는 실정이고 또 악보 같은 경우에는 1인이 1년에 3건밖에 신청을 하지 못합니다. 상당히 제한적입 니다. 특히 전공하는 학생 같으면 한",,unreviewed,
CAND_TGT_2022_0236_002C74DD,TGT_2022_0236,052423_SEG_TURN_01537,1,0.20520701637165426,0.02910987412584477,0.14357301658562094,052423,"◯위원장 홍익표 아울러서 지방문화 활성화를 위해서, 예를 들면 일본 같은 경우나 해외에 보 면...... 일본도 교토, 오사카 등을 묶어서 일종의 간사이 지역에 약간 거대 문화관광권을 하나 만 들잖아요. 예를 들면 우리도 경주나 울산 또는 부산 등을 묶어서 하거나 또 호남지역 같은 경우 는 백제문화권하고 여수지역의 해양문화권을 문 화관광권으로 묶어서 하는 이런 프로그램 활성화 를 관광연구원에서 좀 연구해서 지방자치단체에 도움이 될 수 있는 그런 연구가 있었으면 어떨까 싶습니다.",,unreviewed,
CAND_TGT_2022_0401_12D961C4,TGT_2022_0401,052493_SEG_TURN_00005,1,0.07884508833197344,0.027687816869015797,0.06094004331993827,052493,◯대한체육회장 이기흥 대한체육회 이기흥 회장 입니다. 존경하는 문화체육관광위원회 홍익표 위원장님 과 위원님 여러분! 평소 바쁘신 의정활동에도 불구하고 대한민국 체육 발전에 많은 관심과 지원을 아끼지 않으시 는 위원님들께 진심으로 감사의 말씀을 드립니 다. 대한체육회는 모든 국민이 스포츠를 통해 건강 하고 행복한 삶을 영위할 수 있도록 다양한 사업 을 추진하고 있습니다. 코로나19로 인해 각종 대 회 및 사업에 어려움이 있는 상황에서도 체육계의 소통을 강화하고 현장에 대한 철저한 방역대책을 통해 안전한 스포츠 활동 여건 조성과 성공적인 사업 추진에 최선의 노력을 다하고 있습니다. 특히 3년 만에 정상 개최된 제103회 전국체육 대회를 성공적으로 마무리하였고 국제스포츠계의 유 엔총회라고 불리는 국가올림픽위원회연합회(ANOC) 의 서울총회를 성공적으로 치르기 위해 만반의 준비를 다하고 있습니다. 지난해 도쿄 하계올림픽대회에서 16위에 이어 금년도 2월에 개최된 베이징 동계올림픽대회에서 1,,unreviewed,
CAND_TGT_2022_0332_AEAD90B2,TGT_2022_0332,052423_SEG_PREV_CURR_00097,1,0.11946932894296305,0.03198886478913141,0.08885116648912197,052423,◯영상물등급위원장 채윤희 지금 시행령과 시행 규칙을 만들기 위해서 내부 시범추진단을 운영하 고 있고요. 업계들의 간담회를 통해서 업계가 요 구하는 사항들을 면밀히 살피고 있고요. 그다음 에 또 학부모단체나 시민단체나 청소년 기관들과 도 간담회를 통해서 저희가 시행령과 시행규칙을 어떻게 담을 것인지 지금 열심히 준비하고 있습 니다. ◯이상헌 위원 알겠습니다. 그런데 이 법안에 미처 담기지 못한 내용이 있 습니다. 광고 유해성 확인 권한에 대한 규정입니 다. 지금 통과된 내용대로라면 영상물 본편에 대 한 자체등급분류 권한은 사업자가 가지게 되어 있지만 광고선전물에 대한 판단은 영등위가 계속 가지게 됩니다. 즉 본편 광고 심의가 늦어지는 만큼 이용자들의 작품 접근성도 늦어진다는 뜻입 니다. 실질적으로는 모순점이 또 있습니다. 영상물이 청소년이용불가 등급이라고 판정을 한다고 해도 광고까지 청소년이용불가로 만들어지지는 않습니 다. 옥외광고는 사업자가 다양한 연령을 고려해 야 하기 때문에 청소,,unreviewed,
CAND_TGT_2020_0156_77FEB677,TGT_2020_0156,050615_SEG_TURN_00155,1,0.009846115536803361,0.115904151985053,0.04696642829369073,050615,◯이상헌 위원 카지노 이용의 20%가 단체관광 입니다. 단체관광을 오는 사람들은 다른 여행지 나 전통문화도 경험하게 됩니다. 코로나19 사태 때문에 단체관광이 상당히 줄었 지요?,,unreviewed,
CAND_TGT_2022_0289_E7A9DC0C,TGT_2022_0289,052423_SEG_CURR_NEXT_00262,1,0.23885108222355164,0.1674544420249813,0.21386225815405202,052423,"◯한국콘텐츠진흥원장 조현래 중소기업 참여되 어 있습니다. ◯황보승희 위원 이 프로젝트 하기 위해서 실감 형콘텐츠진흥위원회 구성을 했는데 여기 산업계의 대부분이 대기업 출신들이었습니다. SK텔레콤, KT, LG유플러스, CJ 이렇게 들어가 있고 언론사들 들어가 있는데요. 실제 이 사업을 할 수 있는 조 건에서 실감형콘텐츠진흥위원회에 참여한 기업은 후에 광화문 프로젝트에 참여하지 못하도록 제한 하고 있습니다. 그런데 이분들이 참여하지 않으셨습니까? 대기 업 컨소시엄 형태로 전부 다 참여하셨지요?",,unreviewed,
CAND_TGT_2024_0005_F7B3A92F,TGT_2024_0005,054622_SEG_PREV_CURR_00331,2,0.3218333066491346,0.0,0.2091916493219375,054622,"◯문화체육관광부장관유인촌 예, 그렇습니다. ◯김윤덕위원 그런데화면한번보시지요. (영상자료를보며) 국립중앙박물관에서광복80주년그리고한일국교정상화60주년기념전을여는데요, 그예산총사업비17억5000만원을비교해보니까한일수교예산은14억5000이고광 복80주년예산은고작3억입니다. 한일수교60주년을기념하고싶은데하필80주년이 끼니까뭔가이렇게명목상으로좀넣어준느낌인데, 어떠신가요?",,unreviewed,
CAND_TGT_2022_0170_0DE2BF76,TGT_2022_0170,052556_SEG_TURN_00698,1,0.028736733775008624,0.17814148038958652,0.0810283950901109,052556,"◯국립국어원장 장소원 예, 그래서 최근에는 발 표하기 전에 일반 국민을 대상으로 수용도 조사 를 먼저 거친 후에 발표하고 있습니다.",,unreviewed,
CAND_TGT_2022_0440_511C5CED,TGT_2022_0440,052493_SEG_TURN_01070,2,0.26130458736982926,0.042055658237023404,0.1845674621733472,052493,"◯김예지 위원 그렇게 하시고, 이런 점을 개선 하시고요. 그래서 이런 점 개선뿐만 아니라 제가 제언을 몇 가지 드리자면 선수 종합적으로 관리할 수 있 는 통합관리시스템 빨리 구축하세요. 이게 첫째고. 그다음에 선수에 대한 맞춤형 지원 이루어질 수 있도록 선수에 대한 경기 종목, 장애 유형 그 다음에 등급분류한 장애 정도별 지원 지침 마련 하시고. 그다음에 아까 말씀드린 대로 같이 일하는, 같 이 훈련하는 비장애인 선수에 대한 지침 마련하 시고. 그다음에 선수가 국가대표 포기하지 않도록, 이런 불이익 당하지 않도록 국가대표 양성 지원 개선방안 마련하시고. 그다음에 장애인 체육 특성인 선수의 진입 연 령 고려한 지원과 함께 학생선수 발굴 양성도 게 을리하면 안 되고. 프로그램 활성화 그다음에 연령이 높은 선수 등이 훈련하는 프로그램 양성도 필요하고요. 그다음에 비인기 종목일지라도 또 비주류인 장 애 유형일지라도 선수 지원과 기회 확대를 위해 서 계속해서 힘을 쓰셔야 되겠고요. 이것 종합",,unreviewed,
CAND_TGT_2022_0332_28E974B8,TGT_2022_0332,052423_SEG_CURR_NEXT_00096,2,0.11946932894296305,0.03198886478913141,0.08885116648912197,052423,◯영상물등급위원장 채윤희 지금 시행령과 시행 규칙을 만들기 위해서 내부 시범추진단을 운영하 고 있고요. 업계들의 간담회를 통해서 업계가 요 구하는 사항들을 면밀히 살피고 있고요. 그다음 에 또 학부모단체나 시민단체나 청소년 기관들과 도 간담회를 통해서 저희가 시행령과 시행규칙을 어떻게 담을 것인지 지금 열심히 준비하고 있습 니다. ◯이상헌 위원 알겠습니다. 그런데 이 법안에 미처 담기지 못한 내용이 있 습니다. 광고 유해성 확인 권한에 대한 규정입니 다. 지금 통과된 내용대로라면 영상물 본편에 대 한 자체등급분류 권한은 사업자가 가지게 되어 있지만 광고선전물에 대한 판단은 영등위가 계속 가지게 됩니다. 즉 본편 광고 심의가 늦어지는 만큼 이용자들의 작품 접근성도 늦어진다는 뜻입 니다. 실질적으로는 모순점이 또 있습니다. 영상물이 청소년이용불가 등급이라고 판정을 한다고 해도 광고까지 청소년이용불가로 만들어지지는 않습니 다. 옥외광고는 사업자가 다양한 연령을 고려해 야 하기 때문에 청소,,unreviewed,
CAND_TGT_2024_0072_C55710D9,TGT_2024_0072,054622_SEG_TURN_00637,1,0.13474349044883213,0.0,0.08758326879174089,054622,"◯임오경위원 아직도결정을못하시는것같아요. 감사할사안이아니라고생각하는것 같아요, 지금장관님의말씀은. 이거혈세8600만원이소요된겁니다. 김건희여사단 한사람만을위한공연을했고, 지금예산을쓴내역도제대로맞는부분이없습니다. 어제보도를통해서이국악공연에초청한문화계인사들을사실상대통령실에서직접 챙겼다는것이밝혀졌어요. 그런데도이공연이시청자들을위한공연이었다라고말하고 있어요. 이시청률은나왔듯이0.0001%입니다. 장관님, 이사안은문체부가KTV를감사를할사안이아니라제가볼때는KTV, 문 체부, 대통령실이함께감사를받아야하는사안이라고저는생각합니다. 도대체왜8600 만원이라는혈세를들여서이런국악공연을준비했어야만했는지, 누가이를주도했는 지감사원감사를통해서명명백백히밝혀질거라고저는생각하고있기때문에굳이장 관님이나서서감사안하셔도될것같습니다. 마지막으로최근에프레스센터구축관련돼서5억9000만원가량을물어냈고경제사절 단위약금등을포함하면총8억6000만원이상으로보고되고있지요? 이거알고계시 지요?",,unreviewed,
CAND_TGT_2024_0502_9E705ED5,TGT_2024_0502,054576_SEG_PREV_CURR_02775,2,0.23935824109159073,0.0,0.15558285670953398,054576,"◯박수현위원 그런측면에서그중에하나문제가됐던것이국가대표선수의공적의 료체계를잘강구하는것이시급하다. 오늘존경하는김윤덕위원님, 조계원위원님께서 도말씀이계셨습니다만이부분을종합정리를해보면이런것같습니다. 어쨌든과학 적이고체계적이고지속적인관리가무엇보다중요하겠지요. 그런데저도오늘사실위 원님들질의를들으면서깜짝놀란것이우리진천국가대표선수촌같은경우에는의과 부분만상주진료서비스를지원하고한의진료는민간의료단체의장비및의료인력협 력을통해서의료지원한다이렇게들었거든요. 그렇습니까? ◯대한체육회장이기흥 예, 현재그렇습니다.",,unreviewed,
CAND_TGT_2020_0412_C34B3A83,TGT_2020_0412,050492_SEG_TURN_01417,2,0.13626677049878047,0.0017154722815409817,0.08917381612274665,050492,"◯임오경 위원 뿌리와 몸통이 지금은 떨어져 있 습니다. 몸통만 있어서는 절대 안 된다라고 제가 예전에도 말씀드렸지만 뿌리와 몸통이 한 군데에 서 함께 할 수 있도록 최고의 환경을 만들어 주 실 수 있도록 노력해 주시기 바랍니다. 또한 작년에는 체육진흥공단 30주년 기념이었 고요, 올해는 대한체육회 100주년입니다. 작년에 2019년 저희가 100회 전국체전을 맞이했습니다.",,unreviewed,
CAND_TGT_2022_0331_D21220DB,TGT_2022_0331,052423_SEG_CURR_NEXT_01407,2,0.0716065468790347,0.12540924035358908,0.09043748959512873,052423,"◯언론중재위원장 이석형 최종적으로는 입법사 항이라고 생각을 합니다마는 더 노력하겠습니다. ◯임오경 위원 그리고 또 하나는 채윤희 위원장 님께 질의할게요. 얼마 전 제 지인이 애니메이션 영화를 보다가 놀랐다고 하면서 저한테 제보가 들어왔습니다. 그 영상을 가지고 있지만 아직 상영되지 않아서 제가 영상을 틀지는 않겠습니다. 아이들이 ‘극장판 짱구’를 보러 왔는데 버젓이 지방흡입 광고가 나오고 15금 영화 예고편도 나 오고 있었어요. 해맑게 살인사건을 묻는 애들 눈 을 가리는 부모님도 계셨습니다. 적어도 아동도 함께 즐길 수 있는 전체관람가 영화의 광고에 대 해서만큼은 간접적인 성행위 묘사, 욕설과 폭력 에 대한 최소한의 권고와 지침은 있어야 하지 않 겠습니까?",,unreviewed,
CAND_TGT_2020_0199_72993061,TGT_2020_0199,050673_SEG_TURN_00100,2,0.014242027527865544,0.15957726047958784,0.06510935906096835,050673,"◯김승수 위원 국민의힘 대구 북구을 국회의원 김승수입니다. 올해는 6.25 70주년입니다. 6.25는 잘 아시 는 것처럼 경찰까지 합치면 우리 국군 희생자만 15만 명 그리고 민간인 100만 명 이상의 사망. 실종자를 냈고 전쟁고아가 10만 명, 1000만 명 이상의 이산가족이 이산의 고통을 겪고 있는 우 리 민족의 굉장한 비극입니다. 역사박물관장님, 6.25와 관련해 가지고, 6.25 의 도발은 누구에 의해서 된 것입니까?",,unreviewed,
CAND_TGT_2022_0028_31336CDA,TGT_2022_0028,052315_SEG_TURN_01339,1,0.1862930409827961,0.0,0.12109047663881746,052315,"◯전재수 위원 이분들이 인력이 되게 부족한데 도 열심히 했습니다, 장관님. 열심히 했다는 건 꼭 좀 인지를 해 주시고요. 현재까지 수집한 소장품 또 관련 용역에 대한 전수조사도 필요해 보이는데 장관님께서 판단을 하셔서 한번 챙겨 봐 주시고 그 결과가 나오면 저희 의원실에도 서면으로 좀 갖다 주시고요. 또 소장품 수집을 잠시 잠깐이라도 중단을 하 고 어떤 전시계획 그다음에 현재 수집품의 정합 성에 대한 평가 그다음에 수집 규정들이 불명확 한 부분들이 있더라고요, 이러한 부분들 또 향후 의 체계적인 구매계획이라든지 이런 부분들을 한 번 챙겨 봐 주시고, 이 부분도 문체부에서 내용 이 정리가 되는 대로 저희 의원실에 제출해 주십 사 하는 당부의 말씀을 드리도록 하겠습니다.",,unreviewed,
CAND_TGT_2022_0211_60E54D6A,TGT_2022_0211,052423_SEG_TURN_01526,1,0.13823199847492612,0.0,0.08985079900870198,052423,◯국제방송교류재단사장 주동원 물론입니다. 저 희가 영어로 하는 방송을 기본으로 하고요. 6개 자막방송을 하고 있습니다. 또 스페인은 현재 새 로운 유튜브 채널을 개설해서 하고 있습니다마는 역시 예산 관계에 봉착되어 있는 그런 상황입니 다.,,unreviewed,
CAND_TGT_2022_0210_71A0526C,TGT_2022_0210,052315_SEG_TURN_00531,1,0.1530706525009743,0.0,0.0994959241256333,052315,◯참고인 김기영 사실 방송 비정규직 노동자들 은 말로만 프리랜서이지 방송사와 제작사에 고용 된 노동자입니다. 제대로 된 근로계약을 체결하 고 근로기준법에 맞게 일을 해야 하는 환경이 만 들어져야 된다고 생각하고 있습니다. 그리고 문체부도 단순히 방송사와 제작사에 제 작비를 지원하고 끝내는 것이 아니라 방송 제작 이 얼마나 합법적으로 이루어지는지 방송 제작을 실제로 하고 있는 인력들이 어떻게 지원을 받고 있는지 확인을 해야 된다고 생각합니다.,,unreviewed,
CAND_TGT_2024_0537_7A804754,TGT_2024_0537,054576_SEG_PREV_CURR_02539,2,0.15419628638875366,0.0,0.10022758615268988,054576,"◯박수현위원 본의원실에서발달장애학생선수들의운동권과학습권을동시에보장 받을수있도록법개정을추진하고있는데저는발달장애등을지닌, 학습에어려움이 있다고판단되는특수교육대상학생은아예예외조항을두어서참가를허용할수있게 끔해야한다이렇게생각하는데마지막으로이에대한장애인체육회장님또장애인체육 회의입장은어떤것입니까? ◯대한장애인체육회장정진완 장애학생체육대회와각종국내대회에우리발달장애 인학생들이참여를하고있기때문에우리학생들이이런대회나최저학력제에서피해 를보지않도록저희도최선의노력을다하도록하겠습니다.",,unreviewed,
CAND_TGT_2022_0128_6005C923,TGT_2022_0128,052556_SEG_TURN_00618,1,0.025232195368118458,0.10245244524335119,0.05225928282444991,052556,◯임종성 위원 경륜.경정 역시 같은 취지에서 매출 총량 조정이 이루어질 필요가 있다고 생각 하고요. 경륜.경정 산업의 경쟁력 강화 및 선수 들의 생계유지를 위해서 향후 위원회에서 총량 증액을 적극적으로 검토해 주실 것을 당부드리겠 습니다.,,unreviewed,
CAND_TGT_2022_0117_F54712BE,TGT_2022_0117,052229_SEG_TURN_00827,1,0.30165877178303147,0.0,0.19607820165897047,052229,"◯이개호 위원 수고 많으십니다. 장관님, 지역체육 관련해서 한 가지 지적을 먼 저 하겠습니다. 지금 지역체육 운영이 엘리트체육과 생활체육이 통합해서 운영이 되고 있습니다. 그러면서 2001년 도부터 도입이 된 생활체육지도자 있지요. 그 제 도가 있는데 생활체육지도자들의 기능이 대단히 활발하게 이루어지고 있지요?",,unreviewed,
CAND_TGT_2020_0436_23107B34,TGT_2020_0436,050492_SEG_CURR_NEXT_01336,1,0.23798911230984687,0.0,0.15469292300140047,050492,"◯유정주 위원 예. 대한장애인체육회 회장님께 질의하겠습니다. 회장님, 대한장애인체육회에서는 무관용 원칙 이 적용되고 있습니까? ◯대한장애인체육회장 이명호 아닙니다.",,unreviewed,
CAND_TGT_2024_0267_63934BA3,TGT_2024_0267,054519_SEG_TURN_00445,2,0.10340839197029772,0.0,0.06721545478069352,054519,"◯김윤덕위원 저자는김진현씨고요, 전대한민국역사박물관건립위원회위원장으로일 을하신분이십니다. 대한민국100년의역사를논의하는데책의시작이1948년입니다. 이게1948년부터시 작되었다이런의도가있는거아닙니까?",,unreviewed,
CAND_TGT_2020_0320_77E76652,TGT_2020_0320,050606_SEG_TURN_00471,1,0.2544224405064185,0.0,0.165374586329172,050606,"◯위원장 도종환 예, 영화진흥위원회요.",,unreviewed,
CAND_TGT_2024_0449_D8F10EDC,TGT_2024_0449,054435_SEG_PREV_CURR_01255,2,0.24909162128508744,0.0,0.16190955383530684,054435,"◯한국저작권위원장강석원 예, 저작권위원회강석원입니다. ◯민형배위원 안무지요?",,unreviewed,
CAND_TGT_2020_0190_D28A77C4,TGT_2020_0190,050308_SEG_CURR_NEXT_00185,1,0.32382918864267946,0.0,0.21048897261774166,050308,"◯전용기위원 예, 맞습니다. 한나라의표준으 로정한말로서우리나라에서는교양있는사람 들이두루쓰는현대의서울말로정의하고있습 니다. 이것은굉장히권위주의에서나온사상이 아닌가, 왜냐하면교양있는사람들을특정하고 이지역에서사용하는말이야말로표준어라고지 정하는것은굉장히문제가있다고봅니다. 사실이것을처음에만들었을때해설서를보 면, 지금은원장님께서바꿔주셨습니다만이표 준어규정을만들때이구절의또하나의의미 는앞으로는표준어를...... (발언시간초과로마이크중단) (마이크중단이후계속발언한부분) 사용하지못하면교양없는사람이된다는것을 강조하기위함이다라는이런용어해설이있었거 든요. 원장님께서바꿔주셨지만이해설만바꾸실 게아니고표준어규정자체를현실에맞게끔조 정을해야되는것아닌가이런질문을드립니 다. ◯국립국어원장 소강춘 일단 표준어 규정은 1930년대에만들어졌고요, 맨처음에. 그때는중 류층이라고기준을잡았습니다. 중류층이라고기 준을잡다보니까표준어를사용하지않는사람 이‘나는상류층이야’라고말하면빠져나갈수있 는길이있다고생각이됐고요. 유럽에서잡고 있는기",,unreviewed,
CAND_TGT_2020_0159_A99F8162,TGT_2020_0159,050615_SEG_CURR_NEXT_00602,1,0.08031801533563712,0.0,0.05220670996816413,050615,"◯박정 위원 한 가지 또 질책 사항이 있습니다. 지금 관광업계가 어렵지요. 여행업 소비지출액 이 90% 수준으로 감소했지요? ◯한국관광공사사장 안영배 예, 맞습니다.",,unreviewed,
CAND_TGT_2024_0284_13708975,TGT_2024_0284,054519_SEG_TURN_00985,2,0.4971712299960587,0.0,0.32316129949743816,054519,◯국립현대미술관장김성희 맞습니다.,,unreviewed,
CAND_TGT_2020_0004_BA16C11E,TGT_2020_0004,050350_SEG_TURN_00217,2,0.156329640631872,0.0,0.1016142664107168,050350,◯유정주 위원 절반에 가깝습니다. 이번 코로나 19로 인해서 개인이나 단체가 경제적으로 큰 어 려움을 겪고 있다고 들었는데요. 그 피해상황 조 사해 보셨나요?,,unreviewed,
CAND_TGT_2022_0362_635CB922,TGT_2022_0362,052423_SEG_CURR_NEXT_00820,1,0.11483923764313896,0.12206172252423853,0.11736710735152381,052423,"◯이개호 위원 집에서 모니터링을 하면서 관리 를 하는 모양이지요? ◯게임물관리위원장 김규철 예, 그렇습니다.",,unreviewed,
CAND_TGT_2022_0272_81021945,TGT_2022_0272,052364_SEG_TURN_00943,1,0.09994177748495119,0.0,0.06496215536521828,052364,"◯한국문화예술교육진흥원장박은실 스포츠강사 같은경우는학교에서직접고용하는기간제계 약근로자이고저희같은경우는초단시간근로 자여서60시간이내의계약을하도록되어져있 습니다. 지금3대보험은가입이되어져있고요. 가입 되지않고있는건강보험이문제가되고있는데, 건강보험같은경우는사실150만초단기간근로 자들이모두같은기준을적용받고있어서저희 예술강사만따로적용하기에는좀어려움이있다 는말씀을드리지만앞으로예술강사처우개선을 위해서지속적으로노력하도록하겠습니다.",,unreviewed,
CAND_TGT_2022_0323_F120FF0E,TGT_2022_0323,052423_SEG_TURN_00007,1,0.059284510024825876,0.05157614041923764,0.05658658066286999,052423,"◯영화진흥위원장 박기용 안녕하십니까, 영화진 흥위원회 위원장 박기용입니다. 존경하는 문화체육관광위원회 홍익표 위원장님 과 여러 위원님들을 모시고 2022년도 정기국회 국정감사 업무보고를 진행하게 되어 매우 뜻깊게 생각합니다. 한국 영화계 종사자들은 코로나 발생 이후 힘 든 시간을 견뎌 내고 있습니다. 영화진흥위원회 는 이러한 상황을 심각하게 인식하고 2022년에는 포스트 코로나 시대에 발맞춘 산업 변화 도모, K-무비 지속 성장을 견인하기 위한 경쟁력 확 보, 독립영화 등 취약분야 지원, 국민문화권 보장 을 위한 정책 강화를 주요 과제로 삼았습니다. 먼저 장기화된 팬데믹으로 위축된 민간 투자를 촉진하기 위해 총 350억 원을 영화전문투자조합 에 출자하여 다양한 중저예산 영화가 제작될 수 있는 기반을 조성하였습니다. 또한 독립예술영화 생태계 활성화를 위해 독립 예술영화 제작, 전용관 운영을 지원하였습니다. 더불어 장애인 전용 한글자막.화면해설 콘텐츠 를 제공하고 청소년 영화교육을 실시",,unreviewed,
CAND_TGT_2020_0151_47DA49C8,TGT_2020_0151,050615_SEG_CURR_NEXT_00431,2,0.09736096894876406,0.0,0.06328462981669664,050615,"◯이상직 위원 제2의 BTS, 게임업체들 이런 것 들을 발굴을 하셔야 된다 이렇게 말씀합니다. 관 광거점도시에 우선적으로 관광센터를 예산을 따 가지고 확보를 하셔라 이 말씀이고요. ◯한국관광공사사장 안영배 예, 알겠습니다.",,unreviewed,
CAND_TGT_2024_0285_0133CF06,TGT_2024_0285,054345_SEG_TURN_00119,2,0.23087690936698027,0.0,0.1500699910885372,054345,◯한국정책방송원장이은우 맞습니다.,,unreviewed,
CAND_TGT_2020_0333_DFAC4432,TGT_2020_0333,050606_SEG_CURR_NEXT_01523,1,0.2638915644347608,0.0,0.17152951688259452,050606,◯영화진흥위원장 오석근 우선적 제도적으로 그 시스템이 받쳐 주기를 저희는 지금 바라고 있는 것이고요. ◯전용기 위원 문체부에서는 올해 포스트 봉준 호법을 만들겠다는 취지에서 업무보고에서 스크 린 상한제와 배급 및 상영 겸업 금지를 도입하겠 다고 밝혔습니다. 혹시 영화진흥위원회에서 이 부분은 어떻게 보시는지요?,,unreviewed,
CAND_TGT_2022_0141_6C65509C,TGT_2022_0141,052493_SEG_CURR_NEXT_00644,1,0.29787524269012705,0.0,0.1936189077485826,052493,◯대한장애인체육회장 정진완 당연직으로 되어 있습니다. ◯이용호 위원 그런데 장애인체육회 산하에 비 장애인 이런 축구단이 있는 사례가 있습니까?,,unreviewed,
CAND_TGT_2022_0261_F1F0D3B8,TGT_2022_0261,052364_SEG_PREV_CURR_01252,2,0.12267186011028397,0.19899095933056016,0.14938354483738064,052364,"◯(재)국악방송사장백현주 발언기회를주셔서 감사합니다. 지금현재K-컬처의현주소는K-팝, K-드라 마, K-무비에대해서전세계가열광하고있습 니다. 그런데한류가시작됨과동시에문화는물 과같아서추격자가있었고또그것을어떻게하 면격차를벌릴까고민하고있었습니다. 그런데 그고민의원천을어디서해결할까를했을때저 희는전통문화와국악에서많은원천소스를찾 았었고요. 그런데그럼에도불구하고국악은발전해야된 다또여러가지우리K-컬처의중심이다, 뿌리 다라고하면서도지원이미미한것이현실입니 다. 국악이좋아서, 전통문화가좋아서지키고자 하시는분들이투잡, 쓰리잡을뛰면서열악한 환경에서하지않으시도록국악방송이국악에대 한문턱을낮추고저변확대를할수있도록최 선을다하겠습니다. 그런데한가지더말씀드리고싶은것은, 창 작자들을지키고저변확대를하기위해서는방 송에서양질의콘텐츠를만들어야합니다. 그런 데저희직원들의처우상황을보니까상당히열 악했습니다. 여러위원님들의많은관심을부탁 드리겠습니다. ◯위원장홍익표 감사합니다. 다음은 한국예술인복지재단 박영정 상임이사 님.",,unreviewed,
CAND_TGT_2022_0263_4D4A7E40,TGT_2022_0263,052229_SEG_TURN_00776,2,0.07450441440330194,0.0,0.04842786936214626,052229,"◯문화체육관광부장관 박보균 그것 하나만 말씀 드리겠습니다. 예술인에 대해서 경고하지 않습니다. 예술인의 표현의 자유, 창작의 자유는 어느 과거 때보다 보장을 하고 있습니다. 저는 진흥원이 정치로 오 염된 순수한 학생......",,unreviewed,
CAND_TGT_2020_0097_E9E2E9D1,TGT_2020_0097,050430_SEG_TURN_00433,1,0.20873276754125256,0.0,0.13567629890181418,050430,"◯김예지 위원 그동안 초중고 교육자료 저작권 문제는 불완전한 상태로 방치됐었는데요. 대학수 업 목적의 저작물에 대한 저작물 보상금 규정은 있었지만 초중고 수업 목적의 저작물은 코로나19 로 인해서 저작물 이용이 급증하면서 권리자들의 보상금 확대 요구가 커지자 보상금제도 도입이 문제되고 있습니다. 선생님들은 수업 목적으로 저작물을 이용하면 서 추후 문제가 될 수 있어서 불안감을 호소하고 있고요. 또 저작권자들은 지적재산권이 제한 없 이 사용되는, 아까 말씀하셨듯이, 그런 데 불만이 커지고 있는 상황입니다. 지금까지는 법적 문제 제기가 없었으나 원격수업 증가에 따라 저작권자 들의 요구와 문제 제기도 강해질 것으로 보입니 다. 문체부는 교육부에서 초중고 저작물 사용 관련 실태조사 결과에 따라 수업 목적 보상금 지급 문 제를 재검토할 예정이라는 입장으로 알고 있는데 요. 어떤 방향으로 재검토한다는 건지 질의 끝나 고 설명 부탁드리겠습니다.",,unreviewed,
CAND_TGT_2024_0465_27700CB4,TGT_2024_0465,054345_SEG_PREV_CURR_02261,2,0.2751533242031584,0.0,0.17884966073205297,054345,"◯한국언론진흥재단이사장김효재 속하지않지요. ◯임오경위원 안속하지요? 정부광고지원센터운영관리지침상대강의실을사용할수있는단체는정부광고관련 기관및단체, 학회등으로한정되어있습니다. 맞지요?",,unreviewed,
CAND_TGT_2022_0105_E6A9634B,TGT_2022_0105,052229_SEG_CURR_NEXT_00858,2,0.20768329309476924,0.0,0.1349941405116,052229,"◯김예지 위원 국민의힘 김예지입니다. 장관님, 장애예술인지원법 제10조가 혹시 뭔지 아시나요? 모르시지요? ‘국가와 지방자치단체가 영화 및 방송 등 문화 예술활동에 장애예술인 참여를 확대시키기 위해 노력해야 한다’고 명시되어 있는 조항입니다. 그런데 실태조사를 확인해 보면 대다수의 문화 예술 장르에 진출해서 이미 활동하고 계시는 분 들이 있는데 영화.방송.연예 분야에서는 2%도 미치지 못한 것으로 나타났습니다. 그래서 지원법에도 있는 만큼 또 요즘에 다들 잘 아시겠지만 ‘이상한 변호사 우영우’ 그리고 ‘우리들의 블루스’ 이런 것을 통해서 장애 이슈들 이 대두되고 있는데요. 특히나 ‘우리들의 블루스’ 같은 경우에는 장애 당사자인 배우가 직접 등장 합니다. 발달장애인 배우와 또 청각장애인 배우 가 직접 연기를 하는데요. 이런 점을 더 높이 삽 니다. 그리고 사실 장애인이 아닌 배우가 장애인 연기를 하는 것은 크리핑 업(cripping up)이라고 해서 좋지 않은 평론가들의 비평도 있고 ",,unreviewed,
CAND_TGT_2020_0436_F060354F,TGT_2020_0436,050492_SEG_PREV_CURR_01337,2,0.23798911230984687,0.0,0.15469292300140047,050492,"◯유정주 위원 예. 대한장애인체육회 회장님께 질의하겠습니다. 회장님, 대한장애인체육회에서는 무관용 원칙 이 적용되고 있습니까? ◯대한장애인체육회장 이명호 아닙니다.",,unreviewed,
CAND_TGT_2024_0591_100EED51,TGT_2024_0591,054345_SEG_CURR_NEXT_00348,2,0.20179389800378716,0.0,0.13116603370246166,054345,"◯조계원위원 그리고도박관련해서청소년상담, 그리고상담도문제지만치유프로 그램이2017년, 2018년에개발된두가지뿐인것같은데요? ◯한국도박문제예방치유원장신미경 그이후에도사실은치유프로그램이개발이되고 있고요. 지금청소년같은경우에는굉장히급증을많이하고있는데저희가일단내담을하시 게되면도박의수준이나정도를좀파악을해서단계별로프로그램을적합하게맞춤형 으로하고있습니다만워낙청소년들이많고또재발률이높다보니까그적절한서비스 를하기위해서는더많은프로그램이개발돼야되는것은맞습니다.",,unreviewed,
CAND_TGT_2020_0172_E2F6A7D8,TGT_2020_0172,050492_SEG_TURN_01021,1,0.1474254941109339,0.0,0.09582657117210704,050492,◯이상헌 위원 민간 토토권의 위탁구조 개선을 위한 연구용역을 한번 해 보십시오. 그래서 일반 사람들이 수긍할 수 있는 대책을 강구하기 바랍 니다.,,unreviewed,
CAND_TGT_2022_0248_5CAFEB1A,TGT_2022_0248,052315_SEG_TURN_00228,1,0.23162868390696292,0.07133250265293539,0.1755250204680533,052315,◯김승수 위원 특별회원 권한이 축소된 게 아니 고 전임 대표가 쫓겨났습니다. 쫓겨난 경위를 보면 보시면 전격적으로 권한 축 소를 시도하는 과정에서 국무조정실의 감사가 실 시됩니다. 그리고 또 바로 이어서 문체부의 감사 가 또 이어집니다. 그러고 나서 전격적으로 주주 총회 의결을 거쳐서 해임을 시킵니다. 좀 이상하다 생각되지 않습니까?,,unreviewed,
CAND_TGT_2024_0244_1A723130,TGT_2024_0244,054519_SEG_CURR_NEXT_00514,1,0.4922248734073282,0.4244093388103466,0.4684894362983846,054519,"◯국립중앙박물관장김재홍 예, 두번째패널에서나오는한자원점표기라든지, 그리 고좀더말씀드리자면저희어플에서발해가고구려를계승한나라라는것을영어, 중 국어, 일본어, 베트남어까지소개하고있습니다. 그렇지만제일중요한개관패널에서빠 진부분에대해서는저희들이조속하게마치는즉시수정해서왜...... ◯배현진위원 영어, 중국어, 일어모든패널에정확히‘발해는고구려를계승한나라’, ‘고구려의정신을이어받은나라’라는원래한국어본에있는설명반드시제대로달기를 바라겠습니다.",,unreviewed,
CAND_TGT_2022_0456_89B9C7AD,TGT_2022_0456,052493_SEG_PREV_CURR_01394,2,0.35136349143560563,0.24467444584950465,0.31402232548047027,052493,"◯태권도진흥재단이사장 오응환 예. ◯유정주 위원 만약 재단과 태권도원의 인지도 상승과 활성화 방안 등이 마련된 것이 혹시 있나 요, 계획되고 있는 것이?",,unreviewed,
CAND_TGT_2020_0173_EDBBE0AA,TGT_2020_0173,050606_SEG_PREV_CURR_00608,2,0.1741152413465704,0.0,0.11317490687527075,050606,"◯김승수 위원 직장 내 괴롭힘으로 상당히 고통 을 받았을 텐데 여기에 계시는 위원장님이나 사 무국장이나 간부진들은 어떤 배려나 조치를 했습 니까, 아니면 거의 방관하거나 동조했다고 생각 을 하십니까? ◯증인 장서희 제가 올해 2월 20일에 신고를 했 는데 저는 사측으로부터 그 어떤 이야기조차 들 어본 적이 없고 제가 몇 번을 요구해서 가해자와 의 분리조치만을 겨우 받았습니다. 그리고 직장 내 괴롭힘 조사 결과가 나왔음에도 불구하고 저 에 대한 연락은 그 역시 단 한 번도 없었고 가해 자 말만 듣고 직장 괴롭힘이 외부 조사, 특히 국 가인권위원회 조사관 출신의 외부위원이 조사를 했음에도 불구하고 오석근 위원장께서 이러한 직 장 괴롭힘 인정 결과를 인정하지 못하겠다고, 불 복을 하겠다고 해서 제가 퇴직하기 전까지 아무 런 징계가 이루어지지 않았습니다.",,unreviewed,
CAND_TGT_2020_0034_9303AF9E,TGT_2020_0034,050606_SEG_TURN_00253,1,0.0,0.1847527987788082,0.06466347957258287,050606,◯이병훈 위원 지금 현재는 모든 캐스팅 권한이 예술감독이 공개적으로 하지 않잖아요. 캐스팅을 비공개로 하잖아? 그렇지요?,,unreviewed,
CAND_TGT_2024_0535_F5B85B24,TGT_2024_0535,054345_SEG_PREV_CURR_00363,2,0.14553934321808112,0.0,0.09460057309175274,054345,"◯조계원위원 다음PPT 부탁드립니다. 청소년불법도박의유형별이용현황을보면앞서설명드렸듯이토토, 체육진흥투표권 의토토이쪽에서지금온라인카지노도박에압도적으로청소년들이빠져들고있고이것 은앞서얘기했던스마트폰의즉시성이나, 즉시응답이되고이런부분들때문에강화되 고있다고보는데이것들이더강한중독을유발하는것같아요. ◯한국도박문제예방치유원장신미경 예, 그렇습니다.",,unreviewed,
CAND_TGT_2022_0149_143EA479,TGT_2022_0149,052556_SEG_TURN_00147,1,0.2922237389005881,0.1902619118932968,0.25653709944803615,052556,◯문화체육관광부관광산업정책관 김상욱 위원님 께서 관광정책국장을 지목하셨는데 사실은 키즈 카페는 관광산업정책관 소속입니다. 그래서 제가 대신 답변을 드리겠습니다.,,unreviewed,
CAND_TGT_2020_0188_E2F6A7D8,TGT_2020_0188,050492_SEG_TURN_01021,1,0.08836057555045282,0.0,0.05743437410779433,050492,◯이상헌 위원 민간 토토권의 위탁구조 개선을 위한 연구용역을 한번 해 보십시오. 그래서 일반 사람들이 수긍할 수 있는 대책을 강구하기 바랍 니다.,,unreviewed,
CAND_TGT_2022_0024_EB4A1E25,TGT_2022_0024,052423_SEG_TURN_01086,2,0.11074772733011118,0.0,0.07198602276457226,052423,◯세종학당재단이사장 이해영 예.,,unreviewed,
CAND_TGT_2022_0234_ABD95D7D,TGT_2022_0234,052423_SEG_TURN_00275,1,0.4004018930377597,0.0,0.2602612304745438,052423,"◯한국문화관광연구원장직무대행 류광훈 예, 알 겠습니다.",,unreviewed,
CAND_TGT_2022_0092_15197E0A,TGT_2022_0092,052229_SEG_CURR_NEXT_00218,1,0.24466181899911277,0.1335490824414644,0.20577236120393586,052229,"◯황보승희 위원 국민의힘 부산 중구영도구 황 보승희 위원입니다. 오늘 전국학생만화공모전에 대해서 여야 위원 님들 많이 질의를 하고 계신데 이 부분을 저는 이렇게 생각합니다. 전국학생만화공모전 계획안, 당초에 이건 한국만화영상진흥원에서 문체부에 제출한 자료이지요. 맞습니까, 장관님? ◯문화체육관광부장관 박보균 예, 그렇습니다.",,unreviewed,
CAND_TGT_2022_0503_63F30FAF,TGT_2022_0503,052556_SEG_TURN_00211,1,0.10706352882479364,0.0,0.06959129373611588,052556,◯한국관광공사부사장겸관광디지털본부장 신상용 개인정보법에 의거해서 저희가 개인 동의를 받을 때 사용자 동의......,,unreviewed,
CAND_TGT_2020_0321_677F68FE,TGT_2020_0321,050606_SEG_TURN_00009,1,0.06131073579094837,0.011062396441545394,0.04372381701865733,050606,"◯영화진흥위원장 오석근 안녕하십니까? 영화진흥위원회 위원장 오석근입니다. 존경하는 문화체육관광위원회 도종환 위원장님 과 여러 위원님들을 모시고 2020년도 정기국회 국정감사 업무보고를 진행하게 되어 매우 뜻깊게 생각합니다. 2020년은 여러모로 한국 영화계에서는 잊을 수 없는 해입니다. 봉준호 감독이 ‘기생충’으로 칸 국제영화제와 할리우드 아카데미 시상식에서 작 품상을 동시에 수상하며 한국 영화 100년의 쾌거 를 널리 알린 직후 코로나19라는 전무후무한 팬 데믹 상황을 맞게 되었습니다. 2020년 10월 5일 기준 영화 상영관 입장권 매 출액은 전년 대비 77% 급감한 4380억 원이며 영 화 제작 및 개봉이 중단되거나 연기되어 발생한 피해금액은 121편, 총 241억 원 규모입니다. 기쁨 은 탄식으로 바뀌었고 희망의 미래를 꿈꾸던 영 화인들은 하나둘씩 영화 현장을 떠나고 있습니 다. 우리 한국 영화인들은 참으로 힘든 시간을 견디어 내고 있습니다. 영화진흥위원회는 코로나19로 위기",,unreviewed,
CAND_TGT_2022_0270_16F1C625,TGT_2022_0270,052364_SEG_TURN_01269,2,0.26338749752520346,0.0,0.17120187339138226,052364,"◯국립발레단장겸예술감독강수진 계속발전하 는국립발레단, K-댄스가될수있도록항상노 력하겠습니다. 많은관심부탁드립니다. 감사합니다.",,unreviewed,
CAND_TGT_2022_0201_4DF2F87B,TGT_2022_0201,052556_SEG_TURN_00318,1,0.39766750547877133,0.0,0.25848387856120136,052556,◯국립아시아문화전당장 이강현 그렇습니다.,,unreviewed,
CAND_TGT_2022_0261_6877A4A7,TGT_2022_0261,052364_SEG_TURN_01252,1,0.31508309644316146,0.42823924954761816,0.3546877500297213,052364,◯위원장홍익표 감사합니다. 다음은 한국예술인복지재단 박영정 상임이사 님.,,unreviewed,
CAND_TGT_2024_0580_541C808B,TGT_2024_0580,054345_SEG_TURN_01415,1,0.0,0.3887606585077246,0.1360662304777036,054345,"◯강유정위원 이거예요, 현장방문. 누가현장방문하기에현장방문관련이에요, 관련?",,unreviewed,
CAND_TGT_2020_0461_8E7B75AA,TGT_2020_0461,050615_SEG_TURN_00762,1,0.33086293433788094,0.0,0.21506090731962263,050615,"◯이용 위원 나중에 답변시간을 드리겠습니다. 보면 아까 사장님께서 수기라고 말씀하셨는데 문화관광해설사 관리시스템에 등록된 164개 지자 체의 관리시스템 접속실적은 굉장히 부끄러울 정 도입니다. 곡성군의 경우에는 2018년 2월 13일 등록 이후 에 현재까지 단 두 차례만 접속되어 있고 마지막 접속일도 18년 5월 17일에 멈춰 있습니다. 관리시스템에 등록된 164개의 지자체 중 접속 수가 10차례 이하인 지자체가 49곳, 약 29%에나 달합니다. 또한 관리시스템에 문화관광해설사 활동기록을 입력한 지자체는 겨우 46곳에 불과하고, 등록된 기록조차 엉망입니다. 사장님, 이러한 이유가 도대체 왜 발생하는 겁 니까? 간략하게만 얘기해 주십시오, 시간이 좀 부족 해서요.",,unreviewed,
CAND_TGT_2020_0222_30F49F5D,TGT_2020_0222,050615_SEG_TURN_01188,2,0.38752523457079313,0.0,0.25189140247101555,050615,◯사행산업통합감독위원장 심덕섭 예?,,unreviewed,
CAND_TGT_2022_0180_A791429B,TGT_2022_0180,052280_SEG_CURR_NEXT_00691,2,0.04627223938876782,0.1378655695596784,0.07832990494858652,052280,◯임오경 위원 앞으로 또 예산이 필요하면 기재 부한테 예비비로 받을 게 아니라 정식으로 예산 안에 담아서 절차를 밟아서 국민의 대표인 국회 에 보고하고 진행해 주실 겁니까? ◯문화재청장 최응천 그렇게 하도록 노력할 겁 니다.,,unreviewed,
CAND_TGT_2022_0411_8008E002,TGT_2022_0411,052493_SEG_CURR_NEXT_01324,2,0.1932340304470748,0.0926219113732906,0.15801978877125034,052493,"◯임오경 위원 또 한 가지 질의하겠습니다. 수탁사업자는 구매환급제한자관리시스템을 통 하여 이들을 관리하고 있는데 여전히 주최 단체 관계자들의 등록률이 100% 미만인 단체들이 있 습니다. 이것 보고받으셨습니까? ◯서울올림픽기념국민체육진흥공단이사장 조현재 예, 받았습니다.",,unreviewed,
CAND_TGT_2024_0269_9C092F71,TGT_2024_0269,054519_SEG_CURR_NEXT_00467,1,0.2854811753576385,0.0,0.18556276398246505,054519,"◯김윤덕위원 관장님께, 그것대책이아니에요. 이런책이다시는출간되지않도록사 전에꼼꼼하게제대로많은사람들의의견을들어서역사박물관의이름으로나가는책에 대한발간검열시스템, 점검시스템―표현이―저는필요하다고생각하고요. 두번째로는이미이발간된책을어떻게할지에대한대책이있어야됩니다. 저는수 거해야한다고생각합니다. 제가이걸놓쳤다고해서관계공무원징계해야된다, 심의위 원들다교체해야된다이렇게까지하지는않겠지만저는최소한이책을다수거해야 된다이렇게생각합니다. 어떻게생각하세요? ◯대한민국역사박물관장한수 논란이되는부분과독도표기등은반드시수정이필요 하고, 현재우리박물관에서홈페이지를통해e-북으로서비스하고있는부분은바로수 정을하고또한다른부분도저자와협의를통해빨리수정하도록하겠습니다.",,unreviewed,
CAND_TGT_2022_0342_A24B2656,TGT_2022_0342,052423_SEG_TURN_01350,2,0.14817213621825312,0.25093611433102936,0.1841395285577248,052423,◯게임물관리위원장 김규철 P2E 게임하고 메타 버스 기반의 게임은 성격이 좀 다릅니다만 P2E 만 집어서 얘기하자면 저희가 이미 작년부터 등 급분류 거부를 하고 있고 사행성 문제로 그와 관 련해서 송사 중에 있습니다.,,unreviewed,
CAND_TGT_2020_0089_619821F0,TGT_2020_0089,050606_SEG_PREV_CURR_00636,1,0.5077136751634695,0.0,0.3300138888562552,050606,◯유정주 위원 한국만화영상진흥원장님. ◯위원장 도종환 만화영상진흥원장님께 하시겠 습니까?,,unreviewed,
CAND_TGT_2024_0414_6526AFDC,TGT_2024_0414,054576_SEG_CURR_NEXT_02983,2,0.11223616619031107,0.0,0.0729535080237022,054576,"◯진종오위원 그러면법률자문의뢰한결과보면, 회장님의연임을위한법률자문이 여러건발견돼서이것을말씀드립니다. (영상자료를보며) 요청서, 자료보이시지요? ◯대한체육회장이기흥 예.",,unreviewed,
CAND_TGT_2022_0081_0ACD26BA,TGT_2022_0081,052229_SEG_CURR_NEXT_01048,1,0.2741065632991815,0.0,0.17816926614446796,052229,"◯위원장 홍익표 임오경 위원님 수고하셨습니 다. 다음은 이용 위원님 질의해 주시기 바랍니다. ◯이용 위원 국민의힘 이용 위원입니다. 문체부는 지난 2020년 지역기반형 음악창작소 조성 공모사업에 인천시와 경주시를 선정하여 각 각 국비 보조금 10억 원씩을 교부했습니다. 그중 인천 음악창작소는 부평 미군기지 캠프마켓에서 지난달 시범운영을 시작했는데 캠프마켓 부지를 놓고 지역주민들의 갈등이 심해서 정상적으로 운 영이 불가피한 상황입니다. 지난 5월 박남춘 전 시장이 캠프마켓 공원조성 기본계획을 수립하겠다고 나서면서 인천 음악창 작소 철거 가능성까지 제기되고 있고 그리고 문 체부를 통해서 투입된 국비 10억 원은 지금 증발 된 셈입니다. 장관이 이 상황을 알고 있을 거라 고 저는 생각합니다. PT를 보시지요. (영상자료를 보며) 공모사업 신청 당시 상황을 보니까 인천시는 음악창작소 조성사업 시설을 확보하지 않고 캠프 마켓의 토지오염, 환경정화 문제로 바로 사업을 진행할 수 없는 상황이었습",,unreviewed,
CAND_TGT_2024_0473_340DA643,TGT_2024_0473,054435_SEG_TURN_00578,1,0.1962527380784442,0.0,0.12756427975098875,054435,◯한국저작권보호원장박정렬 저작권보호원장......,,unreviewed,
CAND_TGT_2022_0392_CA08F002,TGT_2022_0392,052493_SEG_PREV_CURR_00156,2,0.18724021922856526,0.23729398276588087,0.20475903646662574,052493,"◯임종성 위원 대한체육회는 지난해와 올해 진 행된 컨디셔닝팀 운영과 관련해서 자체감사를 실 시하시고 발견된 문제들에 대해서는 필요한 조치 더불어 컨디셔닝팀 운영 지원이 보다 공정하게 이루어질 수 있도록 개선 방안을 마련해 주십시 오. ◯대한체육회장 이기흥 예, 그렇게 하겠습니다.",,unreviewed,
CAND_TGT_2022_0236_5553F01E,TGT_2022_0236,052423_SEG_CURR_NEXT_01537,2,0.18397637619036802,0.02736450231061199,0.12916222033245342,052423,"◯위원장 홍익표 아울러서 지방문화 활성화를 위해서, 예를 들면 일본 같은 경우나 해외에 보 면...... 일본도 교토, 오사카 등을 묶어서 일종의 간사이 지역에 약간 거대 문화관광권을 하나 만 들잖아요. 예를 들면 우리도 경주나 울산 또는 부산 등을 묶어서 하거나 또 호남지역 같은 경우 는 백제문화권하고 여수지역의 해양문화권을 문 화관광권으로 묶어서 하는 이런 프로그램 활성화 를 관광연구원에서 좀 연구해서 지방자치단체에 도움이 될 수 있는 그런 연구가 있었으면 어떨까 싶습니다. ◯한국문화관광연구원장직무대행 류광훈 예, 저 희도 적극적으로 노력하겠습니다.",,unreviewed,
CAND_TGT_2024_0020_97154306,TGT_2024_0020,054235_SEG_TURN_00736,2,0.32266719584387266,0.0,0.20973367729851725,054235,"◯조계원위원 여수시을지역조계원위원입니다. 학교예술강사지원사업에대해서질의할게있는데요. 학교예술강사지원사업은연극, 국악등8개분야별예술강사를학교에파견해서학생 예술감수성과적성개발을위한학교예술교육을지원해온사업입니다. 이사업은문화 체육관광부가주관하고교육청이협조하는사업형태로진행이돼왔는데요. 최근그예 산이급격하게삭감되면서이사업자체의존폐위기까지거론되고있는실정입니다. 한국문화예술교육진흥원의박은실원장님나오셨습니까? 지난25년동안진행해온학교예술강사지원사업이지금최대위기에봉착해있습니 다. 현재위기의가장큰문제는무엇이라고생각하십니까?",,unreviewed,
CAND_TGT_2020_0027_D9E033AA,TGT_2020_0027,050308_SEG_TURN_00330,2,0.11613945449980395,0.0,0.07549064542487258,050308,"◯문화체육관광부장관박양우 예, 신규사업들이 꽤저희들이만든......",,unreviewed,
CAND_TGT_2022_0165_D4FE9FA1,TGT_2022_0165,052364_SEG_CURR_NEXT_00415,1,0.20437453144486561,0.0,0.13284344543916266,052364,◯이병훈위원 그렇게말씀하시면안되고. 수장고는일반인이접근할수없는곳이니까 보험가입을하지않은것그것은이해가됩니 다. 그런데수장고밖에나와서전시중인작품 에대해서보험가입하지않는게뭐대단한일 이에요? 그것은노력을하셔야지. 그것은잘못된 생각이지요. 우리박물관에있어서4대국보도난사건아 시지요? 몰라요? 부임한지가오래...... 오래안됐지요? ◯국립중앙박물관장윤성용 박물관의4대국보 도난사건......,,unreviewed,
CAND_TGT_2022_0276_1F63AD1F,TGT_2022_0276,052229_SEG_TURN_00650,2,0.11681835085057826,0.13868191072351274,0.12447059680610532,052229,"◯임종성 위원 아, 그런 거예요? 그 답변은 장관님께서 서면답변해 주시고요. 차관님, 올해 문체부가 관리하는 정부미술은행 에서 장애예술인 작품을 몇 점이나 구매했는지 알고 계세요? 2014년에 장애예술인 아트페어에서 구입한 이후 장애예술인 미술품 구입은 사실상 없다고 합니다. 현재 정부미술은행 규정상 장애예술인 작품을 구입할 수 있는데도 안 하고 있는 겁니까, 아니 면...... 문체부가 진짜 의지가 있다면 이런 부분 부터 개선해야 되는 것 아닌가 생각되고요. 본 위원은 장애예술품 구입은 법과 원칙 아래 해야 한다고 다시 한번 강조하겠습니다. 이 점을 유념하셔서 내년에 시행되는 장애예술품 우선구 매제도가 잘 시행될 수 있도록 만전을 기해 주시 기 바라겠습니다.",,unreviewed,
CAND_TGT_2022_0467_F449356D,TGT_2022_0467,052556_SEG_TURN_00137,1,0.21779690767049212,0.0,0.14156798998581988,052556,"◯황보승희 위원 이 사업의 목적, 필요성...... 슬라이드 다음 페이지 넘겨 주세요. 이 사업의 목적을 보면 지역 내 유동인구 유입 촉진, 활력을 증가시켜 지방소멸 완화를 한다 이 게 있습니다. 그런데 이 사업 대상자를 선정할 때 당초 사업 목적을 달성할 수 있을지 제가 의 문이 드는 것이 사업을 평가하는 데 있어서는 지 방소멸 완화에 대한 항목이 전혀 들어 있지 않거 든요. 특화도시 공모.선정에 보면 단순히 야간관광 콘셉트를 가진 지역인프라를 갖춘 지자체를 대상 으로 한다 이렇게 되어 있습니다. 당초 목적을 좀 살리려면...... 지금 선정 절차 과정을 보면 사 업계획을 제출하고 서면평가를 하고 현장에서 발 표 평가를 하고 최종 선정을 하는데요. 제가 서면평가 항목과 현장에서의 발표, 현장 평가 내용을 다 살펴봤지만 그 어디에도 지방소 멸이 되는 지역에 대해서 뭔가 이런 지원사업을, 야간관광 활성화를 통해 지역에 인구 유입을 하 겠다, 그런 것을 목적으로 한다는 내용이 전혀 반영",,unreviewed,
CAND_TGT_2020_0346_462D8544,TGT_2020_0346,050606_SEG_PREV_CURR_01546,2,0.40840486162070316,0.0,0.26546316005345705,050606,◯김예지 위원 다시 게임물관리위원회 위원장님 말씀드립니다. ◯게임물관리위원장 이재홍 예.,,unreviewed,
CAND_TGT_2020_0213_DEF8FE32,TGT_2020_0213,050615_SEG_PREV_CURR_00627,2,0.26327678055492804,0.0,0.17112990736070324,050615,"◯사행산업통합감독위원장 심덕섭 예. ◯임오경 위원 화면 보시지요. (영상자료를 보며) 이 화면은 작년 기준 불법도박시장 규모는 81 조, 긴급 코로나 추경보다 더 큰 규모입니다. 그 것도 적발된 것만 81조입니다. 불법이니까 그럴 수 있겠지요. 합법 사행산업 22조에 비하면 4배 나 비대해졌습니다. 보다시피 온라인이 주 무대 여서 요즘 같은 비대면 시대는 이들에게는 성수 기입니다. 대목이지요, 대목. 시장을 이렇게 교란시키는 불법도박시장에 대 한 실태조사는 4년에 한 번씩 이루어진다고 합니 다. 이사장님, 실태조사 또한 매년 아니면 2년에 한 번씩 실시되어야 된다고 저는 생각하는데 어 떻게 생각하십니까?",,unreviewed,
CAND_TGT_2024_0001_C72133D5,TGT_2024_0001,054519_SEG_CURR_NEXT_00148,1,0.26126583470856857,0.0,0.16982279256056956,054519,"◯한국문화예술위원장정병국 잘압니다. ◯조계원위원 연간수익이353억원에달하고, 2023년기준입니다. 이런큰골프장의 대표를뽑는데그걸제대로확인하지않고......",,unreviewed,
CAND_TGT_2024_0111_13CEEFF2,TGT_2024_0111,054345_SEG_TURN_01914,2,0.1383864116609354,0.0,0.08995116757960801,054345,"◯한국관광공사사장직무대리서영충 위원님말씀하신것처럼사실관광공사직원들끼 리는그런이야기를종종합니다. 말씀처럼해외여행에관한프로그램은정말쏟아지듯 이많은데국내를소개하는프로그램, 그것도조금재밌는포맷으로이렇게오락성을가 미한프로그램은......",,unreviewed,
CAND_TGT_2020_0207_FFBF67D4,TGT_2020_0207,050430_SEG_TURN_00003,2,0.06822471568798391,0.007282859935720457,0.046895066174691705,050430,"◯문화체육관광부장관 박양우 존경하는 도종환 문화체육관광위원회 위원장님, 그리고 위원님 여 러분! 지난 10월 7일 문화체육관광부 및 소속기관을 시작으로 공공기관 및 유관기관까지 20일간 쉴 틈 없이 국정감사를 수행하시면서 우리 부의 다 양한 현안에 대해 애정 어린 문제 제기와 함께 건설적인 대안을 제시해 주신 점에 대해서 깊은 감사의 말씀을 드립니다. 오늘 종합감사에서는 지난 본부 국정감사 등에 서 지적해 주신 사항에 대한 후속조치 및 향후 계획 위주로 간략히 보고드리도록 하겠습니다. 위원님들께서 특별한 관심을 가지고 계시는 중 요한 사안들인 만큼 앞으로도 장차관이 직접 꼼 꼼히 챙기도록 하겠습니다. 세부 내용은 배포해 드린 자료를 참고해 주시 기 바랍니다. 1쪽입니다. 김승원 위원님 관련입니다. 보조사업의 효율적인 집행을 위해서 국가재정 법 및 보조금법에 따라서 예산편성 전 적격성 심 사, 사업추진 중 정례 점검, 사업 완료 후 정산 및 회계감사 등 보조사업 관리를 대폭 강화해 나",,unreviewed,
CAND_TGT_2024_0431_C793012F,TGT_2024_0431,054435_SEG_PREV_CURR_01567,1,0.28457928304398866,0.0,0.18497653397859265,054435,"◯김승수위원 일부이해관계가좀상충되는부분도있고그렇습니다만이부분에대 해서는같이고민해주시기를부탁드리고요. 또한국음악콘텐츠협회에서오래전부터이야기하고있는것이뮤직비디오문제아닙니 까? 외국계의그런플랫폼하고역차별받고있다, 우리나라멜론이나이런데는사실뮤 직비디오상영을올리기위해가지고는사전에이것을등급을받아야되는거아닙니까, 보면? 그런데외국계음악플랫폼, 대표적으로유튜브같은경우에는사전검열없이그 렇게올릴수있단말이지요. 여기에대해서역차별받고있기때문에이부분에대해서 빨리해결해달라는그런요구가옛날부터빗발치고있습니다. 이부분에대해서어떻게지금추진을하고있습니까? 영등위원장님, 뮤직비디오에대 해서말이에요. ◯영상물등급위원장김병재 뮤직비디오같은경우는산업특성상을고려해가지고접 수한지이틀만에처리하고있습니다.",,unreviewed,
CAND_TGT_2024_0035_13708975,TGT_2024_0035,054519_SEG_TURN_00985,2,0.4202075778941318,0.0,0.2731349256311857,054519,◯국립현대미술관장김성희 맞습니다.,,unreviewed,
CAND_TGT_2022_0082_AEF0C654,TGT_2022_0082,052229_SEG_TURN_01110,2,0.44767336474601926,0.06175289895606592,0.3126012017195356,052229,◯유정주 위원 또한 현재 운영 중인 온라인 암 표 신고 게시판 운영의 실효성을 담보해야 합니 다. 그것도 동의하시지요?,,unreviewed,
CAND_TGT_2022_0158_E4504B4D,TGT_2022_0158,052556_SEG_TURN_00756,1,0.4025903112738956,0.0,0.2616837023280322,052556,◯한국예술종합학교총장 김대진 예.,,unreviewed,
CAND_TGT_2020_0233_C03AB5F5,TGT_2020_0233,050673_SEG_TURN_00213,2,0.2258322438395882,0.0,0.14679095849573234,050673,"◯김예지 위원 그리고 또한 재단 홈페이지의 경 우 시각장애인 스크린 리더를 이용할 수 있도록 웹 접근성도 개선하고 또 재단을 방문하는 예술 인, 장애예술인들이 불편함이 없도록 장애인 편 의시설 확충에도...... 1분 시간 더 주시겠습니까?",,unreviewed,
CAND_TGT_2024_0502_E26B8557,TGT_2024_0502,054576_SEG_CURR_NEXT_01832,1,0.1936271507984923,0.0,0.12585764801902,054576,"◯조계원위원 그러면국가대표선수선발방식과도관련해서한번물어보겠습니다. 복식선수들선발할때30%의평가위원회평가점수가반영이되게되어있어요. 이 런법은누가만든겁니까? ◯증인김택규 예전에정경은선수가국가대표선발전을뛴적이있어요. 2021년도국 가대표선수가되는건데그때는정성평가50, 경기력평가50으로해서정경은선수가9 승5패를했는데7승5패한선수한테져서민원이제기된적이있었습니다. 그래서......",,unreviewed,
CAND_TGT_2024_0571_BB397A4B,TGT_2024_0571,054345_SEG_PREV_CURR_02484,2,0.21691884833585545,0.0,0.14099725141830605,054345,"◯조계원위원 그렇다면규모는작더라도어느정도이색적인MICE를발굴해서지원 해야되는데왜대기업이나공공기관, 충분히자체적으로얼마든지홍보하고투자할수 있는곳을선정했냐이말입니다. ◯한국관광공사사장직무대리서영충 그러니까아마말씀드린대로그사업취지가독 특성, 말그대로유니크하냐때문에한것으로보이는데, 말씀하신취지충분히이해를 했고요. 공공하고민간을나누고또수도권하고지역하고이렇게좀나누어서섹터별로 선정하는방식등의개선방안을마련하도록하겠습니다.",,unreviewed,
CAND_TGT_2024_0026_B30692E7,TGT_2024_0026,054435_SEG_CURR_NEXT_01442,1,0.19596125596047909,0.0,0.12737481637431142,054435,"◯세종학당재단이사장직무대리배종민 그래서저희가문화체육부에서세종학당혁신계 획을만들었던게있는데요, 거기는오프라인세종학당만으로계속해서늘어난수강생들 을다수용하기가어려운부분이있어서아예세종학당을구축해서온라인상으로도많은 부분을수용할수있도록하려고노력을하고있습니다. ◯정연욱위원 해외에서세종학당을수강했던상당수외국인들이국내에여러, 젊은친 구들이많으니까들어와서취업을하거나대학을다시들어가거나이런경우가많다는데 실제로그런것파악하고계십니까?",,unreviewed,
CAND_TGT_2022_0415_D0EC8717,TGT_2022_0415,052315_SEG_TURN_00435,2,0.1041117968041146,0.0,0.0676726679226745,052315,"◯문화체육관광부장관 박보균 제가 좀 살펴봐야 겠는데 출장은 제가 ‘현장에 가서 정책을 살펴라, 현장의 목소리를 듣고 정책에 반영하라’ 그런 저 의 문체부 운영에 대한 생각들을 직원들이 행동 으로 옮긴 것으로 저는 파악하고 있습니다.",,unreviewed,
CAND_TGT_2020_0201_BE1E24AD,TGT_2020_0201,050673_SEG_TURN_01036,2,0.3154514280513577,0.0,0.2050434282333825,050673,◯예술의전당사장 유인택 광주 아시아문화전당 하고의 비교는 어렵다고 봅니다.,,unreviewed,
CAND_TGT_2024_0355_695668B3,TGT_2024_0355,054519_SEG_TURN_01168,1,0.40573042271679943,0.0,0.26372477476591966,054519,◯민형배위원 국립심포니오케스트라단장님.,,unreviewed,
CAND_TGT_2022_0184_8011F534,TGT_2022_0184,052493_SEG_CURR_NEXT_00758,2,0.09167266831315694,0.0,0.059587234403552014,052493,"◯서울올림픽기념국민체육진흥공단이사장 조현재 위 원님께서 지적하신 것을 잘 저희들이 참고해서 앞으로 금지약물 복용 도핑을 위해서는 구체적인 또 아주 엄격한 양정기준과 또 감경기준, 아주 구체적인 감경기준을 수립해서 앞으로 더욱더 엄 격히 관리해 나가겠습니다. ◯류호정 위원 내년 국감 때는 절차 없어서 지 적당하지 않도록 준비해서 보고해 주시기 바랍니 다.",,unreviewed,
CAND_TGT_2020_0060_851B54F2,TGT_2020_0060,050308_SEG_TURN_00233,2,0.07252027180675413,0.044396825226096295,0.0626770655035239,050308,"◯유정주위원 예, 맞습니다. 소상공인시장진흥공단의콘텐츠업체들을업종 코드별로전부조사해보았는데요389억원을신 청해서128억원을받았습니다. 즉신청금액의 33%를받은건데요. 이렇게만환산해서보면적 지않은것처럼보이지만이규모는지금장관님 이 말씀하신 것처럼 소상공인시장진흥공단에서 실시한코로나19 전체대출규모의0.4%밖에되 지않습니다. 특히신용등급이낮은콘텐츠업체일수록대출 금액도더낮았습니다. 즉코로나19라는특수한 경우의대출임에도기존대출시스템과다를것 이없었고어려울수록소외된것입니다. 1에서3 등급인문화예술업체는대출1건당3400만원의 대출을받았지만7에서10등급인업체는1100만 원밖에받지못했습니다. 콘진원조사에따르면42.5%가지원대상에 해당되지못해서코로나19 관련정부지원제도를 신청하지않았거나이용하지못했다고답변했습 니다. 비록소상공인시장진흥공단의업종코드구분방 식이콘진원조사방식과상이해서100% 일치시 키기는어려웠겠지만얼마나콘텐츠업계에대한 지원이부족한지알수있는데이터입니다. 장관님, 왜이렇게정부의대출지원이콘텐츠 업",,unreviewed,
CAND_TGT_2024_0436_AAE355A5,TGT_2024_0436,054435_SEG_TURN_01337,1,0.28229934012233004,0.0,0.18349457107951453,054435,◯신동욱위원 지금오래된필름디지털복원작업계속하고계시지요?,,unreviewed,
CAND_TGT_2024_0114_AB25828C,TGT_2024_0114,054622_SEG_TURN_03064,2,0.015023925639744473,0.47122882894041657,0.17469564179497968,054622,◯임오경위원 OTT 콘텐츠대중문화예술산업에포함되나요?,,unreviewed,
CAND_TGT_2022_0404_8431B036,TGT_2022_0404,052423_SEG_TURN_00325,1,0.21348431734476395,0.0,0.13876480627409657,052423,◯한국콘텐츠진흥원장 조현래 저희 콘진원 사업 에서는 표준계약서 사용을 의무화하고 있는데요. 일부 수정해서 사용한다는 것도 좀 알고는 있습 니다만 저희들 사업에서는 표준계약서를 강제하 고 있습니다.,,unreviewed,
CAND_TGT_2020_0086_775B10B6,TGT_2020_0086,050308_SEG_PREV_CURR_00957,1,0.07649371839298062,0.0,0.04972091695543741,050308,◯문화체육관광부장관박양우 예. 실태조사해 가지고말씀주신사각지대이것들도체육시설로 포함해가지고성범죄경력자취업제한이런것 들에대응하는방안을검토하겠습니다. ◯유정주위원 그대안에대해서26일확인감사 전까지대책을마련해서의원실로보고해주십시 오.,,unreviewed,
CAND_TGT_2020_0157_158A06D4,TGT_2020_0157,050308_SEG_TURN_01061,1,0.036730834093577004,0.17235111001960413,0.0841979306676865,050308,"◯김승수위원 몇가지...... 부처외래어, 지자체 외래어남용대책하고예술인생활안정지급......",,unreviewed,
CAND_TGT_2020_0190_AD927DA5,TGT_2020_0190,050308_SEG_TURN_00185,2,0.3481064326872081,0.0,0.22626918124668527,050308,"◯전용기위원 예, 맞습니다. 한나라의표준으 로정한말로서우리나라에서는교양있는사람 들이두루쓰는현대의서울말로정의하고있습 니다. 이것은굉장히권위주의에서나온사상이 아닌가, 왜냐하면교양있는사람들을특정하고 이지역에서사용하는말이야말로표준어라고지 정하는것은굉장히문제가있다고봅니다. 사실이것을처음에만들었을때해설서를보 면, 지금은원장님께서바꿔주셨습니다만이표 준어규정을만들때이구절의또하나의의미 는앞으로는표준어를...... (발언시간초과로마이크중단) (마이크중단이후계속발언한부분) 사용하지못하면교양없는사람이된다는것을 강조하기위함이다라는이런용어해설이있었거 든요. 원장님께서바꿔주셨지만이해설만바꾸실 게아니고표준어규정자체를현실에맞게끔조 정을해야되는것아닌가이런질문을드립니 다.",,unreviewed,
CAND_TGT_2022_0500_3368FD08,TGT_2022_0500,052556_SEG_PREV_CURR_00930,2,0.11413383986974271,0.11070357963609281,0.11293324878796523,052556,◯한국도박문제예방치유원장 조기조 청소년 불 법 도박이 굉장히 심각하고 그래서 저희 도박문제 예방치유원에서도 그 문제에 대해서 예방 홍보를 강화하고 또 청소년들의 상담을 청소년들이 접근 하기 편리한 SNS나 이런 매체들을 통해서 적극 적으로 하고 있어서 상담 수요도 굉장히 증가하고 있습니다. 이 점 유념해서 청소년들이 크게 위험 에 빠지지 않도록 노력을 열심히 하겠습니다. ◯임오경 위원 이상입니다.,,unreviewed,
CAND_TGT_2020_0346_16F89694,TGT_2020_0346,050606_SEG_TURN_00473,1,0.4437032063629873,0.0,0.2884070841359418,050606,◯위원장 도종환 게임물관리위원회 답변하셔야 됩니까?,,unreviewed,
CAND_TGT_2024_0260_CB127FBC,TGT_2024_0260,054519_SEG_TURN_01105,1,0.10793509756275697,0.0,0.07015781341579204,054519,◯국립장애인도서관장황금숙 장애인도서관은지방자치단체장의예산지원을통해서 운영이되고있습니다. 코로나이후로지금지자체의예산축소가그원인인듯합니다.,,unreviewed,
CAND_TGT_2020_0253_63F8C19A,TGT_2020_0253,050430_SEG_CURR_NEXT_00736,1,0.19812050193509076,0.11949732345183732,0.17060238946595205,050430,"◯유정주 위원 박양우 장관님, 지난 7월 스포츠 산업계 코로나19 피해 긴급 실태조사 하셨지요? ◯문화체육관광부장관 박양우 예.",,unreviewed,
CAND_TGT_2024_0072_A2ACEBB9,TGT_2024_0072,054235_SEG_TURN_00290,2,0.1209132816638453,0.0,0.07859363308149944,054235,"◯이기헌위원 알겠습니다. 저는여기에서두가지의문이남습니다. KTV가왜김여사를위한공연을국민의 혈세8600만원, KTV가한번도해보지않은대규모의공연입니다. KTV는제작하는 회사가아닙니다, 송출하고취재하는회사지. 그래서국정을홍보하는회사지독자적으로 이런큰프로그램을제작한경험이별로없어요. 8600만원적은것같지만KTV가쓴 가장큰예산입니다. 그런데KTV가왜김건희여사를위증의위험까지도무릅쓰고보호하고숨기려고했 는지이것이저는궁금합니다. 아무리생각해도제가모두에말씀드렸듯이이문제는혈 세8600만원을들여서KTV에있던임원들이본인들의향후에있을정치적진출을위 해서김건희여사에게황제관람을상납한그런비리사건이라고저는단언합니다.",,unreviewed,
CAND_TGT_2022_0119_5E840B1F,TGT_2022_0119,052315_SEG_TURN_01198,1,0.006151056986215843,0.1536452467535359,0.057774023404777865,052315,◯문화체육관광부장관 박보균 지금 말씀하신 인 력 배치의 재구성 문제 또 인력을 배치해 과연 경영 효율화를 이룰 수 있는지 그런 귀중한 말씀 을 잘 새겨서 이런 조치를 취해 나가겠습니다.,,unreviewed,
CAND_TGT_2024_0158_C2CD80AB,TGT_2024_0158,054576_SEG_PREV_CURR_03132,1,0.1282825416815969,0.0,0.08338365209303798,054576,◯대한체육회장이기흥 예. ◯임오경위원 (영상자료를보며) 올해가인천아시안게임10주년입니다. 인천아시안게임당시개막식이열린아시아드주 경기장이10년간총460억원의시설유지예산이집행되었으나고작202일사용해서 가동률이5%에불과합니다. 이거왜이런상황이생겼지요? 문체부알고있어요?,,unreviewed,
CAND_TGT_2020_0019_04A9356A,TGT_2020_0019,050350_SEG_CURR_NEXT_00328,1,0.1376343856673345,0.0,0.08946235068376743,050350,"◯문화재청장 정재숙 예, 아주 독특한...... ◯이병훈 위원 그래서 문화재청이 이 공평동 룰 을 제도화하는 방안을 마련할 필요가 있다고 생 각해요. 이에 대해서 어떻게 생각하십니까?",,unreviewed,
CAND_TGT_2020_0443_76CC348B,TGT_2020_0443,050615_SEG_TURN_00171,1,0.36997911002496364,0.17408779235426108,0.30141714884021775,050615,◯이상헌 위원 사행산업통합감독위원회는 한국 도박문제관리센터 14개 지역센터에 대해 서비스 전달체계 개선을 추진 중인 것으로 알고 있습니 다. 지역센터의 협약 완료기간이 각각 다르다고 합 니다. 그리고 14개 지역센터를 5개로 줄이고 직 영화하는 방식으로 바꾼다는데 맞습니까?,,unreviewed,
CAND_TGT_2020_0378_DC2FFD1B,TGT_2020_0378,050606_SEG_CURR_NEXT_00021,2,0.10337835334137321,0.045062676368941075,0.08296786640102197,050606,"◯한국언론진흥재단이사장 표완수 안녕하십니 까? 한국언론진흥재단 이사장 표완수입니다. 존경하는 도종환 위원장님과 여러 위원님들을 모시고 국정감사를 수감하게 되어 매우 엄중하고 뜻깊게 생각합니다. 우선 오늘 이 자리에 함께 참석한 언론재단의 김철훈 미디어본부장을 소개해 드리겠습니다 (인사) 감사합니다. 간략한 재단 소개 후에 업무보고를 드리도록 하겠습니다. 한국언론진흥재단은 신문 등의 진흥에 관한 법 률에 따라서 신문 및 인터넷신문의 건전한 발전 과 읽기문화 확산, 신문을 포함한 언론 진흥 업 무를 담당하고 있는 준정부기관입니다. 업무현황을 보고드리겠습니다. 일반현황은 제출 드린 업무현황 자료 앞부분을 참조해 주시면 감사하겠습니다. 자료 7쪽입니다. 언론진흥기금 사업입니다. 재단은 뉴스 빅데이터 분석시스템인 빅카인즈 를 운영하며 6700만 건의 뉴스 DB를 바탕으로 심층적인 뉴스 분석 서비스를 제공하고 있습니 다. 8쪽입니다. 올해 52건의 심층기획 취재를 지원해서 고품질 의 뉴스 콘텐",,unreviewed,
CAND_TGT_2024_0576_173CD477,TGT_2024_0576,054235_SEG_TURN_01801,1,0.09802189000289148,0.0,0.06371422850187947,054235,"◯강유정위원 비장애인들이가는곳이열린관광지인데...... 그러니까장애인분들, 고 령자, 영유아가족이모두쉽게접근하는곳이열린관광지인데이걸애매하게해석해서 이불법행위를‘열린관광지라가능하다’라는답변을저한테보냈더라고요. 그러니까열 린관광지라는개념을만든문체부인데그개념을오해해서퍼블리시티권에대한침해를 스스로변명하려고하고있다는겁니다. 제말은지적재산권, 퍼블리시티권에굉장히예민하신장관님이시니까, 이것이렇게지 적을받은곳만삭제했어요. 나머지부분도삭제해서, 이것도종감때확인해보겠습니다.",,unreviewed,
CAND_TGT_2020_0321_25F921EA,TGT_2020_0321,050606_SEG_CURR_NEXT_00009,2,0.06004534579752814,0.01091203592883445,0.042848687343485355,050606,"◯영화진흥위원장 오석근 안녕하십니까? 영화진흥위원회 위원장 오석근입니다. 존경하는 문화체육관광위원회 도종환 위원장님 과 여러 위원님들을 모시고 2020년도 정기국회 국정감사 업무보고를 진행하게 되어 매우 뜻깊게 생각합니다. 2020년은 여러모로 한국 영화계에서는 잊을 수 없는 해입니다. 봉준호 감독이 ‘기생충’으로 칸 국제영화제와 할리우드 아카데미 시상식에서 작 품상을 동시에 수상하며 한국 영화 100년의 쾌거 를 널리 알린 직후 코로나19라는 전무후무한 팬 데믹 상황을 맞게 되었습니다. 2020년 10월 5일 기준 영화 상영관 입장권 매 출액은 전년 대비 77% 급감한 4380억 원이며 영 화 제작 및 개봉이 중단되거나 연기되어 발생한 피해금액은 121편, 총 241억 원 규모입니다. 기쁨 은 탄식으로 바뀌었고 희망의 미래를 꿈꾸던 영 화인들은 하나둘씩 영화 현장을 떠나고 있습니 다. 우리 한국 영화인들은 참으로 힘든 시간을 견디어 내고 있습니다. 영화진흥위원회는 코로나19로 위기",,unreviewed,
CAND_TGT_2024_0159_084FF353,TGT_2024_0159,054269_SEG_TURN_00440,1,0.12178722635762315,0.0,0.07916169713245505,054269,◯국가유산청장최응천 전수교육관을지을수있는땅문제를해결하는겁니다.,,unreviewed,
CAND_TGT_2020_0218_43A4E69D,TGT_2020_0218,050615_SEG_CURR_NEXT_00626,1,0.2768401684341181,0.0,0.17994610948217676,050615,"◯사행산업통합감독위원장 심덕섭 예. ◯임오경 위원 화면 보시지요. (영상자료를 보며) 이 화면은 작년 기준 불법도박시장 규모는 81 조, 긴급 코로나 추경보다 더 큰 규모입니다. 그 것도 적발된 것만 81조입니다. 불법이니까 그럴 수 있겠지요. 합법 사행산업 22조에 비하면 4배 나 비대해졌습니다. 보다시피 온라인이 주 무대 여서 요즘 같은 비대면 시대는 이들에게는 성수 기입니다. 대목이지요, 대목. 시장을 이렇게 교란시키는 불법도박시장에 대 한 실태조사는 4년에 한 번씩 이루어진다고 합니 다. 이사장님, 실태조사 또한 매년 아니면 2년에 한 번씩 실시되어야 된다고 저는 생각하는데 어 떻게 생각하십니까?",,unreviewed,
CAND_TGT_2024_0591_E791DCA8,TGT_2024_0591,054345_SEG_TURN_00349,1,0.172668531907734,0.0,0.11223454574002711,054345,◯한국도박문제예방치유원장신미경 그이후에도사실은치유프로그램이개발이되고 있고요. 지금청소년같은경우에는굉장히급증을많이하고있는데저희가일단내담을하시 게되면도박의수준이나정도를좀파악을해서단계별로프로그램을적합하게맞춤형 으로하고있습니다만워낙청소년들이많고또재발률이높다보니까그적절한서비스 를하기위해서는더많은프로그램이개발돼야되는것은맞습니다.,,unreviewed,
CAND_TGT_2020_0312_88609E31,TGT_2020_0312,050606_SEG_CURR_NEXT_00612,1,0.31776396697375353,0.01987883044459647,0.2135041691885486,050606,"◯위원장 도종환 김승수 위원님 수고하셨습니 다. 다음은 김승원 위원님 질의해 주시기 바랍니 다. ◯김승원 위원 한국만화영상진흥원장님, 나오셨 나요?",,unreviewed,
CAND_TGT_2022_0383_B634768F,TGT_2022_0383,052423_SEG_CURR_NEXT_00914,2,0.32550636504253605,0.0,0.21157913727764843,052423,◯한국출판문화산업진흥원장 김준희 예. ◯김예지 위원 말씀을 안 하시면 저는 계신지 모릅니다. 출판문화산업 진흥법에 따르면 한국출판문화산 업진흥원의 직무 중 하나가 독서 진흥 등 출판 수요 진작을 위한 사업 수행입니다. 그리고 한국 출판문화산업진흥원에서 실시한 제5차 출판문화 산업 진흥계획 수립을 위한 조사 연구에서 첫 번 째 추진과제로 모두를 위한 책으로 수요 다양성 을 확대하겠다는 연구 결과도 나왔습니다. 이에 한국출판문화산업진흥원에서 장애인 접근 성 강화 전자출판물의 부족을 개선하고자 장애인 독서율 향상에 기여하기 위해 장애인 접근성 강 화형 전자책 제작 지원사업을 시행하셨지요?,,unreviewed,
CAND_TGT_2020_0205_0EE1FC24,TGT_2020_0205,050308_SEG_PREV_CURR_00407,2,0.24351222889031326,0.0,0.15828294877870364,050308,"◯이상헌위원 한국의문화시장에대한전세계 의관심은지금상상을초월하는속도로확산되 고 있습니다. 해외문화홍보원의 역할과 비중이 더욱막대할것인데홍보원업무를수행하기위 해가지고파견된민간전문가가약6%에불과합 니다. 해외문화홍보원의역량강화를위해서는기존 의행정부공무원위주로파견직을배치할것이 아니라다방면에경험이많은민간전문가들을최 대한활용하여성과를보여야할것입니다. 여기에대해서원장님어떻게생각하십니까? ◯해외문화홍보원장박정렬 해외에문화원장으 로서의역할을하려면일반적인행정역량도필요 하겠습니다. 그리고민간에대해서도고위공무원, 문화원장8명에대해서는개방을하고있습니다. 그래서우수한인재들이응모하고또파견되고 있는상황입니다.",,unreviewed,
CAND_TGT_2020_0428_F39B7F1F,TGT_2020_0428,050492_SEG_PREV_CURR_01524,2,0.09979530798435594,0.11068716548439086,0.10360745810936817,050492,◯김승수 위원 30%에도 못 미칩니다. 특히 군 단위에 장애인 전용 체육시설이 있는 데는 3개 군에 불과합니다. 일반인과 장애인 간의 체육시 설 불균형에도 불구하고 지금 현 정부 들어와서 전혀 개선이 안 되고 있습니다. 이 부분에 대해 서 노력하거나 하신 적이 있습니까? ◯대한장애인체육회장 이명호 장애인 체육시설 은 체육관을 말씀하시는 거지요?,,unreviewed,
CAND_TGT_2024_0446_1A17DD2D,TGT_2024_0446,054622_SEG_TURN_00577,1,0.15666405171748446,0.0,0.10183163361636491,054622,◯양문석위원 문화를개선하자는논의를하면서도......,,unreviewed,
CAND_TGT_2022_0313_E135DAE6,TGT_2022_0313,052423_SEG_TURN_00121,1,0.21659489124689163,0.0,0.14078667931047956,052423,"◯류호정 위원 이어서 다른 질의입니다. 부산국제영화제 관련인데요. 아시아 최대 영화제라는 이야기 나오고 있지 요. 부산국제영화제 온라인 예매로 참 말이 많습 니다. 화면 보시겠습니다. 온라인 티케팅은 젊은 사람들도 쉽지 않거든 요. 특히나 이번에 인터넷 예매에 취약한 계층들 을 철저히 소외시켰습니다. 이외에도 예매 첫날 부터 예매권 인증 처리 문제로 시스템이 먹통이 되고 예매 시에 비밀번호 설정이 없어서 예매자 이름과 전화번호, 생년월일 8자리 숫자만 넣으면 타인의 예매 취소도 가능했습니다. 부국제에서 이번 전량 티켓에 대해 온라인 예 매를 도입한 이유가 관객 편의를 고려한 개선 조 치라고 답변을 했는데 누군가에게는 그저 행정 편의로만 보였을 것 같습니다, 이렇게 종이로 표 를 그려서 현장 예매를 하고자 하는 노인층이라 든지 이런 분들에게는요. 현장 판매분이 암표가 되어서 문제가 있다 하 면 그 문제를 해결할 수 있는 방안을 고민해야지 판매 방식 자체를 없애 버리고 인터넷 예매 할 ",,unreviewed,
CAND_TGT_2020_0296_7B5BF2C1,TGT_2020_0296,050308_SEG_PREV_CURR_00090,2,0.1383994688884764,0.0,0.08995965477750967,050308,"◯문화체육관광부장관박양우 예, 그렇습니다. 매출액도86%요, 종사자도한74%, 이렇게수도 권에집중돼있지요. ◯이상직위원 그리고지역거점형콘텐츠기업 육성센터가있는것알고계시지요?",,unreviewed,
CAND_TGT_2022_0005_2988AAAC,TGT_2022_0005,052423_SEG_TURN_01530,2,0.3948519070601442,0.0,0.25665373958909377,052423,"◯한국문화관광연구원장직무대행 류광훈 예, 맞 습니다.",,unreviewed,
CAND_TGT_2022_0139_F6332006,TGT_2022_0139,052493_SEG_CURR_NEXT_00506,2,0.0074556074952470165,0.3141487216978564,0.1147981974661603,052493,◯대한체육회장 이기흥 예. ◯이병훈 위원 이 교육부 개정 교육과정 시안에 대해서 어떻게 생각하세요?,,unreviewed,
CAND_TGT_2020_0225_FC5ED12F,TGT_2020_0225,050615_SEG_PREV_CURR_00960,2,0.07725910090416165,0.0,0.050218415587705074,050615,"◯이병훈 위원 그러다 보니까 공사 재무구조가 지속적으로 악화되고 정부 지원 의존이 심화된 결과를 초래를 했어요, 그렇지요? ◯한국관광공사사장 안영배 맞습니다.",,unreviewed,
CAND_TGT_2020_0256_070912C4,TGT_2020_0256,050673_SEG_TURN_00480,2,0.20111662597276242,0.0,0.13072580688229557,050673,"◯한국문화예술위원장 박종관 예, 특별회원에 준하는 자격을 한시적으로 주는 것으로 얘기 들 어......",,unreviewed,
CAND_TGT_2024_0269_7E646914,TGT_2024_0269,054519_SEG_PREV_CURR_00468,2,0.2854811753576385,0.0,0.18556276398246505,054519,"◯김윤덕위원 관장님께, 그것대책이아니에요. 이런책이다시는출간되지않도록사 전에꼼꼼하게제대로많은사람들의의견을들어서역사박물관의이름으로나가는책에 대한발간검열시스템, 점검시스템―표현이―저는필요하다고생각하고요. 두번째로는이미이발간된책을어떻게할지에대한대책이있어야됩니다. 저는수 거해야한다고생각합니다. 제가이걸놓쳤다고해서관계공무원징계해야된다, 심의위 원들다교체해야된다이렇게까지하지는않겠지만저는최소한이책을다수거해야 된다이렇게생각합니다. 어떻게생각하세요? ◯대한민국역사박물관장한수 논란이되는부분과독도표기등은반드시수정이필요 하고, 현재우리박물관에서홈페이지를통해e-북으로서비스하고있는부분은바로수 정을하고또한다른부분도저자와협의를통해빨리수정하도록하겠습니다.",,unreviewed,
CAND_TGT_2020_0074_AD8AE1E2,TGT_2020_0074,050606_SEG_CURR_NEXT_00012,2,0.25537737015459105,0.0,0.16599529060048418,050606,"◯위원장 도종환 수고하셨습니다. 다음은 이미연 영상물등급위원회 위원장 나오 셔서 업무보고 해 주시기 바랍니다. ◯영상물등급위원장 이미연 안녕하십니까? 영상물등급위원회 위원장 이미연입니다. 존경하는 문화체육관광위원회 도종환 위원장님 과 여러 위원님들을 모시고 그동안 추진해 온 업 무에 대해 국정감사를 받게 된 것을 뜻깊게 생각 합니다. 영상물등급위원회는 영화, 비디오물 등 영상물 에 대한 등급분류를 통하여 영상물을 선택하는 국민들에게 필요한 정보 제공과 함께 영상물의 공공성과 윤리성을 확보하는 역할을 수행하고 있 습니다. 2020년도에는 불합리한 등급분류 절차 및 제도 의 개선을 지속적으로 추진하고 변화하는 미디어 환경에 맞는 등급분류제도의 모색을 위한 연구. 조사 활동을 강화하였습니다. 저를 포함한 영상물등급위원회 직원 모두는 국 정감사에 성실히 임할 것을 약속하며 오늘 국정 감사를 통해 지적해 주시는 사항을 충실히 업무 에 반영하여 앞으로 우리 위원회가 한층 발전하 는 계기로 삼고",,unreviewed,
CAND_TGT_2020_0160_725660C3,TGT_2020_0160,050350_SEG_TURN_01292,1,0.08882562643021878,0.0,0.05773665717964221,050350,"◯이용 위원 예, 알겠습니다. 앞으로 이런 솜방망이 처벌이 없도록 각별히 유의하시기 바랍니다.",,unreviewed,
CAND_TGT_2020_0238_670E37EB,TGT_2020_0238,050615_SEG_CURR_NEXT_00010,2,0.10038759304741864,0.006216665210960621,0.06742776830465833,050615,"◯위원장 도종환 수고하셨습니다. 다음은 강현화 세종학당 이사장 나오셔서 현안 중심으로 간략하게 업무보고 해 주시기 바랍니 다. ◯세종학당재단이사장 강현화 안녕하십니까? 세종학당재단 이사장 강현화입니다. 존경하는 도종환 위원장님과 여러 위원님을 모 시고 우리 재단의 업무현황 보고를 드리게 돼서 영광입니다. 그간 다양한 기회에 여러 위원님들께서 세종학 당을 통한 해외 한국어.한국문화 교육 및 보급 에 지대한 관심과 다양한 정책 대안을 제시해 주 셨기에 국외 한국어 보급은 세종학당을 중심으로 빠르게 자리 잡아 가고 있습니다. 진심으로 감사 드립니다. 이어서 세종학당재단의 업무현황을 준비된 자 료를 통해 간략하게 보고드리겠습니다. 업무보고는 일반현황, 2020년 주요업무 추진현 황 순서입니다. 일반현황인 연혁 및 임무, 기구 및 정원은 1쪽 과 2쪽의 자료를 참고해 주시기 바랍니다. 현재 정원은 임원을 포함하여 67명이며 2020년 예산은 작년 235억 7700만 원에서 366억 4000만",,unreviewed,
CAND_TGT_2024_0133_D4453728,TGT_2024_0133,054519_SEG_PREV_CURR_01307,2,0.0,0.26911143830466777,0.09418900340663372,054519,"◯대한민국역사박물관장한수 한미동맹행사...... ◯임오경위원 아니, 그러니까예측이안되는행사입니까? 한미동맹70주년과6·25 행 사가예측이안되는행사입니까?",,unreviewed,
CAND_TGT_2022_0126_90F83028,TGT_2022_0126,052493_SEG_TURN_00307,1,0.06972751739559907,0.13818399097750494,0.09368728314926612,052493,"◯김승수 위원 스포츠 체육에 정치가 개입되었 을 때 또 이용하려고 했을 때 얼마나 이게 망가 질 수 있는가 하는 것이 대표적으로 성남FC 사 례입니다. 지금 성남FC가 기업들로부터 각종 인 허가 특혜를 대가로 160억 정도의 후원을 받았 다, 하여튼 그 부분에 대해서......",,unreviewed,
CAND_TGT_2020_0199_57ADD771,TGT_2020_0199,050673_SEG_TURN_00368,1,0.04421656228704326,0.2512886795299141,0.11669180332204807,050673,◯최형두 위원 제가 구체적으로 물어보겠습니 다. 6.25 전쟁이 어떻게 일어났습니까?,,unreviewed,
CAND_TGT_2022_0415_00C184E2,TGT_2022_0415,052556_SEG_TURN_00783,1,0.04957660221962638,0.02881573304124776,0.04231029800719386,052556,"◯이상헌 위원 이 때문에 체험형 동물원 운영에 대한 우려의 목소리와 안전수칙 강화 필요성이 점점 더 커지고 있습니다. 또한 전 세계적으로 코로나19를 거치면서 동물관광에 대한 인식이 크 게 변화하고 있습니다. 최근 한 대형 여행사는 학대로 의심할 수 있는 동물체험관광 프로그램을 폐지했습니다. 현행법 상 체험형 동물원은 가이드라인이 없어 가지고 동물의 갑작스러운 이상행동에도 사고 처리 말고 는 대응 방안이 없는 상황입니다. 소관 부처인 환경부에서는 동물원 및 수족관법 전부개정안을 지금 논의 중에 있습니다. 해당 법 안에는 사육사 없이 동물에게 먹이를 주는 체험 행위, 만지기 등 동물에게 불필요한 스트레스를 주는 행위를 금지하는 내용이 포함되어 있습니다. 현재 한국관광공사 홈페이지에는 여러 동물원 을 검색할 수가 있습니다. 관리 소홀 및 동물 학 대가 의심되는 동물원을 체험테마, 경남 최고 동 물원으로 소개도 하고 있습니다. 관광공사 홈페이지를 통해 가지고 관광명소를 검색하고 확인하는 ",,unreviewed,
CAND_TGT_2022_0401_EED16924,TGT_2022_0401,052493_SEG_PREV_CURR_00006,2,0.0773391666159936,0.02731918091913784,0.05983217162209409,052493,◯대한체육회장 이기흥 대한체육회 이기흥 회장 입니다. 존경하는 문화체육관광위원회 홍익표 위원장님 과 위원님 여러분! 평소 바쁘신 의정활동에도 불구하고 대한민국 체육 발전에 많은 관심과 지원을 아끼지 않으시 는 위원님들께 진심으로 감사의 말씀을 드립니 다. 대한체육회는 모든 국민이 스포츠를 통해 건강 하고 행복한 삶을 영위할 수 있도록 다양한 사업 을 추진하고 있습니다. 코로나19로 인해 각종 대 회 및 사업에 어려움이 있는 상황에서도 체육계의 소통을 강화하고 현장에 대한 철저한 방역대책을 통해 안전한 스포츠 활동 여건 조성과 성공적인 사업 추진에 최선의 노력을 다하고 있습니다. 특히 3년 만에 정상 개최된 제103회 전국체육 대회를 성공적으로 마무리하였고 국제스포츠계의 유 엔총회라고 불리는 국가올림픽위원회연합회(ANOC) 의 서울총회를 성공적으로 치르기 위해 만반의 준비를 다하고 있습니다. 지난해 도쿄 하계올림픽대회에서 16위에 이어 금년도 2월에 개최된 베이징 동계올림픽대회에서 1,,unreviewed,
CAND_TGT_2020_0198_0E0D86A7,TGT_2020_0198,050673_SEG_CURR_NEXT_00367,2,0.09506170504298386,0.17987865073602155,0.12474763603554706,050673,◯대한민국역사박물관장 주진오 저희들은 전문 가들의 자문을 얻어서 최대한도로 객관적이고 중 립적이고 그런 전시를 위해서 노력했습니다만 현 대사라는 것이 여러 가지 다양한 관점에 따라서 보다 보면...... ◯최형두 위원 제가 구체적으로 물어보겠습니 다. 6.25 전쟁이 어떻게 일어났습니까?,,unreviewed,
CAND_TGT_2024_0020_0AE1D1ED,TGT_2024_0020,054235_SEG_CURR_NEXT_00735,1,0.2909845345924445,0.0,0.18913994748508894,054235,"◯위원장전재수 다음은양문석위원님질의해주시기바랍니다. 아직안계시네요. 그러면순서를좀바꿔서조계원위원님질의해주시기바랍니다. ◯조계원위원 여수시을지역조계원위원입니다. 학교예술강사지원사업에대해서질의할게있는데요. 학교예술강사지원사업은연극, 국악등8개분야별예술강사를학교에파견해서학생 예술감수성과적성개발을위한학교예술교육을지원해온사업입니다. 이사업은문화 체육관광부가주관하고교육청이협조하는사업형태로진행이돼왔는데요. 최근그예 산이급격하게삭감되면서이사업자체의존폐위기까지거론되고있는실정입니다. 한국문화예술교육진흥원의박은실원장님나오셨습니까? 지난25년동안진행해온학교예술강사지원사업이지금최대위기에봉착해있습니 다. 현재위기의가장큰문제는무엇이라고생각하십니까?",,unreviewed,
CAND_TGT_2022_0125_A97EF547,TGT_2022_0125,052315_SEG_PREV_CURR_00612,2,0.20434897684662126,0.0,0.1328268349503038,052315,"◯임종성 위원 스포츠윤리센터 이사장께 질의하 겠습니다. 발언대로 나와 주십시오. 이사장님, 미성년자를 대상으로 스포츠계의 폭 행, 강제추행, 가혹행위 등 인권침해행위가 도를 넘어 매우 심각한 수준입니다. 알고 계시지요? ◯스포츠윤리센터이사장 이은정 예, 그렇습니다.",,unreviewed,
CAND_TGT_2020_0443_1972FF74,TGT_2020_0443,050615_SEG_PREV_CURR_00172,2,0.3479637581874499,0.1418316869126971,0.27581753324128644,050615,◯이상헌 위원 사행산업통합감독위원회는 한국 도박문제관리센터 14개 지역센터에 대해 서비스 전달체계 개선을 추진 중인 것으로 알고 있습니 다. 지역센터의 협약 완료기간이 각각 다르다고 합 니다. 그리고 14개 지역센터를 5개로 줄이고 직 영화하는 방식으로 바꾼다는데 맞습니까? ◯사행산업통합감독위원장 심덕섭 그것을 중점 적으로 생각하는 그런 방안을 구상 중에 있습니 다. 일단 연구용역을 해 봐야 압니다.,,unreviewed,
CAND_TGT_2024_0453_93F618AB,TGT_2024_0453,054235_SEG_PREV_CURR_00147,1,0.2594172277053133,0.0,0.16862119800845363,054235,"◯신동욱위원 11월달정도면안무저작권에대한어떤가이드라인이나올예정입니까? ◯문화체육관광부저작권국장정향미 예, 연구가끝날거고요. 그걸바탕으로해서연내 까지종합가이드라인을만들어서안무창작자들에게종합적인컨설팅과그런부분들에 대한자료를배포할예정입니다.",,unreviewed,
CAND_TGT_2022_0248_73F44441,TGT_2022_0248,052315_SEG_CURR_NEXT_00228,2,0.22579843797132798,0.07013552373861143,0.17131641798987718,052315,◯김승수 위원 특별회원 권한이 축소된 게 아니 고 전임 대표가 쫓겨났습니다. 쫓겨난 경위를 보면 보시면 전격적으로 권한 축 소를 시도하는 과정에서 국무조정실의 감사가 실 시됩니다. 그리고 또 바로 이어서 문체부의 감사 가 또 이어집니다. 그러고 나서 전격적으로 주주 총회 의결을 거쳐서 해임을 시킵니다. 좀 이상하다 생각되지 않습니까? ◯문화체육관광부장관 박보균 예.,,unreviewed,
CAND_TGT_2022_0277_25646365,TGT_2022_0277,052315_SEG_TURN_00632,2,0.15340507340080511,0.0,0.09971329771052333,052315,"◯황보승희 위원 그래서 3년 동안 민원서비스가 전혀 개선되지 않은 것으로 보면 문체부가 자체 의지로 서비스를 개선할 가능성이 별로 높지 않 아 보입니다. 이참에 외부 전문업체에게 용역을 맡겨서 민원서비스 운영의 전반적인 문제점을 진 단하시고 그에 대한 개선 방안 등을 마련할 필요 가 있다고 생각하는데, 어떻게 생각하십니까?",,unreviewed,
CAND_TGT_2024_0231_7727E28E,TGT_2024_0231,054435_SEG_TURN_01862,2,0.10436081987125806,0.0,0.06783453291631775,054435,"◯임오경위원 지금그말씀을묻는거예요. 윤양수콘텐츠국장님, 유노동무임금의문제가심각한제작사들의실태를철저히조사 하시고, 이표준계약서개정및미도입분야의도입을위한문체부의종합적인개선책을 마련해서국감후의원실로보고해주시기바랍니다.",,unreviewed,
CAND_TGT_2020_0224_B9AA5F72,TGT_2020_0224,050308_SEG_PREV_CURR_00208,2,0.10063828391352543,0.0,0.06541488454379153,050308,"◯김예지위원 장애인의의무고용률을준수하지 못해서납부하고있는고용부담금이매년급증하 고있습니다. 한국관광공사, 대한체육회, 그랜드 코리아레저등10개소속기관들은3년내내의무 고용률을위반하고있습니다. 기관별고용부담금 을세부사업에서전용해서납부하고있는데소액 다건으로국가회계를복잡하게할뿐아니라예 산의효율적집행측면에서도바람직하지않기 때문에본부기본경비로편성해불필요한전용을 최소화할필요가있습니다. 무엇보다장애인고용을위한제대로된대책 마련이시급해보이는데요. 본부조차지키지못 하고있는상황에서소속기관들에제대로된조 치를내릴수있겠습니까? 장애유형을고려해서 능력을발휘할수있는직무개발과인식개선을 위한지원이필요합니다. 10월부터 세종학당에서 시각장애인을 포함한 장애인교원들이전화한국어강의를시작할예 정인데요. 사업이잘정착되고확대될수있도록 신경써주시고또한앞으로도장애유형을고려 한좋은일자리들이만들어질수있도록대책을 마련해주시기바랍니다. 이어서질의하겠습니다. 중증장애인생산품우선구매제도에대해서알 고계십니까? ◯문화체육관광부장관박양우 예, 알고",,unreviewed,
CAND_TGT_2022_0177_DE9C53A8,TGT_2022_0177,052423_SEG_PREV_CURR_00147,2,0.1008493011810885,0.09324505785539443,0.09818781601709557,052423,"◯영화진흥위원장 박기용 예, 알고 있습니다. ◯임오경 위원 정권이 바뀌고 단체장의 당적이 바뀌니 정치 환경 변화에 따라 문화예술이 휘둘 리고 있습니다. 결국 그 피해는 현장에 있는 사 람들과 국민들이 다 껴안고 있다는 겁니다. 위원장님, 5배의 이익 창출을 냈음에도 왜 이 러한 상황이 벌어진다고 생각하십니까? 앞서 지 자체를, 지금 계속 지역에 대해서 말씀을 하고 있는데 같은 생각인가요?",,unreviewed,
CAND_TGT_2022_0064_59F12234,TGT_2022_0064,052423_SEG_TURN_00277,2,0.24101609977030605,0.06870907809601717,0.18070864218430494,052423,"◯영화진흥위원장 박기용 예, 대통령께서 영화 발전기금 고갈에 따른 추가 지원을 영화인들로부 터 요청을 받으시고 적극적으로 검토하겠다는 말 씀 하셨습니다.",,unreviewed,
CAND_TGT_2020_0473_798AEC19,TGT_2020_0473,050492_SEG_PREV_CURR_00665,1,0.0664339506013186,0.18403842426482409,0.10759551638354552,050492,◯대한체육회장 이기흥 저희는 참여를 하지 않 았습니다. ◯김승수 위원 의견 제안은 안 했습니까?,,unreviewed,
CAND_TGT_2020_0200_F87E7759,TGT_2020_0200,050430_SEG_PREV_CURR_00058,1,0.06880959718657914,0.0,0.044726238171276446,050430,"◯이상헌 위원 지난 수년간 서울시태권도협회에 대한 지적이 계속되고 있습니다. 그 중심에는 임 윤택 씨라는 사람이 있습니다. 서울시태권도협회 의 황제 같은 존재입니다. 화면을 보시겠습니다. (영상자료를 보며) 폭력, 횡령, 배임 등 상당수의 전과 기록이 있 습니다. 이런 전력이 있는 사람이 서울시태권도 협회 회장과 상임고문을 맡으면서 협회를 좌지우 지한 결과 서울시태권도협회가 완전히 사유화가 됐습니다. 화면을 보시겠습니다. 임윤택 씨와 관계있는 인물로 서울시태권도협 회 집행부가 지금 구성돼 있습니다. 이분이 기획 력도 대단히 뛰어나다고 합니다. 화면을 보시지요. 임윤택 씨가 2013년에 회장으로 있을 때 서울 시태권도협회에 노조가 결성이 됩니다. 그리고 이 노조는 민주노총 전국사무금융서비스노동조합 에 가입을 하게 됩니다. 2016년에 임윤택 씨를 비롯한 전현직 임직원 9명이 태권도 비리에 연루 가 돼 가지고 기소가 되자 대한체육회가 서울시 태권도협회를 관리단체로 지정하는데 노조는 적 ",,unreviewed,
CAND_TGT_2022_0242_1CD6415F,TGT_2022_0242,052364_SEG_TURN_01006,2,0.22614837675844682,0.0,0.14699644489299044,052364,◯한국문화예술위원장박종관 그렇습니다.,,unreviewed,
CAND_TGT_2020_0278_5864C676,TGT_2020_0278,050606_SEG_TURN_01464,2,0.21721769658156675,0.0,0.1411915027780184,050606,◯국립발레단예술감독 강수진 한 가지만요.,,unreviewed,
CAND_TGT_2022_0265_60E28BD7,TGT_2022_0265,052364_SEG_PREV_CURR_00818,2,0.31431260988273096,0.4813239720132387,0.37276658662840867,052364,"◯황보승희위원 다음, 한국문화예술교육진흥원 박은실원장님! ◯한국문화예술교육진흥원장박은실 예.",,unreviewed,
CAND_TGT_2020_0458_DD87BB88,TGT_2020_0458,050615_SEG_PREV_CURR_00496,2,0.11430055683529698,0.0,0.07429536194294305,050615,◯한국관광공사사장 안영배 제가 본 자료로는 주로 조기에 인바운드 관광수요를 끌어올리기 위 한 사업들을 집중적으로 했던 것 같습니다. ◯李達坤 위원 그때도 국내관광 이야기가 많이 나왔었어요.,,unreviewed,
CAND_TGT_2024_0121_E0CD204F,TGT_2024_0121,054435_SEG_CURR_NEXT_01017,2,0.20476189835802194,0.0,0.13309523393271427,054435,"◯김재원위원 이러한불법이용으로저작권자는저작권중에서복제권, 전송권, 2차적 저작물작성권, 동일성유지권, 성명표시권등을다침해당합니다. 해당유튜버는큰수익 을올리지만무단으로권리를침해했으니까원저작자에게돌아가는몫은아예없습니 다. 새로운플랫폼등장, 기술발전이런것들때문에신종저작권침해문제에현행법 제로는대응하기가어렵습니다. 국장, 1957년제정되고2006년전부개정된현행저작권법, 이와같은문제에서저작권 보호가능합니까? ◯문화체육관광부저작권국장정향미 저희가필요한부분들마다저작권법을개정하는 방법으로지금다듬어가고는있습니다.",,unreviewed,
CAND_TGT_2020_0473_F0027A7B,TGT_2020_0473,050492_SEG_CURR_NEXT_00664,2,0.0664339506013186,0.18403842426482409,0.10759551638354552,050492,◯대한체육회장 이기흥 저희는 참여를 하지 않 았습니다. ◯김승수 위원 의견 제안은 안 했습니까?,,unreviewed,
CAND_TGT_2022_0500_1F34E1E5,TGT_2022_0500,052556_SEG_TURN_00929,1,0.11716375036039547,0.11264045825517345,0.11558059812356777,052556,◯한국도박문제예방치유원장 조기조 청소년 불 법 도박이 굉장히 심각하고 그래서 저희 도박문제 예방치유원에서도 그 문제에 대해서 예방 홍보를 강화하고 또 청소년들의 상담을 청소년들이 접근 하기 편리한 SNS나 이런 매체들을 통해서 적극 적으로 하고 있어서 상담 수요도 굉장히 증가하고 있습니다. 이 점 유념해서 청소년들이 크게 위험 에 빠지지 않도록 노력을 열심히 하겠습니다.,,unreviewed,
CAND_TGT_2022_0224_BF23696F,TGT_2022_0224,052556_SEG_CURR_NEXT_00258,1,0.13959166102418621,0.0,0.09073457966572104,052556,"◯이개호 위원 그러나 현장을 직접 급습하거나 현장 관리를 해서 단속할 수 있는 그런 권한은 없습니다. 그래서 직접적인 차단 노력을 할 수 있는 제도적 보완이 되어야 된다고 생각하는데 간단히 그 점에 대해서 어떻게 생각하시는지 말 씀해 주시기 바랍니다. ◯사행산업통합감독위원장 김춘순 예, 위원님 지적에 동의하고요. 사실 온라인 불법 도박이 계 속 커지기 때문에 불법 사이트를 바로 신속하게 차단할 수 있는 시간을 줄이는 것과 저희에게 그 것에 대한 어떤 권한이 주어진다면 훨씬 더 불법 사이트를 제재할 수 있다고 생각합니다.",,unreviewed,
CAND_TGT_2024_0035_01007BC8,TGT_2024_0035,054519_SEG_TURN_01098,1,0.38287828220121384,0.0,0.248870883430789,054519,◯국립현대미술관장김성희 저희국립현대미술관소장품에진품확인서절차가있습니 다. 반드시진품으로진행하고있고요.,,unreviewed,
CAND_TGT_2022_0218_6B799ED7,TGT_2022_0218,052493_SEG_TURN_00149,1,0.08451882570595069,0.07757325892082423,0.08208787733115643,052493,◯임종성 위원 그런데 이 컨디셔닝팀을 모집하 면서 별도의 채용공고나 공개모집 절차 없이 개 별 수의계약 형식으로 계약이 체결되었습니다. 체육회에 개별 수의계약 사유를 확인해 보니까 도쿄 올림픽과 항저우 아시안게임을 앞두고 경쟁 에 부칠 여유가 없었고 코로나 확산 방지를 위해 숙소생활을 강제하는 등 용역 환경이 어려워 개 개인별로 수의계약을 체결했다고 밝혔습니다. 맞 습니까?,,unreviewed,
CAND_TGT_2024_0571_9B71FF10,TGT_2024_0571,054345_SEG_CURR_NEXT_02483,1,0.21691884833585545,0.0,0.14099725141830605,054345,"◯조계원위원 그렇다면규모는작더라도어느정도이색적인MICE를발굴해서지원 해야되는데왜대기업이나공공기관, 충분히자체적으로얼마든지홍보하고투자할수 있는곳을선정했냐이말입니다. ◯한국관광공사사장직무대리서영충 그러니까아마말씀드린대로그사업취지가독 특성, 말그대로유니크하냐때문에한것으로보이는데, 말씀하신취지충분히이해를 했고요. 공공하고민간을나누고또수도권하고지역하고이렇게좀나누어서섹터별로 선정하는방식등의개선방안을마련하도록하겠습니다.",,unreviewed,
CAND_TGT_2024_0195_891E5016,TGT_2024_0195,054269_SEG_CURR_NEXT_00287,2,0.40573774545140073,0.0,0.26372953454341047,054269,"◯정연욱위원 그러니까부지공모때문에, 결국부지공모연기를하고이런일련의 과정에서유산청은태릉국제스케이트장사용기한연장해서조건부수용하겠다. ◯국가유산청장최응천 조건부수용맞습니다.",,unreviewed,
CAND_TGT_2020_0037_FF64D85F,TGT_2020_0037,050673_SEG_TURN_00342,1,0.25622550058827565,0.0,0.1665465753823792,050673,"◯이병훈 위원 건축물 미술작품 제도의 법적 보 강이 필요한데, 어쨌든 이건 지금 일반 건축공사 하고 차이가 많이 나는데 전국 17개 시도에다가 위촉직 심사위원 제도를 두고 있어요. 이것이 뭐 냐 하면 심의를 누가 한다를 다 공개해 버리는 겁니다. 이게 조달청 심사규칙에는 심사위원 명단을 보 통 공개 안 하거든요. 그때그때 지정해서 해요. 그런데 지금 여기는 2년, 1년 이렇게 돼 있습니 다. 이것 문체부 쪽하고도 나중에 종감 때 얘기 를 하겠지만 인력풀제를 써야 돼요. 인력풀제를 안 쓰면 사전에 심사위원이 공개된 거나 다름없 고 심사위원과 예술가, 건축가의 담합, 건축주 간 의 담합 가능성이 있습니다. 또 이런 말도 있어 요. 고의로 건축물 미술작품 부결률을 높여 가지 고 문예진흥기금으로 받으려고 한 것 아니냐, 이 런 얘기도 들릴 정도입니다. 그래서 이 부분은 각 지자체의 건축물 미술작 품 심사제도 개선이 돼야 되는데 문예위원회뿐만 아니라 문체부가 종합적으로 이 부분을, 조례도 없",,unreviewed,
CAND_TGT_2020_0246_BF1DC14B,TGT_2020_0246,050673_SEG_TURN_00519,1,0.3985052991813101,0.0,0.25902844446785156,050673,◯한국문화예술위원장 박종관 송구합니다.,,unreviewed,
CAND_TGT_2022_0242_3E9C2EE4,TGT_2022_0242,052364_SEG_TURN_00315,1,0.24521383802469623,0.0,0.15938899471605256,052364,◯한국문화예술위원장박종관 예?,,unreviewed,
CAND_TGT_2022_0128_34D67CBF,TGT_2022_0128,052493_SEG_CURR_NEXT_00689,2,0.08599512849833682,0.0,0.055896833523918936,052493,◯대한체육회장 이기흥 예. ◯위원장 홍익표 이런 일이 발생하면 안 되겠지 요. 최근에는 국제대회 참가가 랭킹도 정하잖아요?,,unreviewed,
CAND_TGT_2022_0444_A485FE4F,TGT_2022_0444,052315_SEG_TURN_00948,1,0.2878244452328109,0.068159611134316,0.21094175329833773,052315,◯이용호 위원 장애인 축구단 아니지요? 성남FC가 장애인 축구단입니까?,,unreviewed,
CAND_TGT_2020_0200_FA63E77B,TGT_2020_0200,050430_SEG_TURN_00058,2,0.2535950059037122,0.0,0.16483675383741295,050430,◯문화체육관광부장관 박양우 서울시태권도협회 뿐만 아니라 우리 태권도 정상화를 위해서 요새 굉장히 고민 중에 있습니다.,,unreviewed,
CAND_TGT_2020_0240_EC551F17,TGT_2020_0240,050430_SEG_TURN_00736,1,0.09432639305327052,0.1983059930047366,0.13071925303628365,050430,"◯유정주 위원 박양우 장관님, 지난 7월 스포츠 산업계 코로나19 피해 긴급 실태조사 하셨지요?",,unreviewed,
CAND_TGT_2020_0450_3712B545,TGT_2020_0450,050615_SEG_CURR_NEXT_00233,2,0.275375690324372,0.3796110097851652,0.3118580521356496,050615,"◯한국관광공사사장 안영배 아니 아니요, DMZ 라고 하시니까 DMZ 안을 생각하시는...... ◯배현진 위원 DMZ 평화관광사업 저는 지금 그 사업에 대해서 말씀을 드리는 겁니다.",,unreviewed,
CAND_TGT_2024_0535_2015D2F3,TGT_2024_0535,054345_SEG_CURR_NEXT_00362,1,0.14553934321808112,0.0,0.09460057309175274,054345,"◯조계원위원 다음PPT 부탁드립니다. 청소년불법도박의유형별이용현황을보면앞서설명드렸듯이토토, 체육진흥투표권 의토토이쪽에서지금온라인카지노도박에압도적으로청소년들이빠져들고있고이것 은앞서얘기했던스마트폰의즉시성이나, 즉시응답이되고이런부분들때문에강화되 고있다고보는데이것들이더강한중독을유발하는것같아요. ◯한국도박문제예방치유원장신미경 예, 그렇습니다.",,unreviewed,
CAND_TGT_2022_0005_F48F35F8,TGT_2022_0005,052423_SEG_TURN_01536,1,0.4143580807298049,0.0,0.2693327524743732,052423,"◯한국문화관광연구원장직무대행 류광훈 예, 알 겠습니다.",,unreviewed,
CAND_TGT_2020_0458_30C31D9C,TGT_2020_0458,050615_SEG_TURN_00229,1,0.15441459927923856,0.0,0.10036948953150507,050615,◯한국관광공사사장 안영배 112억 원은 그러니 까 접경지의 관광 활성화 사업으로 보시면 될 것 같습니다.,,unreviewed,
CAND_TGT_2020_0457_ADD3E8F0,TGT_2020_0457,050615_SEG_PREV_CURR_00552,2,0.3676476420351199,0.11160180050183764,0.2780315974984711,050615,"◯위원장 도종환 답변하세요. ◯한국관광공사사장 안영배 아까 이상직 위원님 도 말씀하셨는데 관광 벤처 같은 경우는 수도권 에 집중된 게 사실입니다. 그래서 문화부하고 관 광공사에서 지역 관광기업지원센터를 작년에 부 산을 했고 올해 경남과 인천과 대전.세종, 세 군데를 더 했습니다. 지금 문화부 계획은 23년까 지 서울과 제주를 제외한 나머지 14개 광역시. 도 지자체에 관광기업지원센터를 만든다는 건데 요. 위원님이 질의하신 그 내용이 맞다고 생각합니 다. 아무리 수도권에 관광기업지원센터를 잘 만 든다고 그래도 지역이 활성화되지는 않거든요. 그래서 부산 같은 경우도 관광기업지원센터를 작 년에 설립을 했는데 올해까지 한 70개 기업을 관 광기업으로 유치를 했습니다. (발언시간 초과로 마이크 중단) (마이크 중단 이후 계속 발언한 부분)",,unreviewed,
CAND_TGT_2022_0409_FA00F654,TGT_2022_0409,052229_SEG_CURR_NEXT_01032,2,0.25446052173068984,0.0,0.1653993391249484,052229,"◯문화체육관광부장관 박보균 예, 예결위에서 들었습니다. ◯임오경 위원 그랬습니다. 운동을 하면 국민 일인당 약 40만 원의 의료비 절감 효과가 있다는 한국스포츠정책과학원에서 연구 발표한 것도 알 고 계시지요?",,unreviewed,
CAND_TGT_2022_0313_F63EAFAA,TGT_2022_0313,052423_SEG_CURR_NEXT_00120,2,0.20990596814110532,0.0,0.13643887929171847,052423,"◯영화진흥위원장 박기용 예, 그렇게 하겠습니 다. ◯류호정 위원 이어서 다른 질의입니다. 부산국제영화제 관련인데요. 아시아 최대 영화제라는 이야기 나오고 있지 요. 부산국제영화제 온라인 예매로 참 말이 많습 니다. 화면 보시겠습니다. 온라인 티케팅은 젊은 사람들도 쉽지 않거든 요. 특히나 이번에 인터넷 예매에 취약한 계층들 을 철저히 소외시켰습니다. 이외에도 예매 첫날 부터 예매권 인증 처리 문제로 시스템이 먹통이 되고 예매 시에 비밀번호 설정이 없어서 예매자 이름과 전화번호, 생년월일 8자리 숫자만 넣으면 타인의 예매 취소도 가능했습니다. 부국제에서 이번 전량 티켓에 대해 온라인 예 매를 도입한 이유가 관객 편의를 고려한 개선 조 치라고 답변을 했는데 누군가에게는 그저 행정 편의로만 보였을 것 같습니다, 이렇게 종이로 표 를 그려서 현장 예매를 하고자 하는 노인층이라 든지 이런 분들에게는요. 현장 판매분이 암표가 되어서 문제가 있다 하 면 그 문제를 해결할 수 있는 방안을 고민해야",,unreviewed,
CAND_TGT_2024_0082_3B827ABF,TGT_2024_0082,054622_SEG_PREV_CURR_03072,1,0.3063116153495044,0.0,0.19910254997717788,054622,"◯문화체육관광부장관유인촌 예, 그렇습니다. ◯임오경위원 그런데우리나라는저작권법상포괄적양도조항때문에특약을체결해 야재방송료같은정당한보상을받을수있게되어있어요. 그래서제가볼때는만나 야지모든게해결이될수있다라고생각을합니다. 배우, 감독, 작가, 스태프등유관단 체들과넷플릭스와만나는자리를만들어주셨으면합니다. 그리고정당한보상을위한 저작권법개정에도적극적으로나서주셔야된다고생각을하고요.",,unreviewed,
CAND_TGT_2022_0117_B5B13F6C,TGT_2022_0117,052229_SEG_CURR_NEXT_00826,2,0.2731496466907493,0.0,0.17754727034898707,052229,"◯위원장 홍익표 김승수 위원님 수고하셨습니 다. 다음은 이개호 위원님 질의해 주시기 바랍니 다. ◯이개호 위원 수고 많으십니다. 장관님, 지역체육 관련해서 한 가지 지적을 먼 저 하겠습니다. 지금 지역체육 운영이 엘리트체육과 생활체육이 통합해서 운영이 되고 있습니다. 그러면서 2001년 도부터 도입이 된 생활체육지도자 있지요. 그 제 도가 있는데 생활체육지도자들의 기능이 대단히 활발하게 이루어지고 있지요?",,unreviewed,
CAND_TGT_2020_0192_B112C9C9,TGT_2020_0192,050673_SEG_CURR_NEXT_00706,2,0.1636760207830821,0.0,0.10638941350900337,050673,◯국립한글박물관장 심동섭 예. ◯임오경 위원 한글의 원리를 체험하게 하려면 외국인 관람객 대상 활성화 방안을 마련해야 한다 고 보는데 준비는 하고 계시는지 이 방안책 또한 제 질의가 끝난 다음에 답변을 좀 해 주시고요.,,unreviewed,
CAND_TGT_2020_0335_374C9CE1,TGT_2020_0335,050606_SEG_TURN_00012,1,0.4049334286286598,0.0,0.26320672860862887,050606,◯위원장 도종환 수고하셨습니다. 다음은 이미연 영상물등급위원회 위원장 나오 셔서 업무보고 해 주시기 바랍니다.,,unreviewed,
CAND_TGT_2024_0031_6038554B,TGT_2024_0031,054622_SEG_TURN_02776,2,0.18717293734978552,0.0,0.12166240927736059,054622,◯문화체육관광부장관유인촌 그렇게되지않도록해야지요.,,unreviewed,
CAND_TGT_2020_0408_C702AEBF,TGT_2020_0408,050606_SEG_TURN_00284,1,0.09906912611653587,0.06742299313526741,0.0879929795730919,050606,◯한국콘텐츠진흥원장 김영준 지금 위원님의 지 적이 타당하신 지적이고요. 저희가 그렇지 않아 도 콘진원에서 사업혁신위원회 제도 개선을 통해 서 중간평가 과정을 중간점검 과정으로 바꾸고 요. 실질적으로 중간평가에서 탈락해서 지원 업 체들의 손실이 발생하지 않도록 저희가 제도 개 선책을 준비 중에 있습니다. (발언시간 초과로 마이크 중단) (마이크 중단 이후 계속 발언한 부분),,unreviewed,
CAND_TGT_2020_0428_A60B2BBE,TGT_2020_0428,050492_SEG_TURN_01028,1,0.15318135953175632,0.0,0.09956788369564161,050492,"◯대한장애인체육회장 이명호 위원님 지적하신 사항대로 저희들이 지금 아직 17개, 우리가 생활 체육사업은 17개 시도를 통해서 사업을 진행하고 있습니다. 시군구까지 체육회가 설립되어서 노인 들까지도 프로그램을 개발할 수 있도록 노력을 해 나가겠습니다. (발언시간 초과로 마이크 중단)",,unreviewed,
CAND_TGT_2024_0031_F0B83DE8,TGT_2024_0031,054235_SEG_TURN_01579,1,0.26187087072165033,0.0,0.1702160659690727,054235,◯문화체육관광부장관유인촌 적극적으로그런피해가되지않도록노력을할생각입 니다.,,unreviewed,
CAND_TGT_2022_0177_B1367AD5,TGT_2022_0177,052423_SEG_TURN_00147,1,0.10833467802857608,0.09713584852107038,0.10441508770094908,052423,"◯임오경 위원 정권이 바뀌고 단체장의 당적이 바뀌니 정치 환경 변화에 따라 문화예술이 휘둘 리고 있습니다. 결국 그 피해는 현장에 있는 사 람들과 국민들이 다 껴안고 있다는 겁니다. 위원장님, 5배의 이익 창출을 냈음에도 왜 이 러한 상황이 벌어진다고 생각하십니까? 앞서 지 자체를, 지금 계속 지역에 대해서 말씀을 하고 있는데 같은 생각인가요?",,unreviewed,
CAND_TGT_2024_0489_7D8C2DA9,TGT_2024_0489,054345_SEG_TURN_00524,2,0.30957356705310785,0.0,0.2012228185845201,054345,◯한국출판문화산업진흥원장김준희 잘못되었습니다.,,unreviewed,
CAND_TGT_2022_0234_F48F35F8,TGT_2022_0234,052423_SEG_TURN_01536,2,0.4004018930377597,0.0,0.2602612304745438,052423,"◯한국문화관광연구원장직무대행 류광훈 예, 알 겠습니다.",,unreviewed,
CAND_TGT_2020_0192_8C6C18AC,TGT_2020_0192,050673_SEG_TURN_00707,1,0.18256947402850354,0.0,0.11867015811852731,050673,◯임오경 위원 한글의 원리를 체험하게 하려면 외국인 관람객 대상 활성화 방안을 마련해야 한다 고 보는데 준비는 하고 계시는지 이 방안책 또한 제 질의가 끝난 다음에 답변을 좀 해 주시고요.,,unreviewed,
CAND_TGT_2024_0452_5CC1A624,TGT_2024_0452,054435_SEG_TURN_00111,1,0.20775010422168863,0.0,0.13503756774409761,054435,"◯정연욱위원 그동안철저하게제대로이런부분이이행이안되니까지상파몇군데 에서하는단순한모니터링이아니라, 지금중소방송사업자는심지어저작권이걸리는, 저작권료가나가는모든효과음까지도아예쓰지않겠다는방송사업자들, 카페나이런 데는대부분이게걸리는것아닙니까? 그러니까이부분에대한것들이어느정도기준 도없이주먹구구로집행이되니현실적으로는중소사업자들이엄청난피해를보고있 고, 호소하는것아닙니까?",,unreviewed,
CAND_TGT_2024_0114_4A2EF31A,TGT_2024_0114,054622_SEG_TURN_03062,1,0.05206172133301147,0.3367968332116432,0.15171901049053257,054622,"◯임오경위원 장관님, OTT 콘텐츠대중문화예술산업에포함될까요, 안됩니까?",,unreviewed,
CAND_TGT_2022_0081_93554DD0,TGT_2022_0081,052229_SEG_PREV_CURR_01049,2,0.2741065632991815,0.0,0.17816926614446796,052229,"◯위원장 홍익표 임오경 위원님 수고하셨습니 다. 다음은 이용 위원님 질의해 주시기 바랍니다. ◯이용 위원 국민의힘 이용 위원입니다. 문체부는 지난 2020년 지역기반형 음악창작소 조성 공모사업에 인천시와 경주시를 선정하여 각 각 국비 보조금 10억 원씩을 교부했습니다. 그중 인천 음악창작소는 부평 미군기지 캠프마켓에서 지난달 시범운영을 시작했는데 캠프마켓 부지를 놓고 지역주민들의 갈등이 심해서 정상적으로 운 영이 불가피한 상황입니다. 지난 5월 박남춘 전 시장이 캠프마켓 공원조성 기본계획을 수립하겠다고 나서면서 인천 음악창 작소 철거 가능성까지 제기되고 있고 그리고 문 체부를 통해서 투입된 국비 10억 원은 지금 증발 된 셈입니다. 장관이 이 상황을 알고 있을 거라 고 저는 생각합니다. PT를 보시지요. (영상자료를 보며) 공모사업 신청 당시 상황을 보니까 인천시는 음악창작소 조성사업 시설을 확보하지 않고 캠프 마켓의 토지오염, 환경정화 문제로 바로 사업을 진행할 수 없는 상황이었습",,unreviewed,
CAND_TGT_2020_0279_A5563064,TGT_2020_0279,050606_SEG_TURN_01227,1,0.28616417559295754,0.07396366091114781,0.21189399545432414,050606,"◯국립발레단예술감독 강수진 SNS 활동규정 제정에 대해서 지난 4월 전문 변호사의 자문을 받았습니다. 또한 현재 시점에 새로운 개념을 도 입하는 과정에서 노사 간 의견 일치가 쉽지만은 않고 더욱이 코로나19로 인한 재택근무 기간이 이어지는 상황에서 협의가 일단 중단되었습니다. 내년 3월 단체협약 제ᆞ개정 시점에 맞추어 이를 진행하고자 합니다. 그리고 아직 시간이 있으면 앞으로 대책에 대 해서 말씀드리겠습니다. 단원의 영리목적 활동은 원칙적으로 사전에 승 인을 받아야 가능하며 이는 유튜브를 통한 영리 활동을 포함합니다. 인터넷 개인방송 및 SNS 활 동이 가족.친지 등 타인의 영리를 목적으로 운 영하는 사업에 도움을 줄 수 있는 경우에도 사전 에 승인을 받을 수 있도록 규정 개정 등 노사 간 의 협의가 이루어지도록 추진하겠습니다. 발레단 로고, 이름 등 직.단원이 발레단 소속 임을 알 수 있는 자료, 이미지, 문구, 표시 등을 사용하거나 발레단 직무와 관련성이 있는 인터넷 개인방송 및",,unreviewed,
CAND_TGT_2022_0100_3A322691,TGT_2022_0100,052229_SEG_TURN_00977,2,0.19016206045449216,0.0,0.1236053392954199,052229,"◯유정주 위원 여야가 하나된 목소리를 내는 개 정안 많지 않을 것 같습니다. 이렇게 같은 목소 리를 내는 것에는 이유가 있을 겁니다. 장관님, 영상저작자에 정당한 보상을 해 줘야 한다는 저작권법 개정안에 대해서 어떻게 생각하 십니까?",,unreviewed,
CAND_TGT_2024_0446_D143946C,TGT_2024_0446,054345_SEG_TURN_01566,2,0.1428700322713761,0.0,0.09286552097639447,054345,◯증인이재진 기사형광고를개선하라는저희의권고에대해서이행률이......,,unreviewed,
CAND_TGT_2022_0149_ACD4A6BF,TGT_2022_0149,052556_SEG_CURR_NEXT_00055,2,0.303397108156796,0.0,0.1972081203019174,052556,"◯임오경 위원 또한 마지막으로, 문체부 관광산 업정책관님도 나오셨지요? ◯문화체육관광부관광산업정책관 김상욱 예.",,unreviewed,
CAND_TGT_2020_0235_779CA466,TGT_2020_0235,050615_SEG_PREV_CURR_01212,2,0.23014589545673025,0.054956577745082155,0.16882963425765343,050615,◯세종학당재단이사장 강현화 예. ◯유정주 위원 문체부 감사에서도 세종학당재단 은 2019년 12월 감사 시까지도 ‘한국어교육 등 거점 세종학당으로서의 본연의 기능을 하지 못 함’이라는 지적을 받기도 했습니다. 물론 세종학당이 이렇게 운영된 데는 문체부 책임도 있습니다. 2012년 세종학당재단 설립 이 후 문체부 감사 몇 번 받았습니까? 한 번 받으셨 지요?,,unreviewed,
CAND_TGT_2022_0503_3B6D3311,TGT_2022_0503,052315_SEG_CURR_NEXT_00632,2,0.10798682069488424,0.0,0.07019143345167476,052315,"◯황보승희 위원 그래서 3년 동안 민원서비스가 전혀 개선되지 않은 것으로 보면 문체부가 자체 의지로 서비스를 개선할 가능성이 별로 높지 않 아 보입니다. 이참에 외부 전문업체에게 용역을 맡겨서 민원서비스 운영의 전반적인 문제점을 진 단하시고 그에 대한 개선 방안 등을 마련할 필요 가 있다고 생각하는데, 어떻게 생각하십니까? ◯문화체육관광부장관 박보균 적절한 지적이라 고 생각합니다.",,unreviewed,
CAND_TGT_2022_0127_3DAF9272,TGT_2022_0127,052493_SEG_TURN_00401,1,0.27127728830411607,0.0,0.17633023739767545,052493,◯문화체육관광부체육국장 최보근 실효성 확보 를 위한 제도개선 방안을 전반적으로 검토하도록 하겠습니다.,,unreviewed,
CAND_TGT_2022_0124_9405C927,TGT_2022_0124,052493_SEG_CURR_NEXT_00226,2,0.2347035113760158,0.0,0.15255728239441027,052493,◯전재수 위원 성폭력 예방교육에도 허점이 많 이 있습니다. 그렇지요? ◯스포츠윤리센터이사장 이은정 예.,,unreviewed,
CAND_TGT_2020_0150_9162C69E,TGT_2020_0150,050430_SEG_PREV_CURR_00003,1,0.0918378319462968,0.026174125463248443,0.06885553467722988,050430,"◯위원장 도종환 의석을 정돈해 주시기 바랍니 다. 지금부터 헌법 제61조, 국회법 제127조와 국정 감사 및 조사에 관한 법률에 따라 문화체육관광 부와 문화재청 그리고 각각의 소속기관, 공공기 관 및 유관기관 등에 대하여 2020년도 국정감사 를 실시할 것을 선언합니다. 우리 위원회는 일곱 차례에 걸쳐 문화체육관광 부 및 문화재청 소관 분야에 대한 국정감사를 실 시하였습니다. 이번 국정감사는 국내 최대 규모 복합문화예술 기관인 광주 국립아시아문화전당과 선사시대 유 적지로서 국보 제285호인 울산 반구대 암각화 지 역 등 두 차례에 걸쳐 문화예술 분야의 현장시찰 을 실시하였고 특히 보다 내실 있는 감사를 위하 여 국회에서 많은 감사가 이루어지도록 하였습니 다. 오늘은 이번 국정감사 마지막 날입니다. 이번 국감은 우리 위원회가 2018년에 교문위에 서 분리된 이후 세 번째 실시하는 국감입니다. 본인은 국정감사 위원장으로 직무를 수행하면서 위원님들의 철저한 국정감사 준비와 협조 덕분에 우",,unreviewed,
CAND_TGT_2022_0392_19269587,TGT_2022_0392,052493_SEG_TURN_00155,1,0.2035997254539466,0.24549396343527444,0.21826270874741133,052493,◯임종성 위원 대한체육회는 지난해와 올해 진 행된 컨디셔닝팀 운영과 관련해서 자체감사를 실 시하시고 발견된 문제들에 대해서는 필요한 조치 더불어 컨디셔닝팀 운영 지원이 보다 공정하게 이루어질 수 있도록 개선 방안을 마련해 주십시 오.,,unreviewed,
CAND_TGT_2022_0323_BB542EBB,TGT_2022_0323,052315_SEG_CURR_NEXT_00511,2,0.11948904948997521,0.0,0.07766788216848389,052315,◯김승수 위원 기존에 넷플릭스에서 걷어 간 수 익에 비해서 국내 콘텐츠 제작자들한테 대한 기 여가 거의 없다는 것들이 관련 업계 종사자들이 나 우리 일반 국민들의 생각입니다. 특별히 우리 콘텐츠 제작 생태계의 그런 건전한 발전을 위해 서 기여한 게 있습니까? ◯증인 정교화 위원님께서 지적하신 사항을 유 념하고 한국 콘텐츠산업과 제작환경에 더 기여할 수 있는 방안을 찾아보도록 계속 노력하겠습니 다.,,unreviewed,
CAND_TGT_2022_0468_B9AB8DF8,TGT_2022_0468,052493_SEG_TURN_01336,2,0.1675536258902793,0.0,0.10890985682868155,052493,◯임오경 위원 반드시 페널티 적용되는 대책을 마련하셔서 이러한 일이 반복되지 않도록 주의해 주십시오.,,unreviewed,
CAND_TGT_2022_0103_8E774BD0,TGT_2022_0103,052315_SEG_TURN_00503,2,0.058173855417091525,0.0,0.03781300602110949,052315,"◯김승수 위원 얼마나 지급했습니까, 보상금?",,unreviewed,
CAND_TGT_2022_0105_4D18C76F,TGT_2022_0105,052229_SEG_TURN_00858,1,0.2090596869990955,0.0,0.13588879654941208,052229,"◯김예지 위원 국민의힘 김예지입니다. 장관님, 장애예술인지원법 제10조가 혹시 뭔지 아시나요? 모르시지요? ‘국가와 지방자치단체가 영화 및 방송 등 문화 예술활동에 장애예술인 참여를 확대시키기 위해 노력해야 한다’고 명시되어 있는 조항입니다. 그런데 실태조사를 확인해 보면 대다수의 문화 예술 장르에 진출해서 이미 활동하고 계시는 분 들이 있는데 영화.방송.연예 분야에서는 2%도 미치지 못한 것으로 나타났습니다. 그래서 지원법에도 있는 만큼 또 요즘에 다들 잘 아시겠지만 ‘이상한 변호사 우영우’ 그리고 ‘우리들의 블루스’ 이런 것을 통해서 장애 이슈들 이 대두되고 있는데요. 특히나 ‘우리들의 블루스’ 같은 경우에는 장애 당사자인 배우가 직접 등장 합니다. 발달장애인 배우와 또 청각장애인 배우 가 직접 연기를 하는데요. 이런 점을 더 높이 삽 니다. 그리고 사실 장애인이 아닌 배우가 장애인 연기를 하는 것은 크리핑 업(cripping up)이라고 해서 좋지 않은 평론가들의 비평도 있고 ",,unreviewed,
CAND_TGT_2024_0127_9368CF91,TGT_2024_0127,054435_SEG_CURR_NEXT_00096,2,0.23875522918317701,0.0,0.15519089896906507,054435,"◯위원장전재수 수고하셨습니다. 다음은정연욱위원님질의해주시기바랍니다. ◯정연욱위원 한국저작권위원회강석원위원장님잠깐만...... 그냥계시면제가얘기하겠습니다. 우리가음악저작권문제에대해서창작자들의노고나이걸높이사기때문에보상을 위한저작권료잘챙겨야되는건분명합니다. 다만이게음악저작권협회나저작권위원 회가수탁하고있는기관이아마13개협회가있는것같습니다, 한국음악저작권협회등 포함해서요.",,unreviewed,
CAND_TGT_2020_0297_F2B2E839,TGT_2020_0297,050492_SEG_PREV_CURR_00621,2,0.11789293128142711,0.0,0.07663040533292763,050492,"◯위원장 도종환 지원 정책을 좀 더 체계적으로 만들고 확대해 나가고 이렇게 해야 되겠지요? ◯문화체육관광부체육협력관 박용철 예, 그렇게 하겠습니다.",,unreviewed,
CAND_TGT_2022_0028_3ECCEF3B,TGT_2022_0028,052315_SEG_CURR_NEXT_01339,2,0.18236875583431383,0.0,0.11853969129230399,052315,"◯전재수 위원 이분들이 인력이 되게 부족한데 도 열심히 했습니다, 장관님. 열심히 했다는 건 꼭 좀 인지를 해 주시고요. 현재까지 수집한 소장품 또 관련 용역에 대한 전수조사도 필요해 보이는데 장관님께서 판단을 하셔서 한번 챙겨 봐 주시고 그 결과가 나오면 저희 의원실에도 서면으로 좀 갖다 주시고요. 또 소장품 수집을 잠시 잠깐이라도 중단을 하 고 어떤 전시계획 그다음에 현재 수집품의 정합 성에 대한 평가 그다음에 수집 규정들이 불명확 한 부분들이 있더라고요, 이러한 부분들 또 향후 의 체계적인 구매계획이라든지 이런 부분들을 한 번 챙겨 봐 주시고, 이 부분도 문체부에서 내용 이 정리가 되는 대로 저희 의원실에 제출해 주십 사 하는 당부의 말씀을 드리도록 하겠습니다. ◯문화체육관광부장관 박보균 예, 그렇게 하겠 습니다.",,unreviewed,
CAND_TGT_2020_0161_FF4A7180,TGT_2020_0161,050615_SEG_CURR_NEXT_00683,1,0.03829314451970601,0.15035173177486566,0.0775136500590119,050615,"◯전용기 위원 그러면 됐습니다. 지금 질의시간 이 짧아서 죄송합니다. 그리고 원장님, 2017년 성희롱 사건이 발생할 당시 피해자들이지요. 윤소영 실장에게 피해사실 을 신고했습니다. 그런데 윤소영 실장은 은폐했 어요, 그렇지요? 그리고 정직 3개월 처분 받았지 요? ◯한국문화관광연구원장 김대관 지금 조사위원 회와 징계위원회를 거쳐서 판결이 났습니다.",,unreviewed,
CAND_TGT_2022_0052_1727102F,TGT_2022_0052,052315_SEG_CURR_NEXT_01051,2,0.19893845468520266,0.1915875946850736,0.1963656536851575,052315,"◯위원장 홍익표 그리고 두 번째, 지금 장애 인.노인.임산부 등의 편의증진 보장에 관한 법 률 제7조.8조, 그 시행령 등에 따라서 박물관. 미술관에 의무적으로 설치해야 될 장애인 편의시 설이 있습니다. 이것도 지금 문체부에서는 실태 파악이 안 되어 있다고 답변이 와 있습니다. 그러니까 BF 인증도 지금 실태 파악이 안 되 어 있고 전국 박물관, 미술관의 장애인 접근성과 관련된 기본 인프라에 대해서도 실태 파악이 안 되어 있습니다. 그래서 금년 1월 박물관법 개정으로 장애인 접 근성 제고하는 걸로 법 개정됐지요? 그래서 이 부분에 대해서 실태 파악에서부터 그다음에 앞으 로 배리어프리 확산을 위한 방안들을 문화체육관 광부에서 적극적으로 추진해야 됩니다. 아시겠습 니까? ◯문화체육관광부장관 박보균 예, 그렇게 하겠 습니다.",,unreviewed,
CAND_TGT_2020_0279_96327A84,TGT_2020_0279,050606_SEG_PREV_CURR_01228,2,0.28628587850296877,0.0723260052333494,0.211399922858602,050606,"◯국립발레단예술감독 강수진 SNS 활동규정 제정에 대해서 지난 4월 전문 변호사의 자문을 받았습니다. 또한 현재 시점에 새로운 개념을 도 입하는 과정에서 노사 간 의견 일치가 쉽지만은 않고 더욱이 코로나19로 인한 재택근무 기간이 이어지는 상황에서 협의가 일단 중단되었습니다. 내년 3월 단체협약 제ᆞ개정 시점에 맞추어 이를 진행하고자 합니다. 그리고 아직 시간이 있으면 앞으로 대책에 대 해서 말씀드리겠습니다. 단원의 영리목적 활동은 원칙적으로 사전에 승 인을 받아야 가능하며 이는 유튜브를 통한 영리 활동을 포함합니다. 인터넷 개인방송 및 SNS 활 동이 가족.친지 등 타인의 영리를 목적으로 운 영하는 사업에 도움을 줄 수 있는 경우에도 사전 에 승인을 받을 수 있도록 규정 개정 등 노사 간 의 협의가 이루어지도록 추진하겠습니다. 발레단 로고, 이름 등 직.단원이 발레단 소속 임을 알 수 있는 자료, 이미지, 문구, 표시 등을 사용하거나 발레단 직무와 관련성이 있는 인터넷 개인방송 및",,unreviewed,
CAND_TGT_2020_0262_F2553615,TGT_2020_0262,050673_SEG_CURR_NEXT_00210,2,0.20874904328264154,0.030285838179829643,0.1462869214966574,050673,"◯(재)한국예술인복지재단대표이사 정희섭 지금 지적하신 부분은 저희들도 계속 유념하고 있고 요. 특히 올해 12월 10일부터 장애예술인 문화예 술 활동 지원에 관한 법률이 시행될 예정입니다. 이 법률의 기본이념은 “장애예술인은 그 능력과 의사에 따라 예술 활동에 종사하고 참여할 기회 를 보장받아야 한다”라고 명시되어 있습니다. 그 래서 이 법률 조항에는 장애예술인에 대한 창작 지원, 참여 확대 등이 명시돼 있으므로 이에 의 거해서 앞으로 장애예술인들의 활동이 더욱 활성 화될 수 있기를 희망하고요, 저희 재단에서도 많 은 관심을 가지고 노력하겠습니다. ◯김예지 위원 희망만 하시지 말고 구체적인 사 업 설계를 하셔서 반영될 수 있도록 노력해 주시 기 바랍니다.",,unreviewed,
CAND_TGT_2024_0422_51C78771,TGT_2024_0422,054519_SEG_TURN_01061,1,0.09118486799156363,0.0,0.05927016419451636,054519,"◯강유정위원 개선의지있으시다면그래도건수정도는기억하셨어야지요. 점자블록 설치해서전시물까지, 시각장애인안내할수있는점자블록아시지요?",,unreviewed,
CAND_TGT_2022_0306_F1793990,TGT_2022_0306,052423_SEG_TURN_01432,1,0.22306507999830213,0.0,0.1449923019988964,052423,◯한국콘텐츠진흥원장 조현래 예.,,unreviewed,
CAND_TGT_2020_0297_D393A6D7,TGT_2020_0297,050308_SEG_TURN_00090,1,0.11880431137590242,0.0,0.07722280239433657,050308,◯이상직위원 그리고지역거점형콘텐츠기업 육성센터가있는것알고계시지요?,,unreviewed,
CAND_TGT_2020_0145_7ADDDEBA,TGT_2020_0145,050350_SEG_TURN_01253,2,0.10688802769380996,0.0,0.06947721800097648,050350,"◯위원장 도종환 그리고 이렇게 촉감과 스토리 텔링과 음원까지가 들어가 있어서 장애인들이 활 용하기 아주 좋게 만든, 그래서 비장애인도 활용 할 수 있는 이런 책 더 뭘 만들 수 있는지, 다양 하게 많이 있을 것이라고 생각되고, 예산은 어느 정도 필요한지 이런 것들을 계산하셔 가지고 저 희 위원회에 주시면 저희가 예산 심의할 때 이런 부분들을 논의할 수 있을 것 같거든요. 그러니까 청장님께서 부수는 어떻게 되는지 예산은 어떻게 되는지 이런 계획을 위원회에 주시기 바랍니다.",,unreviewed,
CAND_TGT_2022_0456_2D1BF88D,TGT_2022_0456,052493_SEG_TURN_01394,1,0.42445151095241485,0.2620249510314959,0.36760221498009327,052493,"◯유정주 위원 만약 재단과 태권도원의 인지도 상승과 활성화 방안 등이 마련된 것이 혹시 있나 요, 계획되고 있는 것이?",,unreviewed,
CAND_TGT_2022_0122_E8B6EC7C,TGT_2022_0122,052493_SEG_PREV_CURR_00281,2,0.21578907030236902,0.05991074677043333,0.16123165706619155,052493,"◯스포츠윤리센터이사장 이은정 예, 상담과 관 련된 사업도 병행해서 진행하고 있습니다. ◯유정주 위원 스포츠윤리센터의 상담 및 신고 접수는 어떤 경로를 통해서 알 수 있어요? 그러 니까 스포츠윤리센터의 상담 및 신고 접수는 어 떤 경로들을 통해서 할 수 있습니까?",,unreviewed,
CAND_TGT_2020_0168_0B255A7F,TGT_2020_0168,050673_SEG_TURN_00463,1,0.09051243826163818,0.02072998671858313,0.06608858022156891,050673,"◯김승원 위원 박물관장님, 요새 늘어나는 유물 들을 보관할 수장고가 부족해서 권역별로 수장고 건립 사업을 계속 진행하고 있다고 합니다. 그런 데 그 사업에 있어서 계약을 체결할 때 수의계약 의 예외 조항을 이용해서 위법한 계약 혹은 법의 취지를 잠탈하는 계약이 있어서 질의를 좀 드리 겠습니다. 일단 PPT 자료 보실까요? (영상자료를 보며) 2018년 12월 21일 공주박물관이 나라장터를 통 해서 대한민국보훈복지재단과 4750만 원 계약을 체결하는데요. 이 계약 내용을 보시면 수장대에 대한 물품계약이 아니라 공사계약으로 체결을 합 니다. 그다음이요. 이렇게 공사계약서로 해서 수의계약을 체결하 고 보훈재단이 보훈단체이기 때문에 수의계약을 체결하는데 사실은 주된 금액은 이동식 수장대를 설치하는 금액인데 이것을 공사계약으로 바꿔서 수의계약을 체결한다는 거지요. 그다음 보여 주세요. 여기에 들어가는 수장대는 대원모빌랙이라는 회사에서 만든 수장대라고 합니다. 다음 보여 주세요. 도서관 가구,",,unreviewed,
CAND_TGT_2020_0224_D1A48552,TGT_2020_0224,050606_SEG_TURN_00629,1,0.14119776021534022,0.0,0.09177854413997115,050606,◯김승원 위원 문체부와 협의해서 만화진흥원의 공공기관화에 대한 장단점 혹은 구체적인 프로세 스 계획을 저희 의원실에 제출해 주시기 바랍니 다.,,unreviewed,
CAND_TGT_2022_0130_EB4F71ED,TGT_2022_0130,052493_SEG_TURN_01271,1,0.2025778758974167,0.3306092748201217,0.24738886552036343,052493,◯문화체육관광부체육협력관 강대금 체육협력관 입니다. 말씀드리겠습니다.,,unreviewed,
CAND_TGT_2024_0158_319E6BDF,TGT_2024_0158,054576_SEG_CURR_NEXT_03131,2,0.1282825416815969,0.0,0.08338365209303798,054576,◯대한체육회장이기흥 예. ◯임오경위원 (영상자료를보며) 올해가인천아시안게임10주년입니다. 인천아시안게임당시개막식이열린아시아드주 경기장이10년간총460억원의시설유지예산이집행되었으나고작202일사용해서 가동률이5%에불과합니다. 이거왜이런상황이생겼지요? 문체부알고있어요?,,unreviewed,
CAND_TGT_2020_0154_0D635630,TGT_2020_0154,050615_SEG_TURN_00158,1,0.3034777516020213,0.0,0.19726053854131384,050615,◯그랜드코리아레저(주)사장 유태열 없습니다.,,unreviewed,
CAND_TGT_2020_0016_40F7097D,TGT_2020_0016,050350_SEG_TURN_00329,1,0.13013605519281374,0.0,0.08458843587532894,050350,◯이병훈 위원 그래서 문화재청이 이 공평동 룰 을 제도화하는 방안을 마련할 필요가 있다고 생 각해요. 이에 대해서 어떻게 생각하십니까?,,unreviewed,
CAND_TGT_2024_0294_8C86E94B,TGT_2024_0294,054345_SEG_CURR_NEXT_02103,1,0.029482230583894303,0.24759871443473766,0.10582299993168948,054345,"◯이기헌위원 짧게말해주세요. 그래서언제아셨어요, 최근에? 그러면9월말, 10월 초? ◯한국정책방송원장이은우 제가정확하게기억은못하겠는데......",,unreviewed,
CAND_TGT_2022_0287_85FCB2F2,TGT_2022_0287,052423_SEG_CURR_NEXT_00220,2,0.3045935714829683,0.09257411827596214,0.23038676286051615,052423,◯임종성 위원 전 콘텐츠정책국장이자 한국콘텐 츠진흥원장으로서 이 ‘윤석열차’ 논란에 대한 평가 와 이 논란이 결과적으로 표현의 자유에 어떠한 영향을 미쳤다고 생각하는지 한번 말씀해 보세요. ◯한국콘텐츠진흥원장 조현래 그것까지는 제가 답할 수 있는 건 아닌 것 같고요. 저희 콘텐츠진흥원도 어쨌든 표현과 창작의 자 유는 존중해야 된다고 보고 있고요.,,unreviewed,
CAND_TGT_2022_0123_9405C927,TGT_2022_0123,052493_SEG_CURR_NEXT_00226,2,0.3454301503792412,0.0,0.22452959774650677,052493,◯전재수 위원 성폭력 예방교육에도 허점이 많 이 있습니다. 그렇지요? ◯스포츠윤리센터이사장 이은정 예.,,unreviewed,
CAND_TGT_2024_0414_64AD30A4,TGT_2024_0414,054576_SEG_PREV_CURR_02984,1,0.11223616619031107,0.0,0.0729535080237022,054576,"◯진종오위원 그러면법률자문의뢰한결과보면, 회장님의연임을위한법률자문이 여러건발견돼서이것을말씀드립니다. (영상자료를보며) 요청서, 자료보이시지요? ◯대한체육회장이기흥 예.",,unreviewed,
CAND_TGT_2022_0125_CD3B01AF,TGT_2022_0125,052315_SEG_CURR_NEXT_00611,1,0.20434897684662126,0.0,0.1328268349503038,052315,"◯임종성 위원 스포츠윤리센터 이사장께 질의하 겠습니다. 발언대로 나와 주십시오. 이사장님, 미성년자를 대상으로 스포츠계의 폭 행, 강제추행, 가혹행위 등 인권침해행위가 도를 넘어 매우 심각한 수준입니다. 알고 계시지요? ◯스포츠윤리센터이사장 이은정 예, 그렇습니다.",,unreviewed,
CAND_TGT_2022_0129_6BC5A82C,TGT_2022_0129,052493_SEG_TURN_00757,1,0.04670565540029397,0.04847572328551785,0.04732517916012233,052493,◯류호정 위원 어제 보도된 내용이라서 어느 정 도 상황은 파악하고 계실 거라고 생각합니다. 제 가 먼저 사례를 말씀드리고 개선방향도 말씀을 드릴 테니까 다 들으시고 한 번에 답변을 해 주 시면 되겠습니다. 첫 사례로 금지약물을 복용한 후에 도핑검사에 서 양성이 나와서 징계를 한 건인데요. 상위권 선수라서 6월에 열릴 왕중왕전에 출전할 수 있게 공단에서 징계를 낮춰준 게 아니냐 하는 말이 있 었다고 합니다. 경륜은 베팅을 하는 참여형 스포츠라서 무엇보 다도 공정성이 가장 중요한데 공단이 나서서 공 정성을 무너뜨리는 일은 저는 안 할 거라고 생각 을 했습니다. 그래서 자료제출을 받아서 확인을 좀 해 봤는 데요. 현재까지 약물 관련해서 제재를 받은 현황 입니다. (영상자료를 보며) 제일 아래가 제가 말씀드린 사례인데 5개월로 제재가 제일 낮지요. 그래서 제가 제재 경정사유 를 또 확인해 왔습니다. ‘한국도핑방지위원회 (KADA)의 심사위원 자문을 통해서 정했다’ 이 렇게 나와 있었는데요.,,unreviewed,
CAND_TGT_2022_0308_ADC29B5F,TGT_2022_0308,052423_SEG_TURN_01319,1,0.1898815768242428,0.0,0.12342302493575782,052423,◯김윤덕 위원 그러니까 게임물관리위원회에서 는 P2E 게임 같은 것은 적절하지 않다 이렇게 하는 거고요. 그렇지요?,,unreviewed,
CAND_TGT_2022_0303_6F79A7CA,TGT_2022_0303,052423_SEG_TURN_00406,1,0.296561099293368,0.0,0.1927647145406892,052423,◯한국콘텐츠진흥원장 조현래 감사합니다.,,unreviewed,
CAND_TGT_2022_0210_3390E4D1,TGT_2022_0210,052315_SEG_CURR_NEXT_00531,2,0.1421661843104375,0.0,0.09240801980178438,052315,"◯참고인 김기영 사실 방송 비정규직 노동자들 은 말로만 프리랜서이지 방송사와 제작사에 고용 된 노동자입니다. 제대로 된 근로계약을 체결하 고 근로기준법에 맞게 일을 해야 하는 환경이 만 들어져야 된다고 생각하고 있습니다. 그리고 문체부도 단순히 방송사와 제작사에 제 작비를 지원하고 끝내는 것이 아니라 방송 제작 이 얼마나 합법적으로 이루어지는지 방송 제작을 실제로 하고 있는 인력들이 어떻게 지원을 받고 있는지 확인을 해야 된다고 생각합니다. ◯류호정 위원 감사합니다. 현장의 증언 잘 들 었습니다. 장관님, 들으셨지요?",,unreviewed,
CAND_TGT_2020_0182_027758B7,TGT_2020_0182,050673_SEG_CURR_NEXT_00853,2,0.13420557126574245,0.003368893920822826,0.08841273419502059,050673,"◯국립장애인도서관장 정기애 예. ◯김예지 위원 149건입니다. 이것 말도 안 되는 건수이고요. 이렇게 카운트된 이런 도서가 7200 여 건 중 50%에 육박한다는 것이고 결국에는 7200건이 아니고 약 4000여 건 수준인 거지요. 건수, 대체자료 제작 건수입니다. 2019년 데이지 자료의 목표 건수와 제작 건수 를 보면 목표치 대비 110%나 달성한 듯 보이지 만 아까 말씀드렸던 그런 과대포장된 시 제외하 면 실제로 37% 미만입니다. 이런 상황을 종합해 봤을 때 부풀려졌지 않나, 이게 과도하게 제작 건수가 부풀려졌다고 추정이 되고요. 이런 시집을 장애인 당사자가 직접 신청한 것 이 과연 맞는지 의문도 듭니다. 매년 장애 대학생이 학습 목적으로, 여가문화 도 아닙니다, 학습 목적으로 필요해서 신청하는 대체자료 다섯 권 중 한 권을 제작하지 않고 있 는 실정이고 또 악보 같은 경우에는 1인이 1년에 3건밖에 신청을 하지 못합니다. 상당히 제한적입 니다. 특히 전공하는 학생 같으면 한",,unreviewed,
CAND_TGT_2022_0272_5A9A1B0E,TGT_2022_0272,052493_SEG_TURN_01342,2,0.09021125645888994,0.0,0.058637316698278465,052493,"◯이용 위원 예, 알겠습니다. 앉아 주십시오. 이러한 상황 속에서도 실업팀들은 매년 예산 문제로 해체되는 실정이고 결국 실업팀 창단을 위한 다양한 지원제도가 확대되는 것이 절실한 부분인 것 같습니다. 이 부분에 대해서 제도개선 방안을 마련했으면 하는 부분입니다. 다음, PPT 좀 보여 주세요. (영상자료를 보며) 실업팀 운영지원금의 경우에는 지난 2년간 평 균 지급률이 40%에 불과해 전반적인 실업팀 지 원에 굉장히 어려움을 겪고 있는 상황이고, 창단 지원금을 지급받은 신생팀에 대해서도 지금 현재 초기 자금―창단을 했을 때 지원금―만 나가지 운영지원금은 따로 안 나가지 않습니까?",,unreviewed,
CAND_TGT_2022_0453_F1957A43,TGT_2022_0453,052364_SEG_CURR_NEXT_00876,2,0.11400120154630242,0.0,0.07410078100509657,052364,◯한국문화예술위원장박종관 예. ◯유정주위원 온라인으로행정처리를하는것 이서툰원로예술인들을돕기위해서문예위는 3년전부터민간업체를통해원로예술인공연 지원사업의행정업무를지원하고있지요?,,unreviewed,
CAND_TGT_2020_0150_613DAAC2,TGT_2020_0150,050430_SEG_CURR_NEXT_00002,2,0.0918378319462968,0.026174125463248443,0.06885553467722988,050430,"◯위원장 도종환 의석을 정돈해 주시기 바랍니 다. 지금부터 헌법 제61조, 국회법 제127조와 국정 감사 및 조사에 관한 법률에 따라 문화체육관광 부와 문화재청 그리고 각각의 소속기관, 공공기 관 및 유관기관 등에 대하여 2020년도 국정감사 를 실시할 것을 선언합니다. 우리 위원회는 일곱 차례에 걸쳐 문화체육관광 부 및 문화재청 소관 분야에 대한 국정감사를 실 시하였습니다. 이번 국정감사는 국내 최대 규모 복합문화예술 기관인 광주 국립아시아문화전당과 선사시대 유 적지로서 국보 제285호인 울산 반구대 암각화 지 역 등 두 차례에 걸쳐 문화예술 분야의 현장시찰 을 실시하였고 특히 보다 내실 있는 감사를 위하 여 국회에서 많은 감사가 이루어지도록 하였습니 다. 오늘은 이번 국정감사 마지막 날입니다. 이번 국감은 우리 위원회가 2018년에 교문위에 서 분리된 이후 세 번째 실시하는 국감입니다. 본인은 국정감사 위원장으로 직무를 수행하면서 위원님들의 철저한 국정감사 준비와 협조 덕분에 우",,unreviewed,
CAND_TGT_2020_0161_00971371,TGT_2020_0161,050615_SEG_PREV_CURR_00684,2,0.03829314451970601,0.15035173177486566,0.0775136500590119,050615,"◯전용기 위원 그러면 됐습니다. 지금 질의시간 이 짧아서 죄송합니다. 그리고 원장님, 2017년 성희롱 사건이 발생할 당시 피해자들이지요. 윤소영 실장에게 피해사실 을 신고했습니다. 그런데 윤소영 실장은 은폐했 어요, 그렇지요? 그리고 정직 3개월 처분 받았지 요? ◯한국문화관광연구원장 김대관 지금 조사위원 회와 징계위원회를 거쳐서 판결이 났습니다.",,unreviewed,
CAND_TGT_2020_0335_D2CA8BDA,TGT_2020_0335,050606_SEG_TURN_01692,2,0.13954133265743132,0.0,0.09070186622733037,050606,◯피감사기관 참석자 한국콘텐츠진흥원장 김 영 준 김 수 영 한국출판문화산업진흥원장 영화진흥위원장 오 석 근 언론중재위원장 이 석 형 영상물등급위원장 이 미 연 게임물관리위원장 이 재 홍 한국저작권위원장 임 원 선 한국저작권보호원장 박 주 환 한국언론진흥재단 이 사 장 표 완 수 미디어본부장 김 철 훈 국제방송교류재단사장 이 승 열 (재)한국공예.디자인 문화진흥원장 김 태 훈 한국영상자료원장 주 진 숙 국립발레단예술감독 강 수 진 국립극단장겸예술감독 이 성 열 국립오페라단장겸예술감독 박 형 식 (재)정동극장대표이사 김 희 철,,unreviewed,
CAND_TGT_2022_0131_5A9FF7DB,TGT_2022_0131,052229_SEG_TURN_00315,1,0.0,0.2720763216311601,0.09522671257090602,052229,◯문화체육관광부장관 박보균 만화영상진흥원 에......,,unreviewed,
CAND_TGT_2022_0327_3B293966,TGT_2022_0327,052423_SEG_TURN_00750,1,0.20739385957536735,0.01829344257006068,0.14120871362351003,052423,◯임종성 위원 주로 시청각장애인들을 위한 서 비스인데요. (영상자료를 보며) 개방형은 모든 관람객이 보는 화면에 자막을 넣는 것이고 폐쇄형은 수신기기 등 장비를 통해 서 장비를 사용하는 사람에게만 화면해설 및 자 막이 제공되는 시스템입니다. 이런 서비스가 없으면 사실상 시청각장애인들 은 영화 선택과 관람에 제한을 받을 수밖에 없습 니다. 동의하시지요?,,unreviewed,
CAND_TGT_2020_0333_43C666C6,TGT_2020_0333,050606_SEG_PREV_CURR_01524,2,0.2638915644347608,0.0,0.17152951688259452,050606,◯영화진흥위원장 오석근 우선적 제도적으로 그 시스템이 받쳐 주기를 저희는 지금 바라고 있는 것이고요. ◯전용기 위원 문체부에서는 올해 포스트 봉준 호법을 만들겠다는 취지에서 업무보고에서 스크 린 상한제와 배급 및 상영 겸업 금지를 도입하겠 다고 밝혔습니다. 혹시 영화진흥위원회에서 이 부분은 어떻게 보시는지요?,,unreviewed,
CAND_TGT_2022_0334_65AE7170,TGT_2022_0334,052423_SEG_CURR_NEXT_00768,2,0.16702069312939677,0.061070295585574724,0.12993805398905905,052423,"◯임종성 위원 주요 OTT 업체의 영상물 등급 분류 현황을 보면 전체 영상물 1만 1276건 중 26%인 2979건이 청소년관람불가 판정을 받았습 니다. 자체등급분류를 시행했을 때 그만큼 청소 년들이 폭력성, 선정성 등에 노출될 가능성도 결 국은 커진다는 얘기지요? ◯영상물등급위원장 채윤희 예.",,unreviewed,
CAND_TGT_2020_0160_DC10614D,TGT_2020_0160,050606_SEG_TURN_01168,2,0.07150224166199896,0.0,0.04647645708029933,050606,◯한국콘텐츠진흥원장 김영준 기본적으로 법안 발의 과정에 있어서 현장의 의견들이 적극적으로 수용될 수 있도록 할 것이고요. 그다음 관계부처 와 적극 협력해서 위원님이 지금 관심을 가지고 계신 이른바 공정상생법이 빨리 법률로서 마련될 수 있도록 제가 지속적인 노력을 다하겠습니다.,,unreviewed,
CAND_TGT_2020_0463_A6E8AC04,TGT_2020_0463,050615_SEG_CURR_NEXT_00452,2,0.031757417556642596,0.24870926133804971,0.1076905628801351,050615,"◯김승원 위원 더불어민주당 수원시갑 김승원 위원입니다. 모두들 수고 많으십니다. 세종학당 이사장님 계신가요? 질의하겠습니다. 이사장님, 요즈음 K-Pop, K-드라마에 이어 K-방역까지 한국문화 확산으로 그 어느 때보다 한국어와 한글에 대한 세계인의 관심이 뜨겁습니 다. 그리고 세계인들이 한국 음악과 드라마를 보면 서 한국어를 배우고 싶어 하는 그런 성향이 높아 진다는데 이사장님도 동의하시지요? ◯세종학당재단이사장 강현화 예.",,unreviewed,
CAND_TGT_2022_0116_05F7B747,TGT_2022_0116,052229_SEG_TURN_00687,2,0.16573992952845676,0.08857291807382335,0.13873147551933507,052229,"◯이용 위원 하지만 대한민국 체육계 현실을 고 려하지 않은 비현실적인 권고안으로 학생선수와 체육계 현장에 있는 모두가 어려움을 겪고 있는 상황입니다. PPT 화면 보시지요. (영상자료를 보며) 특히 많은 진통을 겪고 있는 2차 권고안 내용 은 체육 현장에서 많은 분들이 제게 의뢰를 하고 있습니다. 첫 번째, 주중대회 참가 금지나 최저학력 미달 선수 대회 출전 제한 그다음에 합숙 폐지입니다. 결국 이러한 불만의 원인은 제대로 된 논의 없 이 출범 193일 만에 7차까지 마무리한 졸속 권고 안 때문이라고 판단합니다. 무엇보다 각 국가마 다 가지고 있는 사회환경과 제도적 여건이 다른 데 스포츠 현장을 둘러싼 사회구조적 변화는 없 고 체육 분야에만 졸속 정책을 추진한다는 것은 어불성설입니다. 장관님, PPT 화면 보시면 말로만 하는 학생선 수 인권 주장, 단 한 차례도 학생선수에 대한 의 견수렴은 없었습니다. 스포츠혁신위의 백서 내용을 확인해 보니까 제 대로 된 의견수렴 절차가 진행되지 않",,unreviewed,
CAND_TGT_2020_0143_2619E752,TGT_2020_0143,050615_SEG_PREV_CURR_00858,2,0.12114797641396186,0.0,0.07874618466907521,050615,◯김승수 위원 코로나 이후로 걱정이 많으시지 요? ◯한국관광공사사장 안영배 예.,,unreviewed,
CAND_TGT_2022_0122_0EE55E9B,TGT_2022_0122,052493_SEG_TURN_01548,1,0.2589912569427766,0.029973219175289136,0.17883494372415598,052493,"◯임오경 위원 마무리하겠습니다. 경기단체에서 해야 될 게 있고 대한체육회가 해야 될 게 있습니다. 그런데 그 컨트롤타워가 잘못되어서 문제가 발생하고 있는 거예요. 승부 조작, 비리, 횡령에 관련해서는 경기단체.대한체 육회가 하고 그리고 마지막 보고가 스포츠윤리센 터로 가야 된다고 하는 거예요. 그래서 스포츠윤 리센터가 그 결과에 있어서 문제가 된다 그러면 다시 한번 재조사를 하게 해 주는 게 스포츠윤리 센터가 해야 되는 겁니다. 그런데 지금 계속해서 성폭력 건에 관련되어서 는, 인권에 관련되어서는 저는 무조건 스포츠윤 리센터가 해야 된다고 봅니다. 또한 팀 내 왕따 이런 것은 그 직장 운동부, 학교 내는 학교 내에 서 해 줘야 된다고 생각합니다. 이 부분을 대한체육회, 경기단체, 스포츠윤리센 터 만나서 문체부와 함께 협의하십시오. 그리고 이 결과보고서 저희 의원실로 보내 주세요. 진짜 제가 다시 한번 당부드립니다.",,unreviewed,
CAND_TGT_2022_0292_25646365,TGT_2022_0292,052315_SEG_TURN_00632,1,0.1585477214353367,0.0,0.10305601893296887,052315,"◯황보승희 위원 그래서 3년 동안 민원서비스가 전혀 개선되지 않은 것으로 보면 문체부가 자체 의지로 서비스를 개선할 가능성이 별로 높지 않 아 보입니다. 이참에 외부 전문업체에게 용역을 맡겨서 민원서비스 운영의 전반적인 문제점을 진 단하시고 그에 대한 개선 방안 등을 마련할 필요 가 있다고 생각하는데, 어떻게 생각하십니까?",,unreviewed,
CAND_TGT_2022_0152_30444E82,TGT_2022_0152,052315_SEG_TURN_00089,1,0.4311464447290235,0.0,0.2802451890738653,052315,"◯류호정 위원 2019년에 비해서 135만 명가량 늘었다고 하는데요. 엄청난 규모지요. 화면 보시겠습니다. SNS에 있는 글 몇 개만 가져와 봤는데요. 화 장실, 샤워장 같이 쓰다 보면 이런 걱정들이 좀 나오게 되는 거겠지요, 몰카 있을까 봐 불안하다 이런 건데. 관광진흥법 제20조의2에 따르면 ‘야영장업의 등록을 한 자는 문체부령으로 정하는 안전.위생 기준을 지켜야 한다’고 되어 있습니다. 다음 화면을 보시면 이게 그 기준표입니다. CCTV 의 운영.작동 상태와 관련된 규정은 있지만 불 법촬영장치 점검에 관한 사항은 없네요. 이것 말 고 지자체의 야영장 안전점검표에도 없습니다. 공 공야영장의 공공화장실은 지자체가 따로 다중이 용시설 점검 시에 불법촬영장치 점검을 같이한다 고 합니다. 문제는 민간의 등록 야영장들인데요. 불법촬영 범죄가 작년에는 6000건이 넘었다고 합니다. 그래서 이런 점검만으로 불안이 완전히 없어질 수야 있겠습니까마는 저 안전.위생기준 그리고 그 기준표에부터 불법",,unreviewed,
CAND_TGT_2022_0260_DF311ADB,TGT_2022_0260,052315_SEG_TURN_00082,1,0.17866366033630612,0.0,0.11613137921859898,052315,◯문화체육관광부장관 박보균 프리랜서가 상당 히 있는 것으로 알고 있습니다.,,unreviewed,
CAND_TGT_2020_0235_73AEB1B6,TGT_2020_0235,050615_SEG_TURN_01212,1,0.24203296844261923,0.05683942556393051,0.17721522843507817,050615,◯유정주 위원 문체부 감사에서도 세종학당재단 은 2019년 12월 감사 시까지도 ‘한국어교육 등 거점 세종학당으로서의 본연의 기능을 하지 못 함’이라는 지적을 받기도 했습니다. 물론 세종학당이 이렇게 운영된 데는 문체부 책임도 있습니다. 2012년 세종학당재단 설립 이 후 문체부 감사 몇 번 받았습니까? 한 번 받으셨 지요?,,unreviewed,
CAND_TGT_2022_0294_F82E80EA,TGT_2022_0294,052423_SEG_PREV_CURR_00491,2,0.10262743287051666,0.0,0.06670783136583583,052423,"◯한국콘텐츠진흥원장 조현래 예, 그렇습니다. ◯김윤덕 위원 그런데 K-콘텐츠가 정말 선전하 고 있는데 국내 콘텐츠산업에 대해서 지원되고 있는 구조를 보니까 정말 비교가 안 되는 것 너 무 잘 알고 계시지요?",,unreviewed,
CAND_TGT_2024_0581_461BA70A,TGT_2024_0581,054435_SEG_TURN_01535,1,0.13327195025652996,0.0,0.08662676766674449,054435,"◯강유정위원 입찰과정과그이후를좀살펴봤는데해외법인과해외지사차이가뭐 예요, 해외법인과해외지사차이?",,unreviewed,
CAND_TGT_2022_0052_DAE802FC,TGT_2022_0052,052315_SEG_TURN_01051,1,0.20296495028377845,0.1946073761185124,0.20003979932593535,052315,"◯위원장 홍익표 그리고 두 번째, 지금 장애 인.노인.임산부 등의 편의증진 보장에 관한 법 률 제7조.8조, 그 시행령 등에 따라서 박물관. 미술관에 의무적으로 설치해야 될 장애인 편의시 설이 있습니다. 이것도 지금 문체부에서는 실태 파악이 안 되어 있다고 답변이 와 있습니다. 그러니까 BF 인증도 지금 실태 파악이 안 되 어 있고 전국 박물관, 미술관의 장애인 접근성과 관련된 기본 인프라에 대해서도 실태 파악이 안 되어 있습니다. 그래서 금년 1월 박물관법 개정으로 장애인 접 근성 제고하는 걸로 법 개정됐지요? 그래서 이 부분에 대해서 실태 파악에서부터 그다음에 앞으 로 배리어프리 확산을 위한 방안들을 문화체육관 광부에서 적극적으로 추진해야 됩니다. 아시겠습 니까?",,unreviewed,
CAND_TGT_2024_0430_AE8FB420,TGT_2024_0430,054435_SEG_TURN_01562,1,0.21329733432943007,0.0,0.13864326731412954,054435,"◯김승수위원 그런데부모를동반하면우리나라의경우에는초등학생들, 중학생들도 다볼수있도록돼있습니다, 이런장면들을. 그래서이부분에있어서학부모들의걱정 들이인터넷상에도댓글에많이올라오고있습니다. 앞서보신것처럼상당히참혹한장 면들또대사에있어가지고도정말쌍스러운욕설들이난무하고있습니다. 이런것들이 부모동반만되면초등학생들도관람할수있다는거예요. 그래서이부분에대해서제가작년21대때도한번...... 똑같은15세이하라고하더 라도외국같은경우에는부모를동반해서볼수있는15세이하가있고동반하더라도 볼수없는그런등급분류를하고있지않습니까?",,unreviewed,
CAND_TGT_2020_0202_6104F2BB,TGT_2020_0202,050308_SEG_PREV_CURR_00292,2,0.225272949720267,0.2289422422456205,0.22655720210414074,050308,"◯문화체육관광부장관박양우 기술. ◯이병훈위원 테크놀로지의결합이돼야진정 으로콘텐츠가창.제작이되는데지금아시아문 화전당에는ICT 분야가거의제로입니다. ICT 전체의기술인력을보니까한3.7% 되는데전부 저급한수준이고제대로된, 마스터에해당되는 고급인력이한명도없어요. 아시아문화전당에서 가장큰콘텐츠창.제작이라는중요한기능이 정지돼있다이렇게보고있기때문에지금현 정부에서도디지털뉴딜이라는목표를가지고임 하고있는데전혀현실에부합되지않는조직이 운영되고있다. 그래서앞으로ICT 분야즉뉴미 디어하고인공지능분야의전문인력확충을해야 되는데어떻게생각하십니까? ◯문화체육관광부장관박양우 위원님, 지금전 당.문화원관련해서기술인력은40명쯤됩니다 마는방금말씀하신것처럼그런첨단기술인력 이거의없습니다. 그래서이것보완하도록하겠 습니다.",,unreviewed,
CAND_TGT_2022_0142_9DD2DA8B,TGT_2022_0142,052493_SEG_TURN_00682,1,0.06878332058023526,0.0,0.04470915837715292,052493,◯위원장 홍익표 그런데 우리는 진천조차도 지 금 2m로 되어 있고 우리나라에 3m를 가지고 있 는 건 유일하게 광주에 하나 있더라고요. 결국은 우리 황선우 선수가 메달리스트고 최근 에 우리나라 수영선수들의 기량이 뚜렷하게 늘어 나면서 국제경기도 있는데 도리어 훈련을 국제규 격에서 하지 못하면 국제대회에 나가서 실력 발 휘하는 데 어려움이 있겠지요. 왜냐하면 2m와 3m의 차이에 따라서 부력과 물의 저항 등등 여 러 가지 실제 경기에 나갔을 때 애로사항이 생기 지 않겠습니까?,,unreviewed,
CAND_TGT_2024_0452_05A6EBD3,TGT_2024_0452,054435_SEG_CURR_NEXT_00111,2,0.19521122052682868,0.0,0.12688729334243865,054435,"◯정연욱위원 그동안철저하게제대로이런부분이이행이안되니까지상파몇군데 에서하는단순한모니터링이아니라, 지금중소방송사업자는심지어저작권이걸리는, 저작권료가나가는모든효과음까지도아예쓰지않겠다는방송사업자들, 카페나이런 데는대부분이게걸리는것아닙니까? 그러니까이부분에대한것들이어느정도기준 도없이주먹구구로집행이되니현실적으로는중소사업자들이엄청난피해를보고있 고, 호소하는것아닙니까? ◯한국저작권위원장강석원 그런부분들이있습니다.",,unreviewed,
CAND_TGT_2022_0013_DDF5E3E5,TGT_2022_0013,052315_SEG_TURN_00276,2,0.25609918393535924,0.0,0.16646446955798352,052315,"◯김예지 위원 잘하고 계시는 걸로 알고 있는데 조금 더 세심한 부분까지, 가이드라인이나 지침 이 없으니까 자꾸 돈벌이 수단으로 전락하는 경 향이 있어서요, 그것을 좀 챙겨 주시고요. 그다음 빠르게 또 질문을 이어 가자면, 소관 위원회가 있습니다. 문체부 산하에 32개의 소관 위원회가 있는 것 아시지요?",,unreviewed,
CAND_TGT_2024_0066_BBEBABE5,TGT_2024_0066,054235_SEG_CURR_NEXT_01268,2,0.26351909934423273,0.0,0.1712874145737513,054235,"◯문화체육관광부장관유인촌 아니요, 안쳐봤습니다. ◯민형배위원 문화부에그런조직이있지요, 한국바로알림서비스이런것있지요? 그 런것있지요?",,unreviewed,
CAND_TGT_2024_0179_1D9532A5,TGT_2024_0179,054622_SEG_PREV_CURR_02997,2,0.3854729151075627,0.0,0.2505573948199158,054622,◯문화체육관광부장관유인촌 무인헬스장이오? ◯강유정위원 예.,,unreviewed,
CAND_TGT_2020_0043_75A26333,TGT_2020_0043,050308_SEG_CURR_NEXT_00084,2,0.136910259441456,0.0,0.0889916686369464,050308,"◯이상직위원 그러면국립극장에서하는것이 2014년부터22개작품, 31개상영해서누적관객 7만1000명정도라했는데이게지금국립극장에 서하려는예산이한30여개해가지고지금시 도를하는데NT Live를벤치마킹하는겁니까, 뭡니까? ◯문화체육관광부장관박양우 그렇습니다. NT Live를저희가벤치마킹해가지고국립극장에서 도시도했고요.",,unreviewed,
CAND_TGT_2020_0143_E717F4A3,TGT_2020_0143,050615_SEG_CURR_NEXT_00857,1,0.12114797641396186,0.0,0.07874618466907521,050615,◯김승수 위원 코로나 이후로 걱정이 많으시지 요? ◯한국관광공사사장 안영배 예.,,unreviewed,
CAND_TGT_2022_0399_BC013EC7,TGT_2022_0399,052315_SEG_CURR_NEXT_01174,2,0.1451408042957661,0.14209315826514715,0.14407412818504944,052315,"◯임종성 위원 답변해 보세요. ◯문화체육관광부제1차관 전병극 뉴서울CC 매 각의 가장 중요한 관점은 제가 보기에는 기본적 으로 헐값 매각은 안 된다, 그런 전제 조건이 붙 습니다. 과거에 이 부분을 추진했을 경우에도 헐 값 매각이라는 우려 때문에 중간에 몇 번 유찰된 경우도 있었고. 다만 현재 이 매각 부분에 대해서는 저희들이 문예기금 재원 감소나 손실 문제가 발생하지 않 는 그런 차원에서 적정 매각 가격이 결정되어야 되고 헐값 매각에 대한 우려를 불식시킨 가운데 서 진행되어야 된다고 생각합니다, 위원님.",,unreviewed,
CAND_TGT_2024_0537_ECCA9CFB,TGT_2024_0537,054576_SEG_CURR_NEXT_02538,1,0.15419628638875366,0.0,0.10022758615268988,054576,"◯박수현위원 본의원실에서발달장애학생선수들의운동권과학습권을동시에보장 받을수있도록법개정을추진하고있는데저는발달장애등을지닌, 학습에어려움이 있다고판단되는특수교육대상학생은아예예외조항을두어서참가를허용할수있게 끔해야한다이렇게생각하는데마지막으로이에대한장애인체육회장님또장애인체육 회의입장은어떤것입니까? ◯대한장애인체육회장정진완 장애학생체육대회와각종국내대회에우리발달장애 인학생들이참여를하고있기때문에우리학생들이이런대회나최저학력제에서피해 를보지않도록저희도최선의노력을다하도록하겠습니다.",,unreviewed,
CAND_TGT_2022_0409_7B1E533C,TGT_2022_0409,052493_SEG_TURN_00701,1,0.2206417305426457,0.0,0.1434171248527197,052493,"◯참고인 강호석 일단 스포츠과학 지원에 대해 서 이렇게 관심을 가져 주셔서 지도자의 입장으 로서 굉장히 감사 말씀을 먼저 드리겠습니다. 사실 5월 이후 스포츠정책과학원의 밀착지원팀 은 과거와는 달리 굉장히 공격적으로 잘하고 있 다고 생각을 합니다. 그럼에도 불구하고 고민의 지점은 있습니다. 왜냐하면 이제 스포츠는 선수나 지도자나 학부 모의 열정으로 메달을 따는 시대는 지나갔기 때 문에 스포츠과학 지원은 정말로 고도화되어야 된 다고 생각을 하는데 일단은 스포츠정책과학원이 갖고 있는 인프라는 좋다고 생각을 합니다. 그러나 컨디셔닝 부분에서는 굉장히 뒤처져 있 고 또 저희들이 요구했을 때 필요한 부분들에 대 해서 전문성에서는 조금 결여가 된다는 부분들도 있습니다, 물론 좋은 부분도 있지만. 또한 제가 미국에 4월에 전지훈련 갔을 때 밀 착지원 시스템이라는 게 이런 것이 아닐까라는 생각을 했던 게 뭐냐 하면 US 스쿼시센터에서는 선수가 경기를 하거나 연습게임을 했을 때 영상 분석실이 있어서",,unreviewed,
CAND_TGT_2024_0576_BD3A42CC,TGT_2024_0576,054235_SEG_TURN_01799,2,0.12409226953519495,0.0,0.08065997519787672,054235,◯강유정위원 맞습니다. 열린관광지의의미가원래는뭐예요?,,unreviewed,
CAND_TGT_2020_0227_0EC74570,TGT_2020_0227,050673_SEG_CURR_NEXT_00735,2,0.0,0.16369917370831102,0.057294710797908856,050673,◯김승수 위원 이 부분과 관련해 가지고 방역 당국하고는 어떤 협의를 했습니까? ◯문화체육관광부예술정책관 김영수 방역 당국 하고는 거기 현장의 실상을 좀 알리고......,,unreviewed,
CAND_TGT_2022_0444_6C417BA6,TGT_2022_0444,052315_SEG_CURR_NEXT_00947,2,0.25765957078499285,0.06065732578058419,0.18870878503344982,052315,"◯문화체육관광부장관 박보균 예, 그렇습니다. ◯이용호 위원 장애인 축구단 아니지요? 성남FC가 장애인 축구단입니까?",,unreviewed,
CAND_TGT_2022_0092_3464E56D,TGT_2022_0092,052229_SEG_TURN_00218,2,0.2530886354920993,0.1367119928171319,0.21235681055586073,052229,"◯황보승희 위원 국민의힘 부산 중구영도구 황 보승희 위원입니다. 오늘 전국학생만화공모전에 대해서 여야 위원 님들 많이 질의를 하고 계신데 이 부분을 저는 이렇게 생각합니다. 전국학생만화공모전 계획안, 당초에 이건 한국만화영상진흥원에서 문체부에 제출한 자료이지요. 맞습니까, 장관님?",,unreviewed,
CAND_TGT_2022_0495_B194F99F,TGT_2022_0495,052229_SEG_CURR_NEXT_00343,2,0.16072830106235986,0.001701791008187935,0.10506902254339968,052229,"◯문화체육관광부장관 박보균 예, 그렇습니다. ◯김승수 위원 그렇습니다. 그러니까 결격사유 에 정치적 의도 여부를 넣느냐 안 넣느냐 이것조 차도 표현의 자유의 제약이 아니냐 이런 문제 제 기를 물론 할 수는 있습니다. 다만 이 부분이 일 반인을 대상으로 한 게 아니고 학생들을 대상으 로 한 만화공모전이기 때문에 이런 결격사유를 넣지 않았는가 이렇게 생각이 들고. 아마 그때 문제가 있었다고 주최 측에서 생각 이 됐었으면 애초 후원 승인받을 때 문제 제기를 했었겠지요. 그런데 그때는 문제 제기를 하지 않 고 있다가 엉뚱하게 공모요강에는 그걸 빼는, 사 실상 후원기관을 속인 것 아니겠습니까? 거기에 대해서 문제 제기를 한 것 아니겠습니까, 그렇지 요?",,unreviewed,
CAND_TGT_2020_0278_4FFBBA3B,TGT_2020_0278,050615_SEG_TURN_01352,1,0.2516980609638849,0.0,0.1636037396265252,050615,◯임오경 위원 파견 교원들이 활동에 대해 제대 로 보고는 하고 있습니까?,,unreviewed,
CAND_TGT_2024_0587_F1A87CA6,TGT_2024_0587,054345_SEG_TURN_00280,2,0.422568978835316,0.0,0.27466983624295543,054345,◯한국도박문제예방치유원장신미경 예.,,unreviewed,
CAND_TGT_2020_0284_5645DF1F,TGT_2020_0284,050615_SEG_CURR_NEXT_00962,2,0.19096967391745243,0.0,0.12413028804634409,050615,◯한국관광공사사장 안영배 문체부와 협의해서 그리 하도록 하겠습니다. ◯이병훈 위원 마치겠습니다.,,unreviewed,
CAND_TGT_2022_0453_0A7C3FF4,TGT_2022_0453,052423_SEG_TURN_00342,1,0.10248024764500015,0.0,0.0666121609692501,052423,◯이병훈 위원 하나 더 물어볼게요. 신문 수송비 지원사업 하고 있지요?,,unreviewed,
CAND_TGT_2024_0353_88F087B5,TGT_2024_0353,054235_SEG_PREV_CURR_01576,1,0.13357093033955456,0.0,0.08682110472071046,054235,"◯위원장전재수 수고하셨습니다. 다음은김승수위원님질의해주시기바랍니다. ◯김승수위원 앞서대한체육회의여러가지기본적인것도제대로이행이되지않고 있다말씀을드렸는데문체부산하공공기관들이렇게보면법령에규정된내용들까지도 지금안하고있는단체들이굉장히많습니다. 가장기본적으로경영공시만하더라도공공기관의운영에관한시행령에하도록돼있 는데문체부산하공공기관31개기관중에대부분은, 징계사유이런것들을즉시자체 홈페이지에경영공시를해야되거든요. 안하고있어요, 어떤데는한6년이지나가지고 징계사유공시하는데도있고. 이렇게보면문체부산하기관들이기본적인법령상의규 정조차안지키고있는이런것들이많이있음에도불구하고제대로관리감독이안되고 있다는거지요. 이런부분에대해서는일제히한번조사를해보시고좀시정해주시기 바랍니다.",,unreviewed,
CAND_TGT_2020_0261_6E936A4A,TGT_2020_0261,050673_SEG_CURR_NEXT_00209,2,0.17256071819335544,0.005406483728445296,0.1140567361306369,050673,◯김예지 위원 노력해 주시기 바라고요. 이어서 질의하겠습니다. 2020년 상반기 기준으로 2015년에 비해서 지역 예술인 예술활동증명자가 5.8% 증가했습니다. 그 만큼 지역 예술인들의 서비스 요구도 증가하고 있 지만 서비스를 제공하는 거점은 한 곳 뿐이어서 접근성이 떨어지는 문제가 지속되고 있습니다. 게다가 금년도 12월부터 아시겠지만 예술인고 용보험이 시행되면 가입 상담과 안내 등 관련 문 의가 급증할 것으로 보이는데 현재까지 진행된 사업에서도 지원에 약간 한계가 보이는데 고용보 험까지 어떻게 감당할 수 있을지 우려가 되는 상 황입니다. 지역문화재단과 연계해서 복지사업의 지역 거 점을 구축해서 수혜 범위가 확대될 수 있도록 전 달체계를 마련해 주시기 바랍니다. 이어서 질의하겠습니다. 창작준비금 지원사업에서 장애예술인이 지원받 은 비율은 작년 2.4%에서 올해 3.5%로 다소 증 가했지만 예술인 생활안정자금의 경우 작년 1.9% 에서 올해 1.6%로 지원 비율이 감소했습니다. 게 ,,unreviewed,
CAND_TGT_2020_0467_5D90323D,TGT_2020_0467,050615_SEG_CURR_NEXT_00960,2,0.2065735857698482,0.0,0.13427283075040133,050615,◯한국관광공사사장 안영배 맞습니다. ◯이병훈 위원 그래서 저는 공기업 선진화계획 이 철회되어야 된다고 봐요. 지금 시행된 지 10 년이 넘었고 관광공사 경우도 이미 준정부기관으 로 바뀌고 매년 적자가 나고 지금 와서 공기업 선진화 방침이 있으나 없으나 영향을 미칠 부분 이 없지 않습니까? 그래서 중장기적으로 봤을 때 관광공사가 추후 발굴해 진행해야 될 사업이 분 명히 관광 진흥에 부합되더라도 수익사업이라는 이유로 발목을 잡히게 되지 않을까 그 부분이 염 려가 되거든요. 그래서 모쪼록 문체부와 잘 협의해서 기재부에 선진화 방침 폐지를 요구하는 방향으로 노력을 기울여 주시기 바랍니다. 그렇게 하시겠습니까?,,unreviewed,
CAND_TGT_2024_0580_20D14BF7,TGT_2024_0580,054519_SEG_TURN_00992,2,0.09096643088416237,0.0,0.05912818007470554,054519,◯진종오위원 이부분에관해서는약간대책을마련해서본의원실에알려주시면좋 을것같고요.,,unreviewed,
CAND_TGT_2024_0159_CBBC5E82,TGT_2024_0159,054622_SEG_TURN_01092,2,0.0019588451112652976,0.25742849930885936,0.09137322408042321,054622,"◯문화체육관광부장관유인촌 예, 맞습니다. 글쎄, 왜자꾸이런지도에서울릉도, 독도 를빼먹는지저는정말이해가안되는일이너무많은데이건세심하지못한일이라고 생각합니다. 특히우리반크가역할이크고, 민관이잘합쳐져서이런문제가더적극적 으로, 오류가고쳐질수있도록노력을해야되겠다이런생각을합니다.",,unreviewed,
CAND_TGT_2020_0240_63F8C19A,TGT_2020_0240,050430_SEG_CURR_NEXT_00736,2,0.08564500061989083,0.18896268118882864,0.12180618881901906,050430,"◯유정주 위원 박양우 장관님, 지난 7월 스포츠 산업계 코로나19 피해 긴급 실태조사 하셨지요? ◯문화체육관광부장관 박양우 예.",,unreviewed,
CAND_TGT_2020_0054_32D5607B,TGT_2020_0054,050673_SEG_TURN_00998,2,0.3413919533001366,0.0,0.2219047696450888,050673,◯국립현대미술관장 윤범모 수장고라니요?,,unreviewed,
CAND_TGT_2022_0284_E3A9BD20,TGT_2022_0284,052315_SEG_TURN_01091,1,0.1733934839710557,0.0,0.11270576458118621,052315,"◯위원장 홍익표 제가 회의 진행하겠습니다. 윤범모 관장님께서는 관련 자료를 제출을 하시 겠습니까, 못 하시는 겁니까?",,unreviewed,
CAND_TGT_2020_0154_9CC748F2,TGT_2020_0154,050615_SEG_TURN_00317,2,0.30360820776711317,0.0,0.19734533504862356,050615,◯그랜드코리아레저(주)사장 유태열 알겠습니다.,,unreviewed,
CAND_TGT_2020_0206_D1261B05,TGT_2020_0206,050606_SEG_CURR_NEXT_01675,1,0.13209352506688687,0.0,0.08586079129347647,050606,"◯이용 위원 원장님께서 해문홍 원장으로 계실 때 노바운더리가 대행사로 선정된 대통령 순방 계기 문화행사가 있었습니다, 그렇지요? ◯(재)한국공예.디자인문화진흥원장 김태훈 예.",,unreviewed,
CAND_TGT_2022_0064_FABBC064,TGT_2022_0064,052423_SEG_CURR_NEXT_00277,1,0.20161891184099978,0.05896335682721026,0.15168946758617347,052423,"◯영화진흥위원장 박기용 예, 대통령께서 영화 발전기금 고갈에 따른 추가 지원을 영화인들로부 터 요청을 받으시고 적극적으로 검토하겠다는 말 씀 하셨습니다. ◯전재수 위원 내년도 예산안에 잘 반영이 됐습 니까?",,unreviewed,
CAND_TGT_2020_0034_B9C8DD97,TGT_2020_0034,050673_SEG_PREV_CURR_00210,2,0.12028128300248475,0.006619939205177269,0.08049981267342712,050673,◯김예지 위원 노력해 주시기 바라고요. 이어서 질의하겠습니다. 2020년 상반기 기준으로 2015년에 비해서 지역 예술인 예술활동증명자가 5.8% 증가했습니다. 그 만큼 지역 예술인들의 서비스 요구도 증가하고 있 지만 서비스를 제공하는 거점은 한 곳 뿐이어서 접근성이 떨어지는 문제가 지속되고 있습니다. 게다가 금년도 12월부터 아시겠지만 예술인고 용보험이 시행되면 가입 상담과 안내 등 관련 문 의가 급증할 것으로 보이는데 현재까지 진행된 사업에서도 지원에 약간 한계가 보이는데 고용보 험까지 어떻게 감당할 수 있을지 우려가 되는 상 황입니다. 지역문화재단과 연계해서 복지사업의 지역 거 점을 구축해서 수혜 범위가 확대될 수 있도록 전 달체계를 마련해 주시기 바랍니다. 이어서 질의하겠습니다. 창작준비금 지원사업에서 장애예술인이 지원받 은 비율은 작년 2.4%에서 올해 3.5%로 다소 증 가했지만 예술인 생활안정자금의 경우 작년 1.9% 에서 올해 1.6%로 지원 비율이 감소했습니다. 게 ,,unreviewed,
CAND_TGT_2024_0453_0A195245,TGT_2024_0453,054235_SEG_CURR_NEXT_00146,2,0.2594172277053133,0.0,0.16862119800845363,054235,"◯신동욱위원 11월달정도면안무저작권에대한어떤가이드라인이나올예정입니까? ◯문화체육관광부저작권국장정향미 예, 연구가끝날거고요. 그걸바탕으로해서연내 까지종합가이드라인을만들어서안무창작자들에게종합적인컨설팅과그런부분들에 대한자료를배포할예정입니다.",,unreviewed,
CAND_TGT_2020_0408_B5DCDA0D,TGT_2020_0408,050606_SEG_CURR_NEXT_00283,2,0.09468368100206112,0.06360915071984508,0.0838075954032855,050606,◯이병훈 위원 그렇지요? 그래서 이것은 탈락자 들한테 엄청난 데미지를 줄 수가 있을 것 같아 요. 이것 제도 개선이 좀 되어야 될 것 같은데 어떻게 생각하십니까? ◯한국콘텐츠진흥원장 김영준 지금 위원님의 지 적이 타당하신 지적이고요. 저희가 그렇지 않아 도 콘진원에서 사업혁신위원회 제도 개선을 통해 서 중간평가 과정을 중간점검 과정으로 바꾸고 요. 실질적으로 중간평가에서 탈락해서 지원 업 체들의 손실이 발생하지 않도록 저희가 제도 개 선책을 준비 중에 있습니다. (발언시간 초과로 마이크 중단) (마이크 중단 이후 계속 발언한 부분),,unreviewed,
CAND_TGT_2022_0253_D9EDADB1,TGT_2022_0253,052556_SEG_TURN_00948,1,0.256652926072034,0.0,0.1668244019468221,052556,"◯이용 위원 다음 PPT 화면 보여 주세요. 권익위의 권고사항에 따라서 직원연봉규정 개 정함을 권고했는데 GKL은 경영평가성과급은 지 급하지 않는다라고 명시해 놨거든요. 이것도 참 문제적인 건데, 권익위에서는 경영평가성과급 및 내부평가성과급을 지급하지 않는다고 권고를 내 려보냈는데 이렇게 달리한 이유가 무엇입니까?",,unreviewed,
CAND_TGT_2020_0378_EDEA5636,TGT_2020_0378,050606_SEG_TURN_00021,1,0.10627510598611756,0.04593266957888789,0.08515525324358718,050606,"◯한국언론진흥재단이사장 표완수 안녕하십니 까? 한국언론진흥재단 이사장 표완수입니다. 존경하는 도종환 위원장님과 여러 위원님들을 모시고 국정감사를 수감하게 되어 매우 엄중하고 뜻깊게 생각합니다. 우선 오늘 이 자리에 함께 참석한 언론재단의 김철훈 미디어본부장을 소개해 드리겠습니다 (인사) 감사합니다. 간략한 재단 소개 후에 업무보고를 드리도록 하겠습니다. 한국언론진흥재단은 신문 등의 진흥에 관한 법 률에 따라서 신문 및 인터넷신문의 건전한 발전 과 읽기문화 확산, 신문을 포함한 언론 진흥 업 무를 담당하고 있는 준정부기관입니다. 업무현황을 보고드리겠습니다. 일반현황은 제출 드린 업무현황 자료 앞부분을 참조해 주시면 감사하겠습니다. 자료 7쪽입니다. 언론진흥기금 사업입니다. 재단은 뉴스 빅데이터 분석시스템인 빅카인즈 를 운영하며 6700만 건의 뉴스 DB를 바탕으로 심층적인 뉴스 분석 서비스를 제공하고 있습니 다. 8쪽입니다. 올해 52건의 심층기획 취재를 지원해서 고품질 의 뉴스 콘텐",,unreviewed,
CAND_TGT_2020_0169_8D092A23,TGT_2020_0169,050673_SEG_PREV_CURR_00522,2,0.12438003172533037,0.0,0.08084702062146475,050673,"◯위원장 도종환 이용 위원님 수고하셨습니다. 다음은 이달곤 간사님 질의해 주세요. ◯李達坤 위원 국민의힘의 이달곤입니다. 저는 아름다운 진해 출신입니다. 박물관장님, 제가 하나 문의드리고 싶은 게 독 일의 훔볼트포럼 아시아박물관에 우리가 장소를 빌려서 개관하기로 했지요?",,unreviewed,
CAND_TGT_2022_0165_61B06BD0,TGT_2022_0165,052364_SEG_PREV_CURR_00416,2,0.20437453144486561,0.0,0.13284344543916266,052364,◯이병훈위원 그렇게말씀하시면안되고. 수장고는일반인이접근할수없는곳이니까 보험가입을하지않은것그것은이해가됩니 다. 그런데수장고밖에나와서전시중인작품 에대해서보험가입하지않는게뭐대단한일 이에요? 그것은노력을하셔야지. 그것은잘못된 생각이지요. 우리박물관에있어서4대국보도난사건아 시지요? 몰라요? 부임한지가오래...... 오래안됐지요? ◯국립중앙박물관장윤성용 박물관의4대국보 도난사건......,,unreviewed,
CAND_TGT_2020_0173_8CC2FEAC,TGT_2020_0173,050606_SEG_TURN_00607,1,0.1980569188955047,0.0,0.12873699728207805,050606,"◯김승수 위원 직장 내 괴롭힘으로 상당히 고통 을 받았을 텐데 여기에 계시는 위원장님이나 사 무국장이나 간부진들은 어떤 배려나 조치를 했습 니까, 아니면 거의 방관하거나 동조했다고 생각 을 하십니까?",,unreviewed,
CAND_TGT_2022_0142_9A427522,TGT_2022_0142,052493_SEG_CURR_NEXT_00682,2,0.0656082382371695,0.0,0.04264535485416018,052493,"◯위원장 홍익표 그런데 우리는 진천조차도 지 금 2m로 되어 있고 우리나라에 3m를 가지고 있 는 건 유일하게 광주에 하나 있더라고요. 결국은 우리 황선우 선수가 메달리스트고 최근 에 우리나라 수영선수들의 기량이 뚜렷하게 늘어 나면서 국제경기도 있는데 도리어 훈련을 국제규 격에서 하지 못하면 국제대회에 나가서 실력 발 휘하는 데 어려움이 있겠지요. 왜냐하면 2m와 3m의 차이에 따라서 부력과 물의 저항 등등 여 러 가지 실제 경기에 나갔을 때 애로사항이 생기 지 않겠습니까? ◯대한체육회장 이기흥 예, 그렇습니다.",,unreviewed,
CAND_TGT_2020_0050_6B8C0537,TGT_2020_0050,050673_SEG_CURR_NEXT_00426,1,0.2333970509045041,0.0,0.1517080830879277,050673,◯이상직 위원 담당자가 누구예요? ◯문화체육관광부지역문화정책관 박종달 지역문 화정책관 왔습니다.,,unreviewed,
CAND_TGT_2020_0174_A782B856,TGT_2020_0174,050673_SEG_TURN_00423,2,0.1782131341521983,0.0,0.1158385371989289,050673,◯국립중앙박물관장 배기동 예.,,unreviewed,
CAND_TGT_2024_0179_93643CBF,TGT_2024_0179,054622_SEG_CURR_NEXT_02996,1,0.3854729151075627,0.0,0.2505573948199158,054622,◯문화체육관광부장관유인촌 무인헬스장이오? ◯강유정위원 예.,,unreviewed,
CAND_TGT_2020_0037_58DB9F91,TGT_2020_0037,050673_SEG_CURR_NEXT_00342,2,0.24479944788314995,0.0,0.15911964112404747,050673,"◯이병훈 위원 건축물 미술작품 제도의 법적 보 강이 필요한데, 어쨌든 이건 지금 일반 건축공사 하고 차이가 많이 나는데 전국 17개 시도에다가 위촉직 심사위원 제도를 두고 있어요. 이것이 뭐 냐 하면 심의를 누가 한다를 다 공개해 버리는 겁니다. 이게 조달청 심사규칙에는 심사위원 명단을 보 통 공개 안 하거든요. 그때그때 지정해서 해요. 그런데 지금 여기는 2년, 1년 이렇게 돼 있습니 다. 이것 문체부 쪽하고도 나중에 종감 때 얘기 를 하겠지만 인력풀제를 써야 돼요. 인력풀제를 안 쓰면 사전에 심사위원이 공개된 거나 다름없 고 심사위원과 예술가, 건축가의 담합, 건축주 간 의 담합 가능성이 있습니다. 또 이런 말도 있어 요. 고의로 건축물 미술작품 부결률을 높여 가지 고 문예진흥기금으로 받으려고 한 것 아니냐, 이 런 얘기도 들릴 정도입니다. 그래서 이 부분은 각 지자체의 건축물 미술작 품 심사제도 개선이 돼야 되는데 문예위원회뿐만 아니라 문체부가 종합적으로 이 부분을, 조례도 없",,unreviewed,
CAND_TGT_2022_0059_6F79A7CA,TGT_2022_0059,052423_SEG_TURN_00406,1,0.21954192679757412,0.0,0.1427022524184232,052423,◯한국콘텐츠진흥원장 조현래 감사합니다.,,unreviewed,
CAND_TGT_2020_0325_091FEF34,TGT_2020_0325,050615_SEG_CURR_NEXT_01189,2,0.12737894900944557,0.0,0.08279631685613963,050615,◯김예지 위원 지금 규제 대상에서 사각지대에 놓인 많은 부분이 있다는 것을 알고 계시나요? ◯사행산업통합감독위원장 심덕섭 예.,,unreviewed,
CAND_TGT_2020_0011_143D0AA5,TGT_2020_0011,050606_SEG_CURR_NEXT_00284,2,0.0849540689408097,0.0,0.05522014481152631,050606,"◯한국콘텐츠진흥원장 김영준 지금 위원님의 지 적이 타당하신 지적이고요. 저희가 그렇지 않아 도 콘진원에서 사업혁신위원회 제도 개선을 통해 서 중간평가 과정을 중간점검 과정으로 바꾸고 요. 실질적으로 중간평가에서 탈락해서 지원 업 체들의 손실이 발생하지 않도록 저희가 제도 개 선책을 준비 중에 있습니다. (발언시간 초과로 마이크 중단) (마이크 중단 이후 계속 발언한 부분) ◯이병훈 위원 현장을 잘 보시고, 수많은 창작 자 스타트업들이 콘텐츠 강국 코리아를 꿈꾸고 사는데 자부담하면서까지 지원사업에 참여하고 있잖아요?",,unreviewed,
CAND_TGT_2024_0573_5626C626,TGT_2024_0573,054519_SEG_TURN_01314,1,0.0,0.2584052828474208,0.09044184899659728,054519,◯대한민국역사박물관장한수 그렇다고하기보다는5월달에총리님께서오셔서한미 동맹관련행사를대규모로확대해서하라는지시가있었고그에따라서준비를하던중 또6월달에6·25 행사를대통령행사로하게돼서더행사가추가됐다고들었습니다.,,unreviewed,
CAND_TGT_2022_0333_BEA874B9,TGT_2022_0333,052423_SEG_TURN_00479,1,0.341046119562442,0.0,0.2216799777155873,052423,"◯게임물관리위원장 김규철 자체등급분류의 기 본 취지가, 물론 국가마다 등급분류 기준이 좀 다르기는 합니다마는......",,unreviewed,
CAND_TGT_2022_0059_76334386,TGT_2022_0059,052423_SEG_TURN_00051,2,0.21621043904560874,0.0,0.1405367853796457,052423,◯한국콘텐츠진흥원장 조현래 뒤에......,,unreviewed,
CAND_TGT_2022_0384_0C42B7CD,TGT_2022_0384,052423_SEG_TURN_01538,1,0.1875696250347985,0.0,0.12192025627261902,052423,"◯한국문화관광연구원장직무대행 류광훈 예, 저 희도 적극적으로 노력하겠습니다.",,unreviewed,
CAND_TGT_2020_0208_10E97989,TGT_2020_0208,050606_SEG_CURR_NEXT_01682,2,0.13246394235512082,0.05604105522685353,0.10571593186022728,050606,"◯위원장 도종환 예, 하세요. ◯이용 위원 그래서 제가 다시 한번 얘기하지만 대통령 행사라는 특수성을 고려해서 청와대 의전 비서관실이 관여하는 자체를 문제 삼는 것은 아 닙니다. 그런데 현 정권이 지난 2016년 국정농단 사건에서도 플레이그라운드를 그렇게 문제시 삼 았던 기준인 대통령 측근의 회사라는 것이 문제 입니다. 그런데 이번 사건도 동일한 잣대로 바라 봐야 한다는 생각인데 원장님 생각은 어떠십니 까?",,unreviewed,
CAND_TGT_2022_0259_72380324,TGT_2022_0259,052364_SEG_PREV_CURR_00961,1,0.2046304320127931,0.0,0.13300978080831552,052364,"◯전재수위원 대표적으로문화예술소외계층, 특히2017년까지7살에서24살이하를대상으로 했던싹틔우미사업대상자들이있잖아요. ◯예술의전당사장장형준 예, 있었지요.",,unreviewed,
CAND_TGT_2020_0186_027758B7,TGT_2020_0186,050673_SEG_CURR_NEXT_00853,2,0.21152519012559207,0.0996327952706706,0.17236285192636955,050673,"◯국립장애인도서관장 정기애 예. ◯김예지 위원 149건입니다. 이것 말도 안 되는 건수이고요. 이렇게 카운트된 이런 도서가 7200 여 건 중 50%에 육박한다는 것이고 결국에는 7200건이 아니고 약 4000여 건 수준인 거지요. 건수, 대체자료 제작 건수입니다. 2019년 데이지 자료의 목표 건수와 제작 건수 를 보면 목표치 대비 110%나 달성한 듯 보이지 만 아까 말씀드렸던 그런 과대포장된 시 제외하 면 실제로 37% 미만입니다. 이런 상황을 종합해 봤을 때 부풀려졌지 않나, 이게 과도하게 제작 건수가 부풀려졌다고 추정이 되고요. 이런 시집을 장애인 당사자가 직접 신청한 것 이 과연 맞는지 의문도 듭니다. 매년 장애 대학생이 학습 목적으로, 여가문화 도 아닙니다, 학습 목적으로 필요해서 신청하는 대체자료 다섯 권 중 한 권을 제작하지 않고 있 는 실정이고 또 악보 같은 경우에는 1인이 1년에 3건밖에 신청을 하지 못합니다. 상당히 제한적입 니다. 특히 전공하는 학생 같으면 한",,unreviewed,
CAND_TGT_2020_0145_99A1203F,TGT_2020_0145,050606_SEG_TURN_01549,1,0.08088176454601831,0.0,0.0525731469549119,050606,◯김예지 위원 이제 더 지능적인 수법으로 이런 게 늘어날 텐데요. 게임상에서는 게임 아이템을 정찰가로 원래 판매하기 때문에 한번 여러 개 아 이템을 구매해도 이게 절대 가격이 낮아지지 않 습니다만 대리결제 업체들이 아이템을 할인 판매 할 수 있는 이유는 보시는 화면과 같이 그 이면 에 불법 소액결제 현금화가 있기 때문인데요. 대략적인 과정은 다음과 같습니다. 대리결제 업체가 현금이나 현금이 필요한 신용불량자나 현 금이 필요한 학생 등에게 소액결제가 가능한 휴 대폰 정보를 현금으로 구입하고 이 과정에서 적 게는 10%에서 많게는 50%까지 수수료를 요구합 니다. 그리고 그 얻은 결제정보로 3~5%의 손해 를 보면서 게임 아이템을 대리결제하고요 수수료 에서 아이템 할인가격을 뺀 만큼의 차익은 고스 란히 업체의 수입이 됩니다. 모든 거래는 현금으 로 이루어지기 때문이 사실상 대리결제가 휴대폰 소액결제 현금화를 위한 수단으로 이용되는 것입 니다. 이 업체들은 단순히 결제를 중개하는 것이기 ,,unreviewed,
CAND_TGT_2022_0289_6D52BBD9,TGT_2022_0289,052423_SEG_PREV_CURR_00263,2,0.23885108222355164,0.1674544420249813,0.21386225815405202,052423,"◯한국콘텐츠진흥원장 조현래 중소기업 참여되 어 있습니다. ◯황보승희 위원 이 프로젝트 하기 위해서 실감 형콘텐츠진흥위원회 구성을 했는데 여기 산업계의 대부분이 대기업 출신들이었습니다. SK텔레콤, KT, LG유플러스, CJ 이렇게 들어가 있고 언론사들 들어가 있는데요. 실제 이 사업을 할 수 있는 조 건에서 실감형콘텐츠진흥위원회에 참여한 기업은 후에 광화문 프로젝트에 참여하지 못하도록 제한 하고 있습니다. 그런데 이분들이 참여하지 않으셨습니까? 대기 업 컨소시엄 형태로 전부 다 참여하셨지요?",,unreviewed,
CAND_TGT_2022_0463_9633D79E,TGT_2022_0463,052556_SEG_CURR_NEXT_00586,1,0.33785628734054163,0.011224202823723767,0.22353505775965538,052556,"◯한국관광공사사장 김장실 예, 그렇게 말씀 주 신 대로 하겠습니다. ◯이용 위원 그래서 필요하다면 수사 의뢰까지 검토해야 할 사항이고 그리고 사장님께서는 관광 공사 전체 수의계약 체결에 대한 자체조사 실시 하고 향후 대책을 종감 전까지 말씀 부탁드리겠 습니다.",,unreviewed,
CAND_TGT_2020_0472_FEE5F411,TGT_2020_0472,050615_SEG_PREV_CURR_01363,1,0.19745520859411209,0.0,0.12834588558617285,050615,◯전용기 위원 그러면 정부 재정지원으로 고용 을 유지하고는 있으나 관광산업 회복의 근본적인 해답이 될 수 없다는 말씀이신 것 같은데 관광업 체 대다수가 영세사업자에 속해 있어서 생태계 자체의 변화가 필요하지 않겠습니까? 그래서 포스트코로나 시대를 맞아서 디지털 혁 신에 기반한 모델로 바꿔 나가야 될 것 같은데 디지털 혁신에 익숙한 세대가 혹시 어떻게 될까 요? ◯한국관광공사사장 안영배 아무래도 2030 청년 세대들이 더 익숙하다고 생각합니다.,,unreviewed,
CAND_TGT_2022_0221_F754DA34,TGT_2022_0221,052556_SEG_PREV_CURR_00247,2,0.09859936388571666,0.1160495150009618,0.10470691677605246,052556,◯이개호 위원 15개 지역센터를 함께 운영하시 는 것으로 확인을 했습니다. 우리나라 도박중독 유병률이 저도 깜짝 놀랐는 데 지금 직접 말씀을 한번 해 주시지요. 어느 정 도 되는가요? ◯사행산업통합감독위원장 김춘순 5.3~5.4% 정 도 됩니다.,,unreviewed,
CAND_TGT_2024_0481_3553EB69,TGT_2024_0481,054345_SEG_PREV_CURR_02485,2,0.1041973134811432,0.0,0.06772825376274308,054345,"◯한국관광공사사장직무대리서영충 그러니까아마말씀드린대로그사업취지가독 특성, 말그대로유니크하냐때문에한것으로보이는데, 말씀하신취지충분히이해를 했고요. 공공하고민간을나누고또수도권하고지역하고이렇게좀나누어서섹터별로 선정하는방식등의개선방안을마련하도록하겠습니다. ◯조계원위원 개선방안을종감전까지좀제출해주시기바랍니다.",,unreviewed,
CAND_TGT_2020_0151_F734AE7F,TGT_2020_0151,050308_SEG_TURN_00388,1,0.07862837658043215,0.0,0.051108444777280895,050308,"◯이상직위원 저는질의이걸로끝내고나머지 야영장관리부실, 안전에대한불감증이있는데 그건서면질의로마무리하겠습니다.",,unreviewed,
CAND_TGT_2022_0383_49D24B0A,TGT_2022_0383,052423_SEG_TURN_00915,1,0.34296996873233854,0.0,0.22293047967602006,052423,◯김예지 위원 말씀을 안 하시면 저는 계신지 모릅니다. 출판문화산업 진흥법에 따르면 한국출판문화산 업진흥원의 직무 중 하나가 독서 진흥 등 출판 수요 진작을 위한 사업 수행입니다. 그리고 한국 출판문화산업진흥원에서 실시한 제5차 출판문화 산업 진흥계획 수립을 위한 조사 연구에서 첫 번 째 추진과제로 모두를 위한 책으로 수요 다양성 을 확대하겠다는 연구 결과도 나왔습니다. 이에 한국출판문화산업진흥원에서 장애인 접근 성 강화 전자출판물의 부족을 개선하고자 장애인 독서율 향상에 기여하기 위해 장애인 접근성 강 화형 전자책 제작 지원사업을 시행하셨지요?,,unreviewed,
CAND_TGT_2022_0371_D97E3DF5,TGT_2022_0371,052423_SEG_CURR_NEXT_00560,1,0.19005361567835768,0.053953235080512044,0.1424184824691117,052423,"◯위원장 홍익표 그리고 추가적으로 잘 아시는 것처럼 더 이상 종이신문, 방송, 인터넷매체 이렇 게 구분하는 것 자체가 모호해지고 있지 않습니 까? 소위 종이신문이라고 하는 레거시 미디어도 다 인터넷과 동영상을 활용해서 언론이 하고 있 는데 이런 변화하는 미디어 환경에 맞춰서 제도 적으로 뭘 개선하는 게 필요하다고 생각하세요? ◯참고인 이의춘 오늘 언론진흥재단 관련해서 제가 말씀드리면 언론재단은 그동안에 언론인 교 육이라든지 미디어 리터러시 교육이라든지 정부 광고 대행 등 해서 많은 역할을 해 왔는데요. 최 근에 미디어 환경이 인터넷 중심으로 바뀌고 있 으니까 여기에 맞춘 정책적 지원도 전환이 되어 야 한다고, 보다 적극적으로 이루어져야 한다고 보고 있습니다. 지금 진흥재단 거버넌스를 보면 인터넷신문 대 표성을 지닌 전문가가 참여하지 못하고 있는 실 정입니다. 현재 보면 비상임이사진에는 신문협회 하고 신문방송편집인협회, 방송협회, 기자협회 등 만 참여하고 있고 저희 인터넷 쪽 전문가는",,unreviewed,
CAND_TGT_2020_0222_A1956B04,TGT_2020_0222,050615_SEG_TURN_01219,1,0.42064421164967347,0.0,0.27341873757228774,050615,◯사행산업통합감독위원장 심덕섭 저희 사행산 업통합감독위원회의 당연직 위원입니다.,,unreviewed,
CAND_TGT_2020_0284_B0004216,TGT_2020_0284,050606_SEG_PREV_CURR_01471,1,0.11861379735344092,0.0,0.0770989682797366,050606,"◯박정 위원 저작권보호원 원장님, 오전.오후 질의에 여러 위원님들이 한류콘텐츠 저작권 침해 문제 많이 거론하셨지요? ◯한국저작권보호원장 박주환 예.",,unreviewed,
CAND_TGT_2022_0152_8473B23F,TGT_2022_0152,052315_SEG_PREV_CURR_00090,2,0.37975978425641105,0.0,0.2468438597666672,052315,"◯류호정 위원 2019년에 비해서 135만 명가량 늘었다고 하는데요. 엄청난 규모지요. 화면 보시겠습니다. SNS에 있는 글 몇 개만 가져와 봤는데요. 화 장실, 샤워장 같이 쓰다 보면 이런 걱정들이 좀 나오게 되는 거겠지요, 몰카 있을까 봐 불안하다 이런 건데. 관광진흥법 제20조의2에 따르면 ‘야영장업의 등록을 한 자는 문체부령으로 정하는 안전.위생 기준을 지켜야 한다’고 되어 있습니다. 다음 화면을 보시면 이게 그 기준표입니다. CCTV 의 운영.작동 상태와 관련된 규정은 있지만 불 법촬영장치 점검에 관한 사항은 없네요. 이것 말 고 지자체의 야영장 안전점검표에도 없습니다. 공 공야영장의 공공화장실은 지자체가 따로 다중이 용시설 점검 시에 불법촬영장치 점검을 같이한다 고 합니다. 문제는 민간의 등록 야영장들인데요. 불법촬영 범죄가 작년에는 6000건이 넘었다고 합니다. 그래서 이런 점검만으로 불안이 완전히 없어질 수야 있겠습니까마는 저 안전.위생기준 그리고 그 기준표에부터 불법",,unreviewed,
CAND_TGT_2020_0320_2D762E51,TGT_2020_0320,050606_SEG_PREV_CURR_00471,2,0.24638348143255817,0.0,0.16014926293116283,050606,"◯영화진흥위원장 오석근 영화진흥위원회에서 말 씀드리겠습니다. ◯위원장 도종환 예, 영화진흥위원회요.",,unreviewed,
CAND_TGT_2020_0253_EC551F17,TGT_2020_0253,050430_SEG_TURN_00736,2,0.21820295641518594,0.1254059015221348,0.18572398720261807,050430,"◯유정주 위원 박양우 장관님, 지난 7월 스포츠 산업계 코로나19 피해 긴급 실태조사 하셨지요?",,unreviewed,
CAND_TGT_2022_0218_3984F69D,TGT_2022_0218,052493_SEG_CURR_NEXT_00149,2,0.08185894374458684,0.07584165736714563,0.07975289351248241,052493,◯임종성 위원 그런데 이 컨디셔닝팀을 모집하 면서 별도의 채용공고나 공개모집 절차 없이 개 별 수의계약 형식으로 계약이 체결되었습니다. 체육회에 개별 수의계약 사유를 확인해 보니까 도쿄 올림픽과 항저우 아시안게임을 앞두고 경쟁 에 부칠 여유가 없었고 코로나 확산 방지를 위해 숙소생활을 강제하는 등 용역 환경이 어려워 개 개인별로 수의계약을 체결했다고 밝혔습니다. 맞 습니까? ◯대한체육회장 이기흥 예.,,unreviewed,
CAND_TGT_2024_0500_D3A308EA,TGT_2024_0500,054622_SEG_CURR_NEXT_01802,1,0.16805868801453058,0.22885330843162294,0.1893368051605129,054622,"◯증인정몽규 FIFA 편지에서보듯이FIFA는국내우리나라뿐만아니라전세계어느 나라에서나오는축구관련보도사항을항상모니터하는회사도있고요. 그래서항상 모니터해가지고대충무슨일이있다는것을잘알고있다고생각이됩니다. ◯박수현위원 그러니까국민들께서불안하시게FIFA가이런공문을보내왔는데, 각 종국제대회의출전이제약을받을수있다는둥이러한것들을흘려서국민불안하게 하지마시고회장이충분하게선제적으로FIFA에대해서해명할건해명하고설명해야 된다고저는그렇게생각해요. 어떻게생각하십니까?",,unreviewed,
CAND_TGT_2020_0227_80573825,TGT_2020_0227,050673_SEG_PREV_CURR_00736,1,0.0,0.16369917370831102,0.057294710797908856,050673,◯김승수 위원 이 부분과 관련해 가지고 방역 당국하고는 어떤 협의를 했습니까? ◯문화체육관광부예술정책관 김영수 방역 당국 하고는 거기 현장의 실상을 좀 알리고......,,unreviewed,
CAND_TGT_2024_0239_42724C09,TGT_2024_0239,054519_SEG_TURN_01285,1,0.538356892507088,0.0,0.3499319801296072,054519,"◯박수현위원 그래서이박물관이전과함께동남권최대의규모로박물관을신축할 것이고거기에어린이박물관을그렇게할것으로진행이되어있는것을보면사실상13 개의지방국립박물관중에어린이박물관이없는곳은이렇게귀중한, 국보17점을포함 해서4900여점의유물이쏟아져나왔고피장자의신분을정확히알수있는그런가장 중요한삼국시대의고분으로서역사교육의아주산실이자가장귀중한장인국립공주박 물관에만어린이박물관이없다는결론에도달하게됩니다. 맞지요?",,unreviewed,
CAND_TGT_2020_0043_170B8BC8,TGT_2020_0043,050308_SEG_TURN_00085,1,0.15299349651549404,0.0,0.09944577273507113,050308,◯문화체육관광부장관박양우 그렇습니다. NT Live를저희가벤치마킹해가지고국립극장에서 도시도했고요.,,unreviewed,
CAND_TGT_2024_0019_97154306,TGT_2024_0019,054235_SEG_TURN_00736,1,0.3157469826252755,0.0,0.20523553870642908,054235,"◯조계원위원 여수시을지역조계원위원입니다. 학교예술강사지원사업에대해서질의할게있는데요. 학교예술강사지원사업은연극, 국악등8개분야별예술강사를학교에파견해서학생 예술감수성과적성개발을위한학교예술교육을지원해온사업입니다. 이사업은문화 체육관광부가주관하고교육청이협조하는사업형태로진행이돼왔는데요. 최근그예 산이급격하게삭감되면서이사업자체의존폐위기까지거론되고있는실정입니다. 한국문화예술교육진흥원의박은실원장님나오셨습니까? 지난25년동안진행해온학교예술강사지원사업이지금최대위기에봉착해있습니 다. 현재위기의가장큰문제는무엇이라고생각하십니까?",,unreviewed,
CAND_TGT_2024_0500_ECD7C7C2,TGT_2024_0500,054622_SEG_PREV_CURR_01803,2,0.16805868801453058,0.22885330843162294,0.1893368051605129,054622,"◯증인정몽규 FIFA 편지에서보듯이FIFA는국내우리나라뿐만아니라전세계어느 나라에서나오는축구관련보도사항을항상모니터하는회사도있고요. 그래서항상 모니터해가지고대충무슨일이있다는것을잘알고있다고생각이됩니다. ◯박수현위원 그러니까국민들께서불안하시게FIFA가이런공문을보내왔는데, 각 종국제대회의출전이제약을받을수있다는둥이러한것들을흘려서국민불안하게 하지마시고회장이충분하게선제적으로FIFA에대해서해명할건해명하고설명해야 된다고저는그렇게생각해요. 어떻게생각하십니까?",,unreviewed,
CAND_TGT_2024_0422_448EBC81,TGT_2024_0422,054519_SEG_CURR_NEXT_01061,2,0.07717021578183614,0.0,0.050160640258193494,054519,"◯강유정위원 개선의지있으시다면그래도건수정도는기억하셨어야지요. 점자블록 설치해서전시물까지, 시각장애인안내할수있는점자블록아시지요? ◯국립중앙박물관장김재홍 예.",,unreviewed,
CAND_TGT_2024_0074_5DE59E5E,TGT_2024_0074,054435_SEG_TURN_00910,1,0.26355210848307925,0.0,0.1713088705140015,054435,◯임오경위원 문체부는연기자노조에서연구한최저출연료제도도입을비롯한사안 들을검토해서그대책을의원실로보고해주시기바랍니다.,,unreviewed,
CAND_TGT_2022_0306_8F81BDA5,TGT_2022_0306,052423_SEG_TURN_00494,2,0.22306507999830213,0.0,0.1449923019988964,052423,◯한국콘텐츠진흥원장 조현래 예.,,unreviewed,
CAND_TGT_2022_0399_F645607F,TGT_2022_0399,052315_SEG_TURN_01175,1,0.1525812438652881,0.14430716765997834,0.14968531719342967,052315,"◯문화체육관광부제1차관 전병극 뉴서울CC 매 각의 가장 중요한 관점은 제가 보기에는 기본적 으로 헐값 매각은 안 된다, 그런 전제 조건이 붙 습니다. 과거에 이 부분을 추진했을 경우에도 헐 값 매각이라는 우려 때문에 중간에 몇 번 유찰된 경우도 있었고. 다만 현재 이 매각 부분에 대해서는 저희들이 문예기금 재원 감소나 손실 문제가 발생하지 않 는 그런 차원에서 적정 매각 가격이 결정되어야 되고 헐값 매각에 대한 우려를 불식시킨 가운데 서 진행되어야 된다고 생각합니다, 위원님.",,unreviewed,
CAND_TGT_2022_0267_9DFF99AD,TGT_2022_0267,052364_SEG_PREV_CURR_00944,1,0.25956841787262536,0.0,0.1687194716172065,052364,"◯한국문화예술교육진흥원장박은실 스포츠강사 같은경우는학교에서직접고용하는기간제계 약근로자이고저희같은경우는초단시간근로 자여서60시간이내의계약을하도록되어져있 습니다. 지금3대보험은가입이되어져있고요. 가입 되지않고있는건강보험이문제가되고있는데, 건강보험같은경우는사실150만초단기간근로 자들이모두같은기준을적용받고있어서저희 예술강사만따로적용하기에는좀어려움이있다 는말씀을드리지만앞으로예술강사처우개선을 위해서지속적으로노력하도록하겠습니다. ◯김승수위원 건강보험같은경우에는초등스 포츠강사에는적용이된단말이지요. 왜그렇지 요? 스포츠강사는적용이된다고제가전달받았 는데요.",,unreviewed,
CAND_TGT_2024_0243_D25CAC37,TGT_2024_0243,054519_SEG_CURR_NEXT_01112,2,0.11014345707923218,0.0,0.07159324710150092,054519,"◯김승수위원 하여튼영국박물관뿐만아니고요프랑스, 아시아박물관이런데보면 우리가생각도못했던조선시대또근대의우리나라문화유산, 유물들이많이소장돼 있고, 특히수장고에는우리가알지못하는그런유물들이지금많이있을걸로추정이 됩니다. 실제또보면그런외국의박물관과협업을통해가지고상당히귀중한유물을 발견한사례들이속속나오고있고요. 그래서그런해외박물관과의교류협력, MOU 이런 것들을통해가지고기존에전시되고있는유물들에대한연구분석뿐만아니고수장고에 어떻게보면저장되고있는이런부분에대해서도우리가좀신속조속히점검하고검토 또분석할수있는그런시스템을만들어서새로운귀중한문화유산이런것들도많이 발굴될수있도록그렇게노력해주시기를부탁드립니다. 이상입니다. ◯국립중앙박물관장김재홍 기존인력가지고도최선을다해서하고, 외국에있는전담 인력에대해서도저희들이지원을해서지금말씀하신것이수행되도록노력하겠습니다.",,unreviewed,
CAND_TGT_2024_0404_8E848B99,TGT_2024_0404,054435_SEG_TURN_01399,1,0.33584644448778705,0.0,0.2183001889170616,054435,◯박수현위원 그리고장애인을위한영화관동시관람장비도입지원사업이것아시 지요?,,unreviewed,
CAND_TGT_2020_0195_520C7826,TGT_2020_0195,050308_SEG_PREV_CURR_00880,1,0.21167620202316906,0.0,0.13758953131505988,050308,◯국립국악원장임재원 예. ◯임오경위원 국립국악원단원한명과국립국 악고등학교학생사이에영리목적의개인레슨이 있었던것이아니냐는의혹이제기되었고국립국 악원은조사를진행해확진자와접촉경위및해 당단원이국립국악원운영규정제13조영리업무 금지조항을위반했다는것을확인했습니다. 이 단원은3년전부터개인레슨을통해2500만원 정도수입이있었다고밝혔습니다. 슬라이드좀보여주시지요. 국립국악원단원이라는신분으로개인적인영 리활동을하는것은분명복무규정위반입니다. 그런데지난9월17일인사위원회가열렸는데정 직2개월이나왔습니다. 이것은충분한징계라고 저는생각이들지않습니다. 국민들은상당히좋 지않은시각으로보고있습니다. 해당단원주장에의하면3년정도개인레슨을 진행했다면서도올해3월자진신고기간에도신 고를 하지 않았습니다. 코로나19 역학조사에서 드러나지않았다면계속개인영리활동어찌되 었을까요? 또전체단원중이단원만개인레슨 을했다고생각할수는없습니다. 그동안단원들 이관행적.음성적으로개인영리활동을해왔다 는의혹이있는데그동안복무점검을충실히해 왔는지살펴보겠습니다. 보시,,unreviewed,
