answer_unit_id,qa_pair_id,meeting_id,meeting_date,answer_speaker_id,answer_speaker_name,answer_speaker_role,answer_speaker_org,answer_speaker_class,answer_turn_start_no,answer_turn_end_no,answer_turn_count,page_start_no,page_end_no,block_start_no,block_end_no,primary_segment_no,answer_text_raw,answer_text_display,answer_text_normalized,answer_text_compact,char_count,sentence_count,role_confidence,qa_confidence,traceability_status,review_status,answer_hash,review_group,manual_label,review_note
ANS_050606_T00899_T00899,QA_050606_000314,050606,2020-10-22,MSP_050606_DFAC3DED,표완수,이사장,한국언론진흥재단,agency_head,050606_T00899,050606_T00899,1,62,62,050606_0062_0035,050606_0062_0036,050606_SEG_TURN_00899,"◯한국언론진흥재단이사장 표완수  그건 정확하

게 잘 모르겠습니다.  
",◯한국언론진흥재단이사장 표완수 그건 정확하 게 잘 모르겠습니다.,◯한국언론진흥재단이사장 표완수 그건 정확하 게 잘 모르겠습니다.,◯한국언론진흥재단이사장표완수그건정확하게잘모르겠습니다.,35,1,0.9,0.8975,PASS,unreviewed,736fc4b8db23242982b2389e411dbceaf049dbee32723ea31213fa22a88ef363,A1,,
ANS_050673_T00190_T00190,QA_050673_000058,050673,2020-10-19,MSP_050673_609D64BC,정희섭,대표이사,(재)한국예술인복지재단,agency_official,050673_T00190,050673_T00190,1,23,23,050673_0023_0034,050673_0023_0036,050673_SEG_TURN_00190,"◯(재)한국예술인복지재단대표이사 정희섭  지금 

정확한 것은 잘 기억이 안 납니다만 한 40～50% 

정도 되는 것으로……
",◯(재)한국예술인복지재단대표이사 정희섭 지금 정확한 것은 잘 기억이 안 납니다만 한 40~50% 정도 되는 것으로......,◯(재)한국예술인복지재단대표이사 정희섭 지금 정확한 것은 잘 기억이 안 납니다만 한 40~50% 정도 되는 것으로......,◯(재)한국예술인복지재단대표이사정희섭지금정확한것은잘기억이안납니다만한40~50%정도되는것으로......,69,1,0.9,0.8975,PASS,unreviewed,bdfb1e9c4f330be7d7791d397d87a755ecef761a6079ee7cf863eade5d37da1b,A1,,
ANS_051424_T01023_T01023,QA_051424_000433,051424,2021-10-12,MSP_051424_0B7F15AB,이은정,이사장,스포츠윤리센터,agency_head,051424_T01023,051424_T01023,1,67,67,051424_0067_0079,051424_0067_0080,051424_SEG_TURN_01023,"◯스포츠윤리센터이사장 이은정  잘 모르겠습니

다.
",◯스포츠윤리센터이사장 이은정 잘 모르겠습니 다.,◯스포츠윤리센터이사장 이은정 잘 모르겠습니 다.,◯스포츠윤리센터이사장이은정잘모르겠습니다.,26,1,0.9,0.8975,PASS,unreviewed,a60baf1aa659c79a162603f2690cbeebf76dbce3e6f1991b8bd142254cc9a2c4,A1,,
ANS_051535_T00215_T00215,QA_051535_000066,051535,2021-10-19,MSP_051535_5DE593BA,안영배,사장,한국관광공사,agency_head,051535_T00215,051535_T00215,1,17,17,051535_0017_0044,051535_0017_0046,051535_SEG_TURN_00215,"◯한국관광공사사장 안영배  예, 그것은 제가 잘 

모르겠습니다.
","◯한국관광공사사장 안영배 예, 그것은 제가 잘 모르겠습니다.","◯한국관광공사사장 안영배 예, 그것은 제가 잘 모르겠습니다.","◯한국관광공사사장안영배예,그것은제가잘모르겠습니다.",33,1,0.9,0.8975,PASS,unreviewed,28bc0ac9028ff31120f8131f58401cbad82031ab26e48943b52d70927290fa41,A1,,
ANS_051558_T00555_T00555,QA_051558_000236,051558,2021-10-07,MSP_051558_8645FBD9,남희숙,관장,대한민국역사박물,agency_head,051558_T00555,051558_T00555,1,42,42,051558_0042_0071,051558_0042_0078,051558_SEG_TURN_00555,"◯대한민국역사박물관장 남희숙  제가 퍼센티지

는 잘 모르겠고요. 저희가 지금 12월 말까지 상

설전시에 대한 전시 가이드를 만들고 있는데요. 

그 가이드 만드는 예산 중 일부분이 청각장애인

을 위한 전시관리 가이드와 그다음에 시각장애인

을 위한 전시가이드를 별도로 만들고 있습니다. 

그런 예산들이 있는데 아마 저기에는 조금 빠진 

것 같습니다.
",◯대한민국역사박물관장 남희숙 제가 퍼센티지 는 잘 모르겠고요. 저희가 지금 12월 말까지 상 설전시에 대한 전시 가이드를 만들고 있는데요. 그 가이드 만드는 예산 중 일부분이 청각장애인 을 위한 전시관리 가이드와 그다음에 시각장애인 을 위한 전시가이드를 별도로 만들고 있습니다. 그런 예산들이 있는데 아마 저기에는 조금 빠진 것 같습니다.,◯대한민국역사박물관장 남희숙 제가 퍼센티지 는 잘 모르겠고요. 저희가 지금 12월 말까지 상 설전시에 대한 전시 가이드를 만들고 있는데요. 그 가이드 만드는 예산 중 일부분이 청각장애인 을 위한 전시관리 가이드와 그다음에 시각장애인 을 위한 전시가이드를 별도로 만들고 있습니다. 그런 예산들이 있는데 아마 저기에는 조금 빠진 것 같습니다.,◯대한민국역사박물관장남희숙제가퍼센티지는잘모르겠고요.저희가지금12월말까지상설전시에대한전시가이드를만들고있는데요.그가이드만드는예산중일부분이청각장애인을위한전시관리가이드와그다음에시각장애인을위한전시가이드를별도로만들고있습니다.그런예산들이있는데아마저기에는조금빠진것같습니다.,189,4,0.9,0.8975,PASS,unreviewed,20b97057602a26e6c69efc7881ed2d14b94cd80a4ce71ad89d2d75cb660774fb,A1,,
ANS_052229_T00538_T00538,QA_052229_000205,052229,2022-10-05,MSP_052229_168294EF,강춘자,증인,,witness,052229_T00538,052229_T00538,1,43,43,052229_0043_0079,052229_0043_0080,052229_SEG_TURN_00538,"◯증인 강춘자  총 상금이 이백…… 잘 모르겠네

요.
",◯증인 강춘자 총 상금이 이백...... 잘 모르겠네 요.,◯증인 강춘자 총 상금이 이백...... 잘 모르겠네 요.,◯증인강춘자총상금이이백......잘모르겠네요.,32,2,0.9,0.8975,PASS,unreviewed,7a4fbeabca16baa57086f04a79cbaaf368d9167e43b20f7b8e9ab1577959a137,A1,,
ANS_052315_T00577_T00577,QA_052315_000209,052315,2022-10-24,MSP_052315_818CCB43,정교화,증인,,witness,052315_T00577,052315_T00577,1,39,39,052315_0039_0088,052315_0039_0088,052315_SEG_TURN_00577,"◯증인 정교화  제가 잘 모르겠습니다.
",◯증인 정교화 제가 잘 모르겠습니다.,◯증인 정교화 제가 잘 모르겠습니다.,◯증인정교화제가잘모르겠습니다.,20,1,0.9,0.8975,PASS,unreviewed,43c771b41507092c55ccffc3280df351b799884da721c3d0cae987055f0465ff,A1,,
ANS_053329_T00195_T00195,QA_053329_000063,053329,2023-10-10,MSP_053329_B01AB979,관유인촌,부장,문화체육관광,agency_official,053329_T00195,053329_T00195,1,17,17,053329_0017_0024,053329_0017_0025,053329_SEG_TURN_00195,"◯문화체육관광부장관 유인촌  저는 그것은 아직 

잘 모르겠습니다.
",◯문화체육관광부장관 유인촌 저는 그것은 아직 잘 모르겠습니다.,◯문화체육관광부장관 유인촌 저는 그것은 아직 잘 모르겠습니다.,◯문화체육관광부장관유인촌저는그것은아직잘모르겠습니다.,34,1,0.9,0.8975,PASS,unreviewed,ed42aad34a5e7c0fcab7f6f364a14a6634a88a927d6b9901a7d341a85d009498,A1,,
ANS_053389_T00266_T00266,QA_053389_000100,053389,2023-10-26,MSP_053389_B01AB979,관유인촌,부장,문화체육관광,agency_official,053389_T00266,053389_T00266,1,19,19,053389_0019_0040,053389_0019_0042,053389_SEG_TURN_00266,"◯문화체육관광부장관 유인촌  그것은 좀 확인을 

해 보겠습니다. 저도 아직 거기까지는 잘 모르겠

는데요. 
",◯문화체육관광부장관 유인촌 그것은 좀 확인을 해 보겠습니다. 저도 아직 거기까지는 잘 모르겠 는데요.,◯문화체육관광부장관 유인촌 그것은 좀 확인을 해 보겠습니다. 저도 아직 거기까지는 잘 모르겠 는데요.,◯문화체육관광부장관유인촌그것은좀확인을해보겠습니다.저도아직거기까지는잘모르겠는데요.,56,2,0.9,0.8975,PASS,unreviewed,707610ba2acc545750f4b46664861c56f0ffa39dbfb5195ef1e3c76041762dc3,A1,,
ANS_053598_T00818_T00818,QA_053598_000338,053598,2023-10-24,MSP_053598_04C28453,조연상,증인,,witness,053598_T00818,053598_T00818,1,43,43,053598_0043_0000,053598_0043_0000,053598_SEG_TURN_00818,"◯증인 조연상  그것은 정확히 잘 모르겠습니다.
",◯증인 조연상 그것은 정확히 잘 모르겠습니다.,◯증인 조연상 그것은 정확히 잘 모르겠습니다.,◯증인조연상그것은정확히잘모르겠습니다.,25,1,0.9,0.8975,PASS,unreviewed,614c710270952b478a44685e0e26cdb9583156d1631eb279b877e59119e52550,A1,,
ANS_054235_T00172_T00172,QA_054235_000061,054235,2024-10-07,MSP_054235_B01AB979,관유인촌,부장,문화체육관광,agency_official,054235_T00172,054235_T00172,1,24,24,054235_0024_0032,054235_0024_0032,054235_SEG_TURN_00172,"◯문화체육관광부장관유인촌
글쎄요, 그건잘모르겠는데요, 저는.
","◯문화체육관광부장관유인촌 글쎄요, 그건잘모르겠는데요, 저는.","◯문화체육관광부장관유인촌 글쎄요, 그건잘모르겠는데요, 저는.","◯문화체육관광부장관유인촌글쎄요,그건잘모르겠는데요,저는.",33,1,0.9,0.8975,PASS,unreviewed,b2432da495fe79606ccb63412fe3f6001a6fe53ced41923d06e0b3103d162b8a,A1,,
ANS_054235_T00377_T00377,QA_054235_000158,054235,2024-10-07,MSP_054235_B01AB979,관유인촌,부장,문화체육관광,agency_official,054235_T00377,054235_T00377,1,41,41,054235_0041_0018,054235_0041_0018,054235_SEG_TURN_00377,"◯문화체육관광부장관유인촌
글쎄요, 그건저도잘모르겠네요.
","◯문화체육관광부장관유인촌 글쎄요, 그건저도잘모르겠네요.","◯문화체육관광부장관유인촌 글쎄요, 그건저도잘모르겠네요.","◯문화체육관광부장관유인촌글쎄요,그건저도잘모르겠네요.",30,1,0.9,0.8975,PASS,unreviewed,f18f44b57f30d48ff1f72ef8b0c35989c52b8d3af5df875fd94af099e7f9ca6f,A1,,
ANS_054519_T00082_T00082,QA_054519_000031,054519,2024-10-18,MSP_054519_F67954E0,정용석,사장,국립박물관문화재단,agency_head,054519_T00082,054519_T00082,1,12,12,054519_0012_0031,054519_0012_0032,054519_SEG_TURN_00082,"◯국립박물관문화재단사장정용석
정확하게는기억이안납니다. 그전에연락을주셨

어가지고요, 그래서비서관님이……
","◯국립박물관문화재단사장정용석 정확하게는기억이안납니다. 그전에연락을주셨 어가지고요, 그래서비서관님이......","◯국립박물관문화재단사장정용석 정확하게는기억이안납니다. 그전에연락을주셨 어가지고요, 그래서비서관님이......","◯국립박물관문화재단사장정용석정확하게는기억이안납니다.그전에연락을주셨어가지고요,그래서비서관님이......",60,2,0.9,0.8975,PASS,unreviewed,1209e78532585c0b009470c1f06f64f3833c5f3c582a6e2eee10338f7fef760d,A1,,
ANS_054519_T01012_T01012,QA_054519_000462,054519,2024-10-18,MSP_054519_33B852DC,김영수,단장,국립중앙박물관행정운영,agency_official,054519_T01012,054519_T01012,1,76,76,054519_0076_0005,054519_0076_0006,054519_SEG_TURN_01012,"◯국립중앙박물관행정운영단장김영수
어떤방법으로닦았는지는제가잘모르겠습니

다, 전문가들이하는거라서요.
","◯국립중앙박물관행정운영단장김영수 어떤방법으로닦았는지는제가잘모르겠습니 다, 전문가들이하는거라서요.","◯국립중앙박물관행정운영단장김영수 어떤방법으로닦았는지는제가잘모르겠습니 다, 전문가들이하는거라서요.","◯국립중앙박물관행정운영단장김영수어떤방법으로닦았는지는제가잘모르겠습니다,전문가들이하는거라서요.",53,1,0.9,0.8975,PASS,unreviewed,f9934e55e66aef6bd6574ad4d8a5e2e9ba76d8f204fa21ee5002424bd5656efc,A1,,
ANS_054576_T01167_T01167,QA_054576_000503,054576,2024-10-22,MSP_054576_135FD702,이기흥,회장,대한체육,agency_head,054576_T01167,054576_T01167,1,79,79,054576_0079_0021,054576_0079_0021,054576_SEG_TURN_01167,"◯대한체육회장이기흥
그건기억이없습니다. 그렇지만체육인들은다아니까……
",◯대한체육회장이기흥 그건기억이없습니다. 그렇지만체육인들은다아니까......,◯대한체육회장이기흥 그건기억이없습니다. 그렇지만체육인들은다아니까......,◯대한체육회장이기흥그건기억이없습니다.그렇지만체육인들은다아니까......,41,2,0.9,0.8975,PASS,unreviewed,c4a070da259fa4b5782817d454d2ec2a2f8d1fc13574c1d402b91f2856eed0ec,A1,,
ANS_054576_T01522_T01522,QA_054576_000675,054576,2024-10-22,MSP_054576_C5018A12,김병철,증인,,witness,054576_T01522,054576_T01522,1,100,100,054576_0100_0005,054576_0100_0006,054576_SEG_TURN_01522,"◯증인김병철
그것은잘모르겠습니다. 체육회에서가끔체육회단합대회행사가있다

고연락이오면……
",◯증인김병철 그것은잘모르겠습니다. 체육회에서가끔체육회단합대회행사가있다 고연락이오면......,◯증인김병철 그것은잘모르겠습니다. 체육회에서가끔체육회단합대회행사가있다 고연락이오면......,◯증인김병철그것은잘모르겠습니다.체육회에서가끔체육회단합대회행사가있다고연락이오면......,51,2,0.9,0.8975,PASS,unreviewed,96800ddbfb678f3d0ed96803b0d2017f9e32d2a1fcab2ca50ce7e21449c46ac6,A1,,
ANS_054576_T02103_T02103,QA_054576_000925,054576,2024-10-22,MSP_054576_29F5D620,김택규,증인,,witness,054576_T02103,054576_T02103,1,131,131,054576_0131_0014,054576_0131_0014,054576_SEG_TURN_02103,"◯증인김택규
잘모르겠습니다.
",◯증인김택규 잘모르겠습니다.,◯증인김택규 잘모르겠습니다.,◯증인김택규잘모르겠습니다.,15,1,0.9,0.8975,PASS,unreviewed,f89dfbb3f16aa0f146b47b26c9a58a558121e0ad3d995b28a2d90fa5aedff494,A1,,
ANS_054576_T03243_T03243,QA_054576_001431,054576,2024-10-22,MSP_054576_135FD702,이기흥,회장,대한체육,agency_head,054576_T03243,054576_T03243,1,202,202,054576_0202_0019,054576_0202_0019,054576_SEG_TURN_03243,"◯대한체육회장이기흥
아니, 정확하게기억이없습니다.
","◯대한체육회장이기흥 아니, 정확하게기억이없습니다.","◯대한체육회장이기흥 아니, 정확하게기억이없습니다.","◯대한체육회장이기흥아니,정확하게기억이없습니다.",27,1,0.9,0.8975,PASS,unreviewed,b23263aabe2945fe12061ca2dbbf1db9c818af3ed69e3874f91b80529c679605,A1,,
ANS_054622_T00210_T00210,QA_054622_000077,054622,2024-10-24,MSP_054622_B01AB979,관유인촌,부장,문화체육관광,agency_official,054622_T00210,054622_T00210,1,22,22,054622_0022_0011,054622_0022_0011,054622_SEG_TURN_00210,"◯문화체육관광부장관유인촌
방문하셔서이런얘기를했는지는저는잘모르겠고요.
",◯문화체육관광부장관유인촌 방문하셔서이런얘기를했는지는저는잘모르겠고요.,◯문화체육관광부장관유인촌 방문하셔서이런얘기를했는지는저는잘모르겠고요.,◯문화체육관광부장관유인촌방문하셔서이런얘기를했는지는저는잘모르겠고요.,37,1,0.9,0.8975,PASS,unreviewed,39c87ec230f9d2bee369c92c635381cc76aa00a703bfe1c367d339918b39a036,A1,,
ANS_054622_T00658_T00658,QA_054622_000284,054622,2024-10-24,MSP_054622_B01AB979,관유인촌,부장,문화체육관광,agency_official,054622_T00658,054622_T00658,1,57,57,054622_0057_0026,054622_0057_0029,054622_SEG_TURN_00658,"◯문화체육관광부장관유인촌
그이전에왜그렇게많은걸허락해주고승인했는지는

잘모르겠습니다만여러가지이유가있었겠지요. 하지만그결과가너무나안좋게나

타나고있기때문에제가정말어떻게든지올바르게갈수있도록…… 이렇게일이됐다

이렇게말씀드리겠습니다.
",◯문화체육관광부장관유인촌 그이전에왜그렇게많은걸허락해주고승인했는지는 잘모르겠습니다만여러가지이유가있었겠지요. 하지만그결과가너무나안좋게나 타나고있기때문에제가정말어떻게든지올바르게갈수있도록...... 이렇게일이됐다 이렇게말씀드리겠습니다.,◯문화체육관광부장관유인촌 그이전에왜그렇게많은걸허락해주고승인했는지는 잘모르겠습니다만여러가지이유가있었겠지요. 하지만그결과가너무나안좋게나 타나고있기때문에제가정말어떻게든지올바르게갈수있도록...... 이렇게일이됐다 이렇게말씀드리겠습니다.,◯문화체육관광부장관유인촌그이전에왜그렇게많은걸허락해주고승인했는지는잘모르겠습니다만여러가지이유가있었겠지요.하지만그결과가너무나안좋게나타나고있기때문에제가정말어떻게든지올바르게갈수있도록......이렇게일이됐다이렇게말씀드리겠습니다.,127,3,0.9,0.8975,PASS,unreviewed,35c3f7d237bee9d6c4806bd53c77dc70a48d0221a7da032b732717a73e869e33,A1,,
ANS_054622_T00810_T00810,QA_054622_000330,054622,2024-10-24,MSP_054622_E92C8F8B,김태호,증인,,witness,054622_T00810,054622_T00810,1,70,70,054622_0070_0015,054622_0070_0015,054622_SEG_TURN_00810,"◯증인김태호
제가다른회사의상황은잘모르겠습니다.
",◯증인김태호 제가다른회사의상황은잘모르겠습니다.,◯증인김태호 제가다른회사의상황은잘모르겠습니다.,◯증인김태호제가다른회사의상황은잘모르겠습니다.,25,1,0.9,0.8975,PASS,unreviewed,d1f974eddf25d8a58da80dc1f4ce02959c7f8ee056e04da032710af739bb44af,A1,,
ANS_054622_T01024_T01024,QA_054622_000430,054622,2024-10-24,MSP_054622_8C44461D,김풍년,증인,,witness,054622_T01024,054622_T01024,1,82,82,054622_0082_0030,054622_0082_0030,054622_SEG_TURN_01024,"◯증인김풍년
정확하게그부분을기억하지못하고요.
",◯증인김풍년 정확하게그부분을기억하지못하고요.,◯증인김풍년 정확하게그부분을기억하지못하고요.,◯증인김풍년정확하게그부분을기억하지못하고요.,24,1,0.9,0.8975,PASS,unreviewed,bad78fdde5c32ed68ad6a996a25697cb152833a50a73a4f4146d3bec2d994842,A1,,
ANS_054622_T01880_T01880,QA_054622_000815,054622,2024-10-24,MSP_054622_E3B138D7,정몽규,증인,,witness,054622_T01880,054622_T01880,1,133,133,054622_0133_0014,054622_0133_0015,054622_SEG_TURN_01880,"◯증인정몽규
아니, 그냥제가느끼는뉘앙스로만설명드렸습니다. 정확한사전적의

미는잘모르겠습니다.
","◯증인정몽규 아니, 그냥제가느끼는뉘앙스로만설명드렸습니다. 정확한사전적의 미는잘모르겠습니다.","◯증인정몽규 아니, 그냥제가느끼는뉘앙스로만설명드렸습니다. 정확한사전적의 미는잘모르겠습니다.","◯증인정몽규아니,그냥제가느끼는뉘앙스로만설명드렸습니다.정확한사전적의미는잘모르겠습니다.",50,2,0.9,0.8975,PASS,unreviewed,e2293bff57ab1245b84cc8a0e61a87e4fe79a07ef5d6ff072b7e47a1cfb4a40d,A1,,
ANS_054622_T02591_T02591,QA_054622_001095,054622,2024-10-24,MSP_054622_B01AB979,관유인촌,부장,문화체육관광,agency_official,054622_T02591,054622_T02591,1,180,180,054622_0180_0009,054622_0180_0009,054622_SEG_TURN_02591,"◯문화체육관광부장관유인촌
명칭은잘모르겠습니다.
",◯문화체육관광부장관유인촌 명칭은잘모르겠습니다.,◯문화체육관광부장관유인촌 명칭은잘모르겠습니다.,◯문화체육관광부장관유인촌명칭은잘모르겠습니다.,25,1,0.9,0.8975,PASS,unreviewed,2e6f5848ad5d02c1969dc4a20e160a4352f833c27f714a0a1991a289e9f53214,A1,,
ANS_054622_T02935_T02935,QA_054622_001243,054622,2024-10-24,MSP_054622_B01AB979,관유인촌,부장,문화체육관광,agency_official,054622_T02935,054622_T02935,1,205,205,054622_0205_0020,054622_0205_0021,054622_SEG_TURN_02935,"◯문화체육관광부장관유인촌
글쎄요, 그때는제가없어서잘모르겠는데요. 아마이

잔디보수는서울시가했어야될건데문체부가그런약속을어떻게했나모르겠네요.
","◯문화체육관광부장관유인촌 글쎄요, 그때는제가없어서잘모르겠는데요. 아마이 잔디보수는서울시가했어야될건데문체부가그런약속을어떻게했나모르겠네요.","◯문화체육관광부장관유인촌 글쎄요, 그때는제가없어서잘모르겠는데요. 아마이 잔디보수는서울시가했어야될건데문체부가그런약속을어떻게했나모르겠네요.","◯문화체육관광부장관유인촌글쎄요,그때는제가없어서잘모르겠는데요.아마이잔디보수는서울시가했어야될건데문체부가그런약속을어떻게했나모르겠네요.",75,2,0.9,0.8975,PASS,unreviewed,48fc1b8c50642fb77419895e2c4034ad6c6b7273f484733b4871cd3a13e325fa,A1,,
ANS_N053480_T01018_T01018,QA_N053480_000349,N053480,2025-10-20,MSP_N053480_F06B5194,유병철,본부장,한국언론진흥재단경영,agency_official,N053480_T01018,N053480_T01018,1,78,78,N053480_0078_0027,N053480_0078_0027,N053480_SEG_TURN_01018,"◯한국언론진흥재단경영본부장유병철
그내용은제가소상히잘모르겠습니다.
",◯한국언론진흥재단경영본부장유병철 그내용은제가소상히잘모르겠습니다.,◯한국언론진흥재단경영본부장유병철 그내용은제가소상히잘모르겠습니다.,◯한국언론진흥재단경영본부장유병철그내용은제가소상히잘모르겠습니다.,35,1,0.9,0.8975,PASS,unreviewed,356af91e5081aefe350889f3ea8b7a027c4ea3f46e1aed796189055d33c0d65b,A1,,
ANS_N053481_T00919_T00919,QA_N053481_000411,N053481,2025-10-16,MSP_N053481_6EA065B2,이종훈,정책관,국가유산청역사유적,agency_official,N053481_T00919,N053481_T00919,1,75,75,N053481_0075_0029,N053481_0075_0029,N053481_SEG_TURN_00919,"◯국가유산청역사유적정책관이종훈
그것까지는잘모르겠습니다.
",◯국가유산청역사유적정책관이종훈 그것까지는잘모르겠습니다.,◯국가유산청역사유적정책관이종훈 그것까지는잘모르겠습니다.,◯국가유산청역사유적정책관이종훈그것까지는잘모르겠습니다.,30,1,0.9,0.8975,PASS,unreviewed,22306a89c70b861bc12ff60463399906629073a8813a2221c01c9e4cbdf6c70b,A1,,
ANS_N053481_T01390_T01390,QA_N053481_000614,N053481,2025-10-16,MSP_N053481_E04D28F9,이귀영,원장,국가유산진흥,agency_head,N053481_T01390,N053481_T01390,1,115,115,N053481_0115_0006,N053481_0115_0006,N053481_SEG_TURN_01390,"◯국가유산진흥원장이귀영
잘모르겠습니다.
",◯국가유산진흥원장이귀영 잘모르겠습니다.,◯국가유산진흥원장이귀영 잘모르겠습니다.,◯국가유산진흥원장이귀영잘모르겠습니다.,21,1,0.9,0.8975,PASS,unreviewed,e30bdafa81f3d56311ac6e264eeec3814cb063379926d387048bef152dd0ab37,A1,,
ANS_N053482_T00608_T00608,QA_N053482_000263,N053482,2025-10-22,MSP_N053482_F67954E0,정용석,사장,국립박물관문화재단,agency_head,N053482_T00608,N053482_T00608,1,42,42,N053482_0042_0016,N053482_0042_0016,N053482_SEG_TURN_00608,"◯국립박물관문화재단사장정용석
뒤가있는지, 자리가있는지잘모르겠습니다.
","◯국립박물관문화재단사장정용석 뒤가있는지, 자리가있는지잘모르겠습니다.","◯국립박물관문화재단사장정용석 뒤가있는지, 자리가있는지잘모르겠습니다.","◯국립박물관문화재단사장정용석뒤가있는지,자리가있는지잘모르겠습니다.",37,1,0.9,0.8975,PASS,unreviewed,aab37d2ed2670f04ea460d2598654010f28b8ad33d1bb8f51be767996e1e6baf,A1,,
ANS_N053487_T01242_T01242,QA_N053487_000480,N053487,2025-10-29,MSP_N053487_07C95173,유승민,회장,대한체육,agency_head,N053487_T01242,N053487_T01242,1,97,97,N053487_0097_0015,N053487_0097_0015,N053487_SEG_TURN_01242,"◯대한체육회장유승민
그것까지는제가정확히날짜를기억하지못하는데요.
",◯대한체육회장유승민 그것까지는제가정확히날짜를기억하지못하는데요.,◯대한체육회장유승민 그것까지는제가정확히날짜를기억하지못하는데요.,◯대한체육회장유승민그것까지는제가정확히날짜를기억하지못하는데요.,34,1,0.9,0.8975,PASS,unreviewed,259d8e4665a778f01eae4d5eabf86162733de21fb7b94c0f89d3f12dec933b1c,A1,,
ANS_050615_T01044_T01044,QA_050615_000426,050615,2020-10-16,MSP_050615_CFFB0657,이홍식,원장,한국도박문제관리센터,agency_head,050615_T01044,050615_T01044,1,66,66,050615_0066_0060,050615_0066_0075,050615_SEG_TURN_01044,"◯한국도박문제관리센터원장 이홍식  한국도박관

리센터원장 이홍식입니다.

  제가 이해를 돕기 위해서, 도박에는 여러 가지 

유형이 있습니다. 그중에서 대표적인 것이 우리

가 이해하고 있는 카지노가 국민들은 가장 도박

이라고 얘기하는데 사실은 지금 현재 상황은 대

부분 
온라인 
불법도박이 
80∼90%입니다, 
지금 

우리 국민들에게 피해를 주는 것은. 카지노는 과

거에 그게 인상이 깊어서 그렇고 실제 차지하는 

숫자는 그렇게 많지가 않습니다. 

  그런데 도박 유형에 여러 가지가 있는데 화투

도 있고 경마도 있는데 가장 도박성이 강한 게 

카지노입니다, 특히 우리 국민들에게 있어서는. 

  그래서 여기에 노출되면 될 확률이 상당히 높

은데 이게 정확하게 몇 %다 하고 이렇게 연구가 

된 자료가 없습니다. 
","◯한국도박문제관리센터원장 이홍식 한국도박관 리센터원장 이홍식입니다. 제가 이해를 돕기 위해서, 도박에는 여러 가지 유형이 있습니다. 그중에서 대표적인 것이 우리 가 이해하고 있는 카지노가 국민들은 가장 도박 이라고 얘기하는데 사실은 지금 현재 상황은 대 부분 온라인 불법도박이 80∼90%입니다, 지금 우리 국민들에게 피해를 주는 것은. 카지노는 과 거에 그게 인상이 깊어서 그렇고 실제 차지하는 숫자는 그렇게 많지가 않습니다. 그런데 도박 유형에 여러 가지가 있는데 화투 도 있고 경마도 있는데 가장 도박성이 강한 게 카지노입니다, 특히 우리 국민들에게 있어서는. 그래서 여기에 노출되면 될 확률이 상당히 높 은데 이게 정확하게 몇 %다 하고 이렇게 연구가 된 자료가 없습니다.","◯한국도박문제관리센터원장 이홍식 한국도박관 리센터원장 이홍식입니다. 제가 이해를 돕기 위해서, 도박에는 여러 가지 유형이 있습니다. 그중에서 대표적인 것이 우리 가 이해하고 있는 카지노가 국민들은 가장 도박 이라고 얘기하는데 사실은 지금 현재 상황은 대 부분 온라인 불법도박이 80∼90%입니다, 지금 우리 국민들에게 피해를 주는 것은. 카지노는 과 거에 그게 인상이 깊어서 그렇고 실제 차지하는 숫자는 그렇게 많지가 않습니다. 그런데 도박 유형에 여러 가지가 있는데 화투 도 있고 경마도 있는데 가장 도박성이 강한 게 카지노입니다, 특히 우리 국민들에게 있어서는. 그래서 여기에 노출되면 될 확률이 상당히 높 은데 이게 정확하게 몇 %다 하고 이렇게 연구가 된 자료가 없습니다.","◯한국도박문제관리센터원장이홍식한국도박관리센터원장이홍식입니다.제가이해를돕기위해서,도박에는여러가지유형이있습니다.그중에서대표적인것이우리가이해하고있는카지노가국민들은가장도박이라고얘기하는데사실은지금현재상황은대부분온라인불법도박이80∼90%입니다,지금우리국민들에게피해를주는것은.카지노는과거에그게인상이깊어서그렇고실제차지하는숫자는그렇게많지가않습니다.그런데도박유형에여러가지가있는데화투도있고경마도있는데가장도박성이강한게카지노입니다,특히우리국민들에게있어서는.그래서여기에노출되면될확률이상당히높은데이게정확하게몇%다하고이렇게연구가된자료가없습니다.",380,6,0.9,0.8975,PASS,unreviewed,ba1ec646e7c1f0a8d2e7589f6dccc36a7f72de9c725e89d1f63767fd7b687e3f,A2,,
ANS_051354_T00276_T00276,QA_051354_000086,051354,2021-10-01,MSP_051354_1903A8A5,관황희,부장,문화체육관광,agency_official,051354_T00276,051354_T00276,1,27,27,051354_0027_0010,051354_0027_0011,051354_SEG_TURN_00276,"◯문화체육관광부장관 황희  예, 확인해 보겠습

니다.
","◯문화체육관광부장관 황희 예, 확인해 보겠습 니다.","◯문화체육관광부장관 황희 예, 확인해 보겠습 니다.","◯문화체육관광부장관황희예,확인해보겠습니다.",28,1,0.9,0.8975,PASS,unreviewed,a0170655180a8137c53118937827b6e3d0ad0c4132b844ba1d465b6e9a799dbd,A2,,
ANS_051402_T01092_T01092,QA_051402_000474,051402,2021-10-21,MSP_051402_1903A8A5,관황희,부장,문화체육관광,agency_official,051402_T01092,051402_T01092,1,77,77,051402_0077_0041,051402_0077_0044,051402_SEG_TURN_01092,"◯문화체육관광부장관 황희  그건 한번 제가 들

여다보겠습니다. 지금 위원님 문제 제기하신 것

에 대해서 제가 상황을 정확하게 파악하지 못하

고 있어서요.
",◯문화체육관광부장관 황희 그건 한번 제가 들 여다보겠습니다. 지금 위원님 문제 제기하신 것 에 대해서 제가 상황을 정확하게 파악하지 못하 고 있어서요.,◯문화체육관광부장관 황희 그건 한번 제가 들 여다보겠습니다. 지금 위원님 문제 제기하신 것 에 대해서 제가 상황을 정확하게 파악하지 못하 고 있어서요.,◯문화체육관광부장관황희그건한번제가들여다보겠습니다.지금위원님문제제기하신것에대해서제가상황을정확하게파악하지못하고있어서요.,84,2,0.9,0.8975,PASS,unreviewed,63c9e3001d4f605ea9c40b23f017349c83f8967c8434cd886c3fdbab7dbeb5bd,A2,,
ANS_052280_T00421_T00421,QA_052280_000190,052280,2022-10-11,MSP_052280_E61C88B9,최응천,청장,문화재,agency_head,052280_T00421,052280_T00421,1,29,29,052280_0029_0007,052280_0029_0008,052280_SEG_TURN_00421,"◯문화재청장 최응천  아직은 파악하지 못하고 

있습니다.
",◯문화재청장 최응천 아직은 파악하지 못하고 있습니다.,◯문화재청장 최응천 아직은 파악하지 못하고 있습니다.,◯문화재청장최응천아직은파악하지못하고있습니다.,29,1,0.9,0.8975,PASS,unreviewed,ea2b7f011e18856d9c38f5e09efa300c007728ba64a5c392f642f16ec051ec15,A2,,
ANS_052423_T00063_T00063,QA_052423_000017,052423,2022-10-13,MSP_052423_E194E95D,조현래,원장,한국콘텐츠진흥,agency_head,052423_T00063,052423_T00063,1,10,10,052423_0010_0021,052423_0010_0022,052423_SEG_TURN_00063,"◯한국콘텐츠진흥원장 조현래  제가 그러면 다시 

한번 확인해 보겠습니다. 
",◯한국콘텐츠진흥원장 조현래 제가 그러면 다시 한번 확인해 보겠습니다.,◯한국콘텐츠진흥원장 조현래 제가 그러면 다시 한번 확인해 보겠습니다.,◯한국콘텐츠진흥원장조현래제가그러면다시한번확인해보겠습니다.,38,1,0.9,0.8975,PASS,unreviewed,15fcd8fa63dbe265094e5c182b5a98c89895f9584072fa7352ccfed1653958b4,A2,,
ANS_052423_T00422_T00422,QA_052423_000122,052423,2022-10-13,MSP_052423_CB592645,박정렬,원장,한국저작권보호,agency_head,052423_T00422,052423_T00422,1,31,31,052423_0031_0035,052423_0031_0036,052423_SEG_TURN_00422,"◯한국저작권보호원장 박정렬  산업 피해 액수에 

대해서는 저희들이 파악하지 못하고 있습니다.
",◯한국저작권보호원장 박정렬 산업 피해 액수에 대해서는 저희들이 파악하지 못하고 있습니다.,◯한국저작권보호원장 박정렬 산업 피해 액수에 대해서는 저희들이 파악하지 못하고 있습니다.,◯한국저작권보호원장박정렬산업피해액수에대해서는저희들이파악하지못하고있습니다.,49,1,0.9,0.8975,PASS,unreviewed,885697abfe0a77e48d08d309ea6468bb668ad49cd8a4fe6cb06209c0f127243b,A2,,
ANS_053357_T00155_T00155,QA_053357_000067,053357,2023-10-19,MSP_053357_621ECA99,이은복,정책관,문화체육관광부예술,agency_official,053357_T00155,053357_T00155,1,12,12,053357_0012_0066,053357_0012_0068,053357_SEG_TURN_00155,"◯문화체육관광부예술정책관 이은복 
 아니, 
저 

나와 있는데요. 중학교 부분은 조금 확인해 보겠

습니다. 그런데 아마 있을 것으로 알고 있습니다.
","◯문화체육관광부예술정책관 이은복 아니, 저 나와 있는데요. 중학교 부분은 조금 확인해 보겠 습니다. 그런데 아마 있을 것으로 알고 있습니다.","◯문화체육관광부예술정책관 이은복 아니, 저 나와 있는데요. 중학교 부분은 조금 확인해 보겠 습니다. 그런데 아마 있을 것으로 알고 있습니다.","◯문화체육관광부예술정책관이은복아니,저나와있는데요.중학교부분은조금확인해보겠습니다.그런데아마있을것으로알고있습니다.",78,3,0.9,0.8975,PASS,unreviewed,2c8e3d7081acc6642b46e23fb943685857a9a4cc2352c600791e7351b420e9ba,A2,,
ANS_053389_T01062_T01062,QA_053389_000411,053389,2023-10-26,MSP_053389_E2EDFD29,장미란,차관,문화체육관광부제2,vice_minister,053389_T01062,053389_T01062,1,70,70,053389_0070_0055,053389_0070_0062,053389_SEG_TURN_01062,"◯문화체육관광부제2차관 장미란  아직 데이터

에 대해서 따로 하는 것은 제가 잘 알지 못하고

요. 지금 스포츠정책과학연구원에서는 아마도 경

기인들을 위한 데이터 분석과 자세 분석에 대한 

것들이 주로 이루어지는 걸로 알고 있습니다. 민

간에서도 그러한 것들이 많이 활성화되고 또 시

대가 바뀌었기 때문에 이런 것들이 잘 협업될 수 

있도록 방안을 마련해 보도록 하겠습니다.
",◯문화체육관광부제2차관 장미란 아직 데이터 에 대해서 따로 하는 것은 제가 잘 알지 못하고 요. 지금 스포츠정책과학연구원에서는 아마도 경 기인들을 위한 데이터 분석과 자세 분석에 대한 것들이 주로 이루어지는 걸로 알고 있습니다. 민 간에서도 그러한 것들이 많이 활성화되고 또 시 대가 바뀌었기 때문에 이런 것들이 잘 협업될 수 있도록 방안을 마련해 보도록 하겠습니다.,◯문화체육관광부제2차관 장미란 아직 데이터 에 대해서 따로 하는 것은 제가 잘 알지 못하고 요. 지금 스포츠정책과학연구원에서는 아마도 경 기인들을 위한 데이터 분석과 자세 분석에 대한 것들이 주로 이루어지는 걸로 알고 있습니다. 민 간에서도 그러한 것들이 많이 활성화되고 또 시 대가 바뀌었기 때문에 이런 것들이 잘 협업될 수 있도록 방안을 마련해 보도록 하겠습니다.,◯문화체육관광부제2차관장미란아직데이터에대해서따로하는것은제가잘알지못하고요.지금스포츠정책과학연구원에서는아마도경기인들을위한데이터분석과자세분석에대한것들이주로이루어지는걸로알고있습니다.민간에서도그러한것들이많이활성화되고또시대가바뀌었기때문에이런것들이잘협업될수있도록방안을마련해보도록하겠습니다.,205,3,0.9,0.8975,PASS,unreviewed,ceab4a0244f6159e275b4de072c412379e7ed852229b79ce8b5d3a7e5746b303,A2,,
ANS_053740_T00077_T00077,QA_053740_000027,053740,2023-10-23,MSP_053740_6DFD64E2,윤성용,관장,국립중앙박물,agency_head,053740_T00077,053740_T00077,1,9,10,053740_0009_0057,053740_0010_0014,053740_SEG_TURN_00077,"◯국립중앙박물관장 윤성용  제가 훔볼트 건에 

대해서 말씀을 드리겠습니다.

  김승수 위원님께서 지적하신 대로 사전에 알지 

못하고 사후에 이렇게 하느냐라고 하는데 이 구

조를 제가 좀 말씀을 드리겠습니다.

  훔볼트포럼은 우리가 지속적으로 한국실을 보

완해야 
된다고 
위원님들께서도 
지적해 
주셨고 

확대하기 위해서 노력하고 있었고, 이번 전시는 

어떻게 했느냐 하면 그동안 알려지지 않았던 독

일 민족학박물관의 소장품 1800점, 1800점은 그

동안 알려지지 않았는데 그중의 120점을 전시했

습니다.

  그래서 전시를 할 때 어떻게 전시를 하느냐라

고 저희들이 확인을 했을 경우에는 지난 2년간의 

조사 연구를 바탕으로, 이미 조사 연구가 끝났기 

때문에 그것을 바탕으로 전시를 한다라고 했고, 

그 전시에 필요한, 전시계획을 보면 19세기부터 

20세기까지 독일에서 수집한 조선 말과 우리의 

문화재였습니다. 그래서 전시 주제가 독일에서의 

수집사의 변천 관계된 내용의 전시였고, 그다음

에 그 수집사를 좀 더 잘 보여 주기 위해서 저희

들한테 초상화, 즉 복식의 사용 용도를 알 수 있

는 초상화 2점을 대여 요청을 했습니다. 여기까

지가 전시가 열리게 된 과정이고.

  그다음, 전시 내용의 검토 과정인데 저희들은 

협약서에 의해 가지고 저희들이 대여한 전시품에 

대해서 어떻게 설명이 되고 있는지는 확인할 의

무가 있어서 그것을 확인했습니다. 그리고 또 전

시 패널은 저희들 대여품은 아니지만 전시실에 

걸리는 패널에 대해서는 전량 확인을 했습니다. 

그것도 홈볼트포럼에서 주지 않는다고 했습니다. 

왜 그러냐 하면 훔볼트포럼은 그것을 제시할 의무

가 없는 상황이고 또 이미 2년 전의 조사 연구를 

바탕으로 했다 하는 이야기를 했고, 그래서 120

점의 네임카드는 저희들이 확인을 지속적으로 요

청을 했지만 주지 않아서 강제할 수 없었고 그래

서 전시가 개막된 상황이었습니다. 개막돼서 저

희들이 
문화원에 
확인을 
요청했습니다. 
우리가 

이러이러한 내용의 수정할 사항이 있어서 훔볼트 

측에 요구했으니까 수정됐는지, 반영됐는지 여부

를 확인해 달라 해서 문화원에서 확인을 하고 그 

사진을 저희들한테 보내 왔습니다. 그때 저희들

이 확인했던 게 아까 김승수 위원님께서도 확인

한 일본 비녀가 조선시대 비녀라고 소개되어 있

었습니다. 그래서 바로 저희들은 이것을 철수를 

하라라고 요구했고 그다음 언론 등에서 문제가 

제기됐습니다. 그런 상황입니다.
","◯국립중앙박물관장 윤성용 제가 훔볼트 건에 대해서 말씀을 드리겠습니다. 김승수 위원님께서 지적하신 대로 사전에 알지 못하고 사후에 이렇게 하느냐라고 하는데 이 구 조를 제가 좀 말씀을 드리겠습니다. 훔볼트포럼은 우리가 지속적으로 한국실을 보 완해야 된다고 위원님들께서도 지적해 주셨고 확대하기 위해서 노력하고 있었고, 이번 전시는 어떻게 했느냐 하면 그동안 알려지지 않았던 독 일 민족학박물관의 소장품 1800점, 1800점은 그 동안 알려지지 않았는데 그중의 120점을 전시했 습니다. 그래서 전시를 할 때 어떻게 전시를 하느냐라 고 저희들이 확인을 했을 경우에는 지난 2년간의 조사 연구를 바탕으로, 이미 조사 연구가 끝났기 때문에 그것을 바탕으로 전시를 한다라고 했고, 그 전시에 필요한, 전시계획을 보면 19세기부터 20세기까지 독일에서 수집한 조선 말과 우리의 문화재였습니다. 그래서 전시 주제가 독일에서의 수집사의 변천 관계된 내용의 전시였고, 그다음 에 그 수집사를 좀 더 잘 보여 주기 위해서 저희 들한테 초상화, 즉 복식의 사용 용도를 알 수 있 는 초상화 2점을 대여 요청을 했습니다. 여기까 지가 전시가 열리게 된 과정이고. 그다음, 전시 내용의 검토 과정인데 저희들은 협약서에 의해 가지고 저희들이 대여한 전시품에 대해서 어떻게 설명이 되고 있는지는 확인할 의 무가 있어서 그것을 확인했습니다. 그리고 또 전 시 패널은 저희들 대여품은 아니지만 전시실에 걸리는 패널에 대해서는 전량 확인을 했습니다. 그것도 홈볼트포럼에서 주지 않는다고 했습니다. 왜 그러냐 하면 훔볼트포럼은 그것을 제시할 의무 가 없는 상황이고 또 이미 2년 전의 조사 연구를 바탕으로 했다 하는 이야기를 했고, 그래서 120 점의 네임카드는 저희들이 확인을 지속적으로 요 청을 했지만 주지 않아서 강제할 수 없었고 그래 서 전시가 개막된 상황이었습니다. 개막돼서 저 희들이 문화원에 확인을 요청했습니다. 우리가 이러이러한 내용의 수정할 사항이 있어서 훔볼트 측에 요구했으니까 수정됐는지, 반영됐는지 여부 를 확인해 달라 해서 문화원에서 확인을 하고 그 사진을 저희들한테 보내 왔습니다. 그때 저희들 이 확인했던 게 아까 김승수 위원님께서도 확인 한 일본 비녀가 조선시대 비녀라고 소개되어 있 었습니다. 그래서 바로 저희들은 이것을 철수를 하라라고 요구했고 그다음 언론 등에서 문제가 제기됐습니다. 그런 상황입니다.","◯국립중앙박물관장 윤성용 제가 훔볼트 건에 대해서 말씀을 드리겠습니다. 김승수 위원님께서 지적하신 대로 사전에 알지 못하고 사후에 이렇게 하느냐라고 하는데 이 구 조를 제가 좀 말씀을 드리겠습니다. 훔볼트포럼은 우리가 지속적으로 한국실을 보 완해야 된다고 위원님들께서도 지적해 주셨고 확대하기 위해서 노력하고 있었고, 이번 전시는 어떻게 했느냐 하면 그동안 알려지지 않았던 독 일 민족학박물관의 소장품 1800점, 1800점은 그 동안 알려지지 않았는데 그중의 120점을 전시했 습니다. 그래서 전시를 할 때 어떻게 전시를 하느냐라 고 저희들이 확인을 했을 경우에는 지난 2년간의 조사 연구를 바탕으로, 이미 조사 연구가 끝났기 때문에 그것을 바탕으로 전시를 한다라고 했고, 그 전시에 필요한, 전시계획을 보면 19세기부터 20세기까지 독일에서 수집한 조선 말과 우리의 문화재였습니다. 그래서 전시 주제가 독일에서의 수집사의 변천 관계된 내용의 전시였고, 그다음 에 그 수집사를 좀 더 잘 보여 주기 위해서 저희 들한테 초상화, 즉 복식의 사용 용도를 알 수 있 는 초상화 2점을 대여 요청을 했습니다. 여기까 지가 전시가 열리게 된 과정이고. 그다음, 전시 내용의 검토 과정인데 저희들은 협약서에 의해 가지고 저희들이 대여한 전시품에 대해서 어떻게 설명이 되고 있는지는 확인할 의 무가 있어서 그것을 확인했습니다. 그리고 또 전 시 패널은 저희들 대여품은 아니지만 전시실에 걸리는 패널에 대해서는 전량 확인을 했습니다. 그것도 홈볼트포럼에서 주지 않는다고 했습니다. 왜 그러냐 하면 훔볼트포럼은 그것을 제시할 의무 가 없는 상황이고 또 이미 2년 전의 조사 연구를 바탕으로 했다 하는 이야기를 했고, 그래서 120 점의 네임카드는 저희들이 확인을 지속적으로 요 청을 했지만 주지 않아서 강제할 수 없었고 그래 서 전시가 개막된 상황이었습니다. 개막돼서 저 희들이 문화원에 확인을 요청했습니다. 우리가 이러이러한 내용의 수정할 사항이 있어서 훔볼트 측에 요구했으니까 수정됐는지, 반영됐는지 여부 를 확인해 달라 해서 문화원에서 확인을 하고 그 사진을 저희들한테 보내 왔습니다. 그때 저희들 이 확인했던 게 아까 김승수 위원님께서도 확인 한 일본 비녀가 조선시대 비녀라고 소개되어 있 었습니다. 그래서 바로 저희들은 이것을 철수를 하라라고 요구했고 그다음 언론 등에서 문제가 제기됐습니다. 그런 상황입니다.","◯국립중앙박물관장윤성용제가훔볼트건에대해서말씀을드리겠습니다.김승수위원님께서지적하신대로사전에알지못하고사후에이렇게하느냐라고하는데이구조를제가좀말씀을드리겠습니다.훔볼트포럼은우리가지속적으로한국실을보완해야된다고위원님들께서도지적해주셨고확대하기위해서노력하고있었고,이번전시는어떻게했느냐하면그동안알려지지않았던독일민족학박물관의소장품1800점,1800점은그동안알려지지않았는데그중의120점을전시했습니다.그래서전시를할때어떻게전시를하느냐라고저희들이확인을했을경우에는지난2년간의조사연구를바탕으로,이미조사연구가끝났기때문에그것을바탕으로전시를한다라고했고,그전시에필요한,전시계획을보면19세기부터20세기까지독일에서수집한조선말과우리의문화재였습니다.그래서전시주제가독일에서의수집사의변천관계된내용의전시였고,그다음에그수집사를좀더잘보여주기위해서저희들한테초상화,즉복식의사용용도를알수있는초상화2점을대여요청을했습니다.여기까지가전시가열리게된과정이고.그다음,전시내용의검토과정인데저희들은협약서에의해가지고저희들이대여한전시품에대해서어떻게설명이되고있는지는확인할의무가있어서그것을확인했습니다.그리고또전시패널은저희들대여품은아니지만전시실에걸리는패널에대해서는전량확인을했습니다.그것도홈볼트포럼에서주지않는다고했습니다.왜그러냐하면훔볼트포럼은그것을제시할의무가없는상황이고또이미2년전의조사연구를바탕으로했다하는이야기를했고,그래서120점의네임카드는저희들이확인을지속적으로요청을했지만주지않아서강제할수없었고그래서전시가개막된상황이었습니다.개막돼서저희들이문화원에확인을요청했습니다.우리가이러이러한내용의수정할사항이있어서훔볼트측에요구했으니까수정됐는지,반영됐는지여부를확인해달라해서문화원에서확인을하고그사진을저희들한테보내왔습니다.그때저희들이확인했던게아까김승수위원님께서도확인한일본비녀가조선시대비녀라고소개되어있었습니다.그래서바로저희들은이것을철수를하라라고요구했고그다음언론등에서문제가제기됐습니다.그런상황입니다.",1178,15,0.9,0.7725,PASS,unreviewed,948749490e19be4b2f1c94da12284195f650cb221f5fa77f2a92c1d938764ec9,A2,,
ANS_054235_T00699_T00699,QA_054235_000275,054235,2024-10-07,MSP_054235_82BCF1E4,정욱,증인,,witness,054235_T00699,054235_T00699,1,65,65,054235_0065_0029,054235_0065_0030,054235_SEG_TURN_00699,"◯증인정욱
실무단위에서일어나고있는일을돌아가서한번잘확인해보고다시

말씀드리도록하겠습니다.
",◯증인정욱 실무단위에서일어나고있는일을돌아가서한번잘확인해보고다시 말씀드리도록하겠습니다.,◯증인정욱 실무단위에서일어나고있는일을돌아가서한번잘확인해보고다시 말씀드리도록하겠습니다.,◯증인정욱실무단위에서일어나고있는일을돌아가서한번잘확인해보고다시말씀드리도록하겠습니다.,47,1,0.9,0.8975,PASS,unreviewed,f005bd620676c8d1be5ec544b89803109df1be4d8056304d065baf3a42b902dd,A2,,
ANS_054345_T00067_T00067,QA_054345_000012,054345,2024-10-15,MSP_054345_E952749B,김영산,사장,그랜드코리아레저(주),agency_head,054345_T00067,054345_T00067,1,16,16,054345_0016_0006,054345_0016_0008,054345_SEG_TURN_00067,"◯그랜드코리아레저㈜사장김영산
저도정확히는파악하지못하고있는데저희가공기

업으로서여성기업이나장애인기업또벤처기업등등거기서구매대행, 수의계약을하거

나낙찰을받으면경영평가에서점수가좀올라갑니다. 그래서……
","◯그랜드코리아레저(주)사장김영산 저도정확히는파악하지못하고있는데저희가공기 업으로서여성기업이나장애인기업또벤처기업등등거기서구매대행, 수의계약을하거 나낙찰을받으면경영평가에서점수가좀올라갑니다. 그래서......","◯그랜드코리아레저(주)사장김영산 저도정확히는파악하지못하고있는데저희가공기 업으로서여성기업이나장애인기업또벤처기업등등거기서구매대행, 수의계약을하거 나낙찰을받으면경영평가에서점수가좀올라갑니다. 그래서......","◯그랜드코리아레저(주)사장김영산저도정확히는파악하지못하고있는데저희가공기업으로서여성기업이나장애인기업또벤처기업등등거기서구매대행,수의계약을하거나낙찰을받으면경영평가에서점수가좀올라갑니다.그래서......",112,2,0.9,0.8975,PASS,unreviewed,b3b2d54ac49edc7e13ce7f2165f3f8d9fce6c4c178b5ef4b924e53483000fa88,A2,,
ANS_054345_T00492_T00492,QA_054345_000201,054345,2024-10-15,MSP_054345_45DBCC29,직무대,사장,한국관광공사,agency_head,054345_T00492,054345_T00492,1,48,48,054345_0048_0034,054345_0048_0034,054345_SEG_TURN_00492,"◯한국관광공사사장직무대리서영충
예, 확인해보겠습니다.
","◯한국관광공사사장직무대리서영충 예, 확인해보겠습니다.","◯한국관광공사사장직무대리서영충 예, 확인해보겠습니다.","◯한국관광공사사장직무대리서영충예,확인해보겠습니다.",29,1,0.9,0.8975,PASS,unreviewed,e680bd6a51d67757bd607c35caf3b92fddc25bf13646f03ab58fd43c310b8f17,A2,,
ANS_054345_T02602_T02602,QA_054345_001076,054345,2024-10-15,MSP_054345_97913DD7,김효재,이사장,한국언론진흥재단,agency_head,054345_T02602,054345_T02602,1,183,183,054345_0183_0023,054345_0183_0023,054345_SEG_TURN_02602,"◯한국언론진흥재단이사장김효재
확인해보겠습니다.
",◯한국언론진흥재단이사장김효재 확인해보겠습니다.,◯한국언론진흥재단이사장김효재 확인해보겠습니다.,◯한국언론진흥재단이사장김효재확인해보겠습니다.,25,1,0.9,0.8975,PASS,unreviewed,c0b9a550735018383f8cca959718e2677af9ee708e1632f5880dae5874d8d595,A2,,
ANS_054435_T00090_T00090,QA_054435_000035,054435,2024-10-17,MSP_054435_BA1734B7,직무대,원장,한국콘텐츠진흥,agency_head,054435_T00090,054435_T00090,1,14,14,054435_0014_0027,054435_0014_0027,054435_SEG_TURN_00090,"◯한국콘텐츠진흥원장직무대리유현석
확인해보겠습니다.
",◯한국콘텐츠진흥원장직무대리유현석 확인해보겠습니다.,◯한국콘텐츠진흥원장직무대리유현석 확인해보겠습니다.,◯한국콘텐츠진흥원장직무대리유현석확인해보겠습니다.,27,1,0.9,0.8975,PASS,unreviewed,d38008e6c6e98a2abf42ce178f2bdf2fe497147f5426ee3a555d986df05cb4d3,A2,,
ANS_054435_T00715_T00715,QA_054435_000230,054435,2024-10-17,MSP_054435_BA1734B7,직무대,원장,한국콘텐츠진흥,agency_head,054435_T00715,054435_T00715,1,54,54,054435_0054_0022,054435_0054_0022,054435_SEG_TURN_00715,"◯한국콘텐츠진흥원장직무대리유현석
예, 확인해보겠습니다.
","◯한국콘텐츠진흥원장직무대리유현석 예, 확인해보겠습니다.","◯한국콘텐츠진흥원장직무대리유현석 예, 확인해보겠습니다.","◯한국콘텐츠진흥원장직무대리유현석예,확인해보겠습니다.",30,1,0.9,0.8975,PASS,unreviewed,270eba4947076a085fe003b56c233bfbb2b327efed17671062360b61183fe2fc,A2,,
ANS_054435_T00933_T00933,QA_054435_000328,054435,2024-10-17,MSP_054435_BA1734B7,직무대,원장,한국콘텐츠진흥,agency_head,054435_T00933,054435_T00933,1,68,69,054435_0068_0038,054435_0069_0002,054435_SEG_TURN_00933,"◯한국콘텐츠진흥원장직무대리유현석
그것은다시한번확인해보겠는데아마도아까

배우께서얘기하신에이스토리건이저희쪽에서지원한게아닌가싶은생각은들고요.

다만저희는그렇게알고있으니까그것은한번자료를검토해서다시한번말씀드리는

기회를갖도록하겠습니다.
",◯한국콘텐츠진흥원장직무대리유현석 그것은다시한번확인해보겠는데아마도아까 배우께서얘기하신에이스토리건이저희쪽에서지원한게아닌가싶은생각은들고요. 다만저희는그렇게알고있으니까그것은한번자료를검토해서다시한번말씀드리는 기회를갖도록하겠습니다.,◯한국콘텐츠진흥원장직무대리유현석 그것은다시한번확인해보겠는데아마도아까 배우께서얘기하신에이스토리건이저희쪽에서지원한게아닌가싶은생각은들고요. 다만저희는그렇게알고있으니까그것은한번자료를검토해서다시한번말씀드리는 기회를갖도록하겠습니다.,◯한국콘텐츠진흥원장직무대리유현석그것은다시한번확인해보겠는데아마도아까배우께서얘기하신에이스토리건이저희쪽에서지원한게아닌가싶은생각은들고요.다만저희는그렇게알고있으니까그것은한번자료를검토해서다시한번말씀드리는기회를갖도록하겠습니다.,123,2,0.9,0.8975,PASS,unreviewed,f4733b284069ca37fcf23a6cda000709a4a124a5f9addc0ecca80c32f346cce0,A2,,
ANS_054519_T00773_T00773,QA_054519_000350,054519,2024-10-18,MSP_054519_F67954E0,정용석,사장,국립박물관문화재단,agency_head,054519_T00773,054519_T00773,1,60,61,054519_0060_0039,054519_0061_0001,054519_SEG_TURN_00773,"◯국립박물관문화재단사장정용석
회의아까정정해주셨는데, 아까도말씀드린것처럼

18일인지19일인지제가명확하게는알지못해가지고요.
","◯국립박물관문화재단사장정용석 회의아까정정해주셨는데, 아까도말씀드린것처럼 18일인지19일인지제가명확하게는알지못해가지고요.","◯국립박물관문화재단사장정용석 회의아까정정해주셨는데, 아까도말씀드린것처럼 18일인지19일인지제가명확하게는알지못해가지고요.","◯국립박물관문화재단사장정용석회의아까정정해주셨는데,아까도말씀드린것처럼18일인지19일인지제가명확하게는알지못해가지고요.",66,1,0.9,0.8975,PASS,unreviewed,83c2b6f1aa8d6503b07f2c9ecb5e8ce24c8a7a06c191c4b27545e1910cbc13da,A2,,
ANS_054519_T01318_T01318,QA_054519_000606,054519,2024-10-18,MSP_054519_33853B60,한수,관장,대한민국역사박물,agency_head,054519_T01318,054519_T01318,1,97,97,054519_0097_0026,054519_0097_0028,054519_SEG_TURN_01318,"◯대한민국역사박물관장한수
사실제가6월17일에부임했기때문에5월상황은자세

히는알지못하지만제가갔을때는다양한행사를급하게해야하는그런상황에있었

습니다.
",◯대한민국역사박물관장한수 사실제가6월17일에부임했기때문에5월상황은자세 히는알지못하지만제가갔을때는다양한행사를급하게해야하는그런상황에있었 습니다.,◯대한민국역사박물관장한수 사실제가6월17일에부임했기때문에5월상황은자세 히는알지못하지만제가갔을때는다양한행사를급하게해야하는그런상황에있었 습니다.,◯대한민국역사박물관장한수사실제가6월17일에부임했기때문에5월상황은자세히는알지못하지만제가갔을때는다양한행사를급하게해야하는그런상황에있었습니다.,78,1,0.9,0.8975,PASS,unreviewed,9682e932ee11f06f032297415de5506e598fb715d30fa27a90229b236c806e67,A2,,
ANS_054622_T00146_T00146,QA_054622_000047,054622,2024-10-24,MSP_054622_E2EDFD29,장미란,차관,문화체육관광부제2,vice_minister,054622_T00146,054622_T00146,1,18,18,054622_0018_0033,054622_0018_0033,054622_SEG_TURN_00146,"◯문화체육관광부제2차관장미란
내용에관련해서는알지못했습니다.
",◯문화체육관광부제2차관장미란 내용에관련해서는알지못했습니다.,◯문화체육관광부제2차관장미란 내용에관련해서는알지못했습니다.,◯문화체육관광부제2차관장미란내용에관련해서는알지못했습니다.,32,1,0.9,0.8975,PASS,unreviewed,d83845d0b494a090a432b1a1cb718008789c0b597dd6617a51d042adb8e1d8a2,A2,,
ANS_054622_T00214_T00214,QA_054622_000079,054622,2024-10-24,MSP_054622_881471F9,최응천,청장,국가유산,agency_head,054622_T00214,054622_T00214,1,22,22,054622_0022_0020,054622_0022_0020,054622_SEG_TURN_00214,"◯국가유산청장최응천
현대미술관은문화체육관광부소관이라제가알지못했습니다.
",◯국가유산청장최응천 현대미술관은문화체육관광부소관이라제가알지못했습니다.,◯국가유산청장최응천 현대미술관은문화체육관광부소관이라제가알지못했습니다.,◯국가유산청장최응천현대미술관은문화체육관광부소관이라제가알지못했습니다.,38,1,0.9,0.8975,PASS,unreviewed,660117df5d14e1a1d699aec2a5d83165971f513c8306a579f1b97761c6c28c41,A2,,
ANS_054622_T01213_T01213,QA_054622_000521,054622,2024-10-24,MSP_054622_A5A44A0D,황성운,실장,문화체육관광부기획조정,agency_official,054622_T01213,054622_T01213,1,97,97,054622_0097_0012,054622_0097_0012,054622_SEG_TURN_01213,"◯문화체육관광부기획조정실장황성운
저건확인해보겠습니다.
",◯문화체육관광부기획조정실장황성운 저건확인해보겠습니다.,◯문화체육관광부기획조정실장황성운 저건확인해보겠습니다.,◯문화체육관광부기획조정실장황성운저건확인해보겠습니다.,29,1,0.9,0.8975,PASS,unreviewed,179476b122e1e4c1fe733eaca51efa27b06d21a54713dda6fcbaa6b3880725a1,A2,,
ANS_054622_T01247_T01247,QA_054622_000538,054622,2024-10-24,MSP_054622_A5A44A0D,황성운,실장,문화체육관광부기획조정,agency_official,054622_T01247,054622_T01247,1,98,98,054622_0098_0030,054622_0098_0031,054622_SEG_TURN_01247,"◯문화체육관광부기획조정실장황성운
예, 제가실무자들까지는정확하게알지못합니

다.
","◯문화체육관광부기획조정실장황성운 예, 제가실무자들까지는정확하게알지못합니 다.","◯문화체육관광부기획조정실장황성운 예, 제가실무자들까지는정확하게알지못합니 다.","◯문화체육관광부기획조정실장황성운예,제가실무자들까지는정확하게알지못합니다.",42,1,0.9,0.8975,PASS,unreviewed,f610d196d36bb4716d52c112de1a78676e9f0a7e4e73cad85eb17cc781852f97,A2,,
ANS_N053479_T00482_T00482,QA_N053479_000187,N053479,2025-10-14,MSP_N053479_70F0B0C1,노관규,증인,,witness,N053479_T00482,N053479_T00482,1,53,53,N053479_0053_0024,N053479_0053_0024,N053479_SEG_TURN_00482,"◯증인노관규
예, 확인해보십시오. 맞습니다.
","◯증인노관규 예, 확인해보십시오. 맞습니다.","◯증인노관규 예, 확인해보십시오. 맞습니다.","◯증인노관규예,확인해보십시오.맞습니다.",24,2,0.9,0.8975,PASS,unreviewed,e1ca7547e8ec265bd5fb72d44c344200adf5d72ff42960f577720620706c79eb,A2,,
ANS_N053480_T01555_T01555,QA_N053480_000583,N053480,2025-10-20,MSP_N053480_B5BE5CA4,김도인,본부장,한국언론진흥재단정부광고,agency_official,N053480_T01555,N053480_T01555,1,115,115,N053480_0115_0004,N053480_0115_0005,N053480_SEG_TURN_01555,"◯한국언론진흥재단정부광고본부장김도인
회의록이있는지는저희가확인해보겠습니

다만있으면당연히제출할것이고요.
",◯한국언론진흥재단정부광고본부장김도인 회의록이있는지는저희가확인해보겠습니 다만있으면당연히제출할것이고요.,◯한국언론진흥재단정부광고본부장김도인 회의록이있는지는저희가확인해보겠습니 다만있으면당연히제출할것이고요.,◯한국언론진흥재단정부광고본부장김도인회의록이있는지는저희가확인해보겠습니다만있으면당연히제출할것이고요.,55,1,0.9,0.8975,PASS,unreviewed,acddb40148c11f4a72e2b8d690ca2037b294a6682d13689d5d9be9d1598b16a1,A2,,
ANS_N053480_T01641_T01641,QA_N053480_000615,N053480,2025-10-20,MSP_N053480_45DBCC29,직무대,사장,한국관광공사,agency_head,N053480_T01641,N053480_T01641,1,121,121,N053480_0121_0012,N053480_0121_0012,N053480_SEG_TURN_01641,"◯한국관광공사사장직무대행서영충
특별한이유는제가잘알지못하고있습니다.
",◯한국관광공사사장직무대행서영충 특별한이유는제가잘알지못하고있습니다.,◯한국관광공사사장직무대행서영충 특별한이유는제가잘알지못하고있습니다.,◯한국관광공사사장직무대행서영충특별한이유는제가잘알지못하고있습니다.,36,1,0.9,0.8975,PASS,unreviewed,d6b2a29ae0f1a844131aa48a8b35f3636744f1c0e0ec494cfa456f636eb677df,A2,,
ANS_N053481_T00788_T00788,QA_N053481_000348,N053481,2025-10-16,MSP_N053481_37D42D59,곽기홍,증인,,witness,N053481_T00788,N053481_T00788,1,64,64,N053481_0064_0027,N053481_0064_0027,N053481_SEG_TURN_00788,"◯증인곽기홍
잘알지못합니다.
",◯증인곽기홍 잘알지못합니다.,◯증인곽기홍 잘알지못합니다.,◯증인곽기홍잘알지못합니다.,15,1,0.9,0.8975,PASS,unreviewed,2000a5d86c7ab5ab9b0df83b69bddeb7ac61e7fcd0edca7463e7dc5d9d139544,A2,,
ANS_N053482_T01291_T01291,QA_N053482_000516,N053482,2025-10-22,MSP_N053482_E67B4747,정용욱,대표이사,한국예술인복지재단,agency_official,N053482_T01291,N053482_T01291,1,91,91,N053482_0091_0018,N053482_0091_0018,N053482_SEG_TURN_01291,"◯한국예술인복지재단대표이사정용욱
죄송합니다. 확인해보겠습니다.
",◯한국예술인복지재단대표이사정용욱 죄송합니다. 확인해보겠습니다.,◯한국예술인복지재단대표이사정용욱 죄송합니다. 확인해보겠습니다.,◯한국예술인복지재단대표이사정용욱죄송합니다.확인해보겠습니다.,34,2,0.9,0.8975,PASS,unreviewed,6672997b96a1b00846377ffc90e40ad03bab812c56724bdee0dd9430d51947d0,A2,,
ANS_N053483_T01433_T01433,QA_N053483_000424,N053483,2025-10-23,MSP_N053483_BA1734B7,직무대,원장,한국콘텐츠진흥,agency_head,N053483_T01433,N053483_T01433,1,112,112,N053483_0112_0018,N053483_0112_0018,N053483_SEG_TURN_01433,"◯한국콘텐츠진흥원장직무대행유현석
그것은제가한번확인해보겠습니다.
",◯한국콘텐츠진흥원장직무대행유현석 그것은제가한번확인해보겠습니다.,◯한국콘텐츠진흥원장직무대행유현석 그것은제가한번확인해보겠습니다.,◯한국콘텐츠진흥원장직무대행유현석그것은제가한번확인해보겠습니다.,34,1,0.9,0.8975,PASS,unreviewed,ab90dc5c912f791f54ae27b4cac53b39b55d32637eb90406e415d9bd06f58e34,A2,,
ANS_N053487_T01093_T01093,QA_N053487_000414,N053487,2025-10-29,MSP_N053487_F878D50A,정용재,관장,국립고궁박물,agency_head,N053487_T01093,N053487_T01093,1,85,85,N053487_0085_0007,N053487_0085_0007,N053487_SEG_TURN_01093,"◯국립고궁박물관장정용재
제가확인해보도록하겠습니다.
",◯국립고궁박물관장정용재 제가확인해보도록하겠습니다.,◯국립고궁박물관장정용재 제가확인해보도록하겠습니다.,◯국립고궁박물관장정용재제가확인해보도록하겠습니다.,27,1,0.9,0.8975,PASS,unreviewed,b07b135a58c7e308e98c7d72b06dbf67ac10f25013f78aeafbacf9a1158fbdd9,A2,,
ANS_N053487_T01705_T01705,QA_N053487_000622,N053487,2025-10-29,MSP_N053487_6263A5E6,김성희,관장,국립현대미술,agency_head,N053487_T01705,N053487_T01705,1,140,140,N053487_0140_0001,N053487_0140_0004,N053487_SEG_TURN_01705,"◯국립현대미술관장김성희
제가확인해보겠습니다. 제가어떤기업인지는그냥대충

마음으로는알것같은데요. 그게프랑스에팔렸다는사실은지금처음들었습니다. 다시

한번확인하고요. 어떤경유를통해서선정이되는지도알아봐서의원실로보고드리겠습

니다.
",◯국립현대미술관장김성희 제가확인해보겠습니다. 제가어떤기업인지는그냥대충 마음으로는알것같은데요. 그게프랑스에팔렸다는사실은지금처음들었습니다. 다시 한번확인하고요. 어떤경유를통해서선정이되는지도알아봐서의원실로보고드리겠습 니다.,◯국립현대미술관장김성희 제가확인해보겠습니다. 제가어떤기업인지는그냥대충 마음으로는알것같은데요. 그게프랑스에팔렸다는사실은지금처음들었습니다. 다시 한번확인하고요. 어떤경유를통해서선정이되는지도알아봐서의원실로보고드리겠습 니다.,◯국립현대미술관장김성희제가확인해보겠습니다.제가어떤기업인지는그냥대충마음으로는알것같은데요.그게프랑스에팔렸다는사실은지금처음들었습니다.다시한번확인하고요.어떤경유를통해서선정이되는지도알아봐서의원실로보고드리겠습니다.,121,5,0.9,0.8975,PASS,unreviewed,1479ca5101c708a65039540943db4003a50eab3f2a5964adca0e3af95e79f64d,A2,,
ANS_053501_T00885_T00885,QA_053501_000297,053501,2023-10-17,MSP_053501_E194E95D,조현래,원장,한국콘텐츠진흥,agency_head,053501_T00885,053501_T00885,1,49,49,053501_0049_0022,053501_0049_0024,053501_SEG_TURN_00885,"◯한국콘텐츠진흥원장 조현래  예, 전통문화 R&D 

분야는 콘텐츠국 소관이 아니고요. 문체부 내의 

지역문화정책국 소관에 전통문화가……
","◯한국콘텐츠진흥원장 조현래 예, 전통문화 R&D 분야는 콘텐츠국 소관이 아니고요. 문체부 내의 지역문화정책국 소관에 전통문화가......","◯한국콘텐츠진흥원장 조현래 예, 전통문화 R&D 분야는 콘텐츠국 소관이 아니고요. 문체부 내의 지역문화정책국 소관에 전통문화가......","◯한국콘텐츠진흥원장조현래예,전통문화R&D분야는콘텐츠국소관이아니고요.문체부내의지역문화정책국소관에전통문화가......",76,2,0.9,0.8975,PASS,unreviewed,5ea9546d340a8eb357c9ff8ed0cdcb2450f0b36f97e44c936cb0ed38f68e9217,A3,,
ANS_053740_T00381_T00381,QA_053740_000165,053740,2023-10-23,MSP_053740_621ECA99,이은복,정책관,문화체육관광부예술,agency_official,053740_T00381,053740_T00381,1,24,24,053740_0024_0032,053740_0024_0035,053740_SEG_TURN_00381,"◯문화체육관광부예술정책관 이은복  그 작품은 

저희 문체부 소관이 아니고 세종정부청사 관련 

해당인데요. 철거하기로 결정한 것으로 알고 있

습니다. 
",◯문화체육관광부예술정책관 이은복 그 작품은 저희 문체부 소관이 아니고 세종정부청사 관련 해당인데요. 철거하기로 결정한 것으로 알고 있 습니다.,◯문화체육관광부예술정책관 이은복 그 작품은 저희 문체부 소관이 아니고 세종정부청사 관련 해당인데요. 철거하기로 결정한 것으로 알고 있 습니다.,◯문화체육관광부예술정책관이은복그작품은저희문체부소관이아니고세종정부청사관련해당인데요.철거하기로결정한것으로알고있습니다.,79,2,0.9,0.8975,PASS,unreviewed,f0b0eff039da7e703b1d74b9d6598dca8df1e23345680da3e3a680ebd9e177d0,A3,,
ANS_054576_T00352_T00352,QA_054576_000153,054576,2024-10-22,MSP_054576_FBA518B9,이정우,국장,문화체육관광부체육,agency_official,054576_T00352,054576_T00352,1,28,28,054576_0028_0032,054576_0028_0033,054576_SEG_TURN_00352,"◯문화체육관광부체육국장이정우
위원님, 장애인체육은제소관이아니라옆에있는

송윤석협력관소관이어서제가정확히잘모르겠습니다.
","◯문화체육관광부체육국장이정우 위원님, 장애인체육은제소관이아니라옆에있는 송윤석협력관소관이어서제가정확히잘모르겠습니다.","◯문화체육관광부체육국장이정우 위원님, 장애인체육은제소관이아니라옆에있는 송윤석협력관소관이어서제가정확히잘모르겠습니다.","◯문화체육관광부체육국장이정우위원님,장애인체육은제소관이아니라옆에있는송윤석협력관소관이어서제가정확히잘모르겠습니다.",63,1,0.9,0.8975,PASS,unreviewed,6a517dea12fc4fc88371ec30ee1eeddb5a671a2943b1aa91a07d4ccc721a2c74,A3,,
ANS_050308_T00969_T00970,QA_050308_000340,050308,2020-10-07,MSP_050308_64CA9D06,관박양우,부장,문화체육관광,agency_official,050308_T00969,050308_T00970,2,85,85,050308_0085_0018,050308_0085_0030,050308_SEG_TURN_00969,"◯문화체육관광부장관박양우
배현진위원님귀

한말씀저희가잘유념하겠고요. 또진행상황

도수시로공유하도록그렇게하겠습니다. 감사

합니다.
◯배현진위원
그리고마지막으로아까박정위

원님께서체육탁구선수출신으로아주소중한

말씀주신것에대해서깊이공감합니다. 그러나

대한민국의어느국민도규정, 원칙에대한공정

원칙그리고기회의평등에대해서정부가훼손

하기를바라지는않을것같습니다. 그점에대
해서도문체부가유념하시고규정과원칙대로공

정하게기회의평등이우리선수들에게돌아갈

수있도록노력해주셨으면좋겠습니다.

◯문화체육관광부장관박양우
예, 그렇게하도

록노력을하겠습니다.
","◯문화체육관광부장관박양우 배현진위원님귀 한말씀저희가잘유념하겠고요. 또진행상황 도수시로공유하도록그렇게하겠습니다. 감사 합니다. ◯배현진위원 그리고마지막으로아까박정위 원님께서체육탁구선수출신으로아주소중한 말씀주신것에대해서깊이공감합니다. 그러나 대한민국의어느국민도규정, 원칙에대한공정 원칙그리고기회의평등에대해서정부가훼손 하기를바라지는않을것같습니다. 그점에대 해서도문체부가유념하시고규정과원칙대로공 정하게기회의평등이우리선수들에게돌아갈 수있도록노력해주셨으면좋겠습니다. ◯문화체육관광부장관박양우 예, 그렇게하도 록노력을하겠습니다.","◯문화체육관광부장관박양우 배현진위원님귀 한말씀저희가잘유념하겠고요. 또진행상황 도수시로공유하도록그렇게하겠습니다. 감사 합니다. ◯배현진위원 그리고마지막으로아까박정위 원님께서체육탁구선수출신으로아주소중한 말씀주신것에대해서깊이공감합니다. 그러나 대한민국의어느국민도규정, 원칙에대한공정 원칙그리고기회의평등에대해서정부가훼손 하기를바라지는않을것같습니다. 그점에대 해서도문체부가유념하시고규정과원칙대로공 정하게기회의평등이우리선수들에게돌아갈 수있도록노력해주셨으면좋겠습니다. ◯문화체육관광부장관박양우 예, 그렇게하도 록노력을하겠습니다.","◯문화체육관광부장관박양우배현진위원님귀한말씀저희가잘유념하겠고요.또진행상황도수시로공유하도록그렇게하겠습니다.감사합니다.◯배현진위원그리고마지막으로아까박정위원님께서체육탁구선수출신으로아주소중한말씀주신것에대해서깊이공감합니다.그러나대한민국의어느국민도규정,원칙에대한공정원칙그리고기회의평등에대해서정부가훼손하기를바라지는않을것같습니다.그점에대해서도문체부가유념하시고규정과원칙대로공정하게기회의평등이우리선수들에게돌아갈수있도록노력해주셨으면좋겠습니다.◯문화체육관광부장관박양우예,그렇게하도록노력을하겠습니다.",288,7,0.9,0.8975,PASS,unreviewed,85ceefd23eee124bfe264166eb51ef2f261d0bf3fbf718afd96997af2226826c,A4,,
ANS_050350_T00086_T00086,QA_050350_000026,050350,2020-10-12,MSP_050350_F366C4B4,정재숙,청장,문화재,agency_head,050350_T00086,050350_T00086,1,15,15,050350_0015_0024,050350_0015_0024,050350_SEG_TURN_00086,"◯문화재청장 정재숙  예, 공감합니다.
","◯문화재청장 정재숙 예, 공감합니다.","◯문화재청장 정재숙 예, 공감합니다.","◯문화재청장정재숙예,공감합니다.",20,1,0.9,0.8975,PASS,unreviewed,1b695c9f4f5774d965c9c963b3d0c2f9ec370fc284ddcb58a9305edac0d4afcc,A4,,
ANS_050492_T01414_T01414,QA_050492_000567,050492,2020-10-15,MSP_050492_135FD702,이기흥,회장,대한체육,agency_head,050492_T01414,050492_T01414,1,79,79,050492_0079_0082,050492_0079_0082,050492_SEG_TURN_01414,"◯대한체육회장 이기흥  예, 공감합니다. 
","◯대한체육회장 이기흥 예, 공감합니다.","◯대한체육회장 이기흥 예, 공감합니다.","◯대한체육회장이기흥예,공감합니다.",21,1,0.9,0.8975,PASS,unreviewed,f814ff2deadd563dbf94df2277a823d86ce72165bcd9fed6ded9f4837edd539a,A4,,
ANS_050606_T00648_T00648,QA_050606_000235,050606,2020-10-22,MSP_050606_17FE0BCF,신종철,참고인,,reference_witness,050606_T00648,050606_T00648,1,50,50,050606_0050_0012,050606_0050_0012,050606_SEG_TURN_00648,"◯참고인 신종철  위원님 말씀에 공감합니다.
",◯참고인 신종철 위원님 말씀에 공감합니다.,◯참고인 신종철 위원님 말씀에 공감합니다.,◯참고인신종철위원님말씀에공감합니다.,23,1,0.9,0.8975,PASS,unreviewed,90254ae946f08299fd59e0edd19be4fe9cf35c2bedcbed28511ece4b285f1dfc,A4,,
ANS_050615_T01313_T01313,QA_050615_000516,050615,2020-10-16,MSP_050615_CFFB0657,이홍식,원장,한국도박문제관리센터,agency_head,050615_T01313,050615_T01313,1,82,82,050615_0082_0070,050615_0082_0071,050615_SEG_TURN_01313,"◯한국도박문제관리센터원장 이홍식 
 감사합니

다. 유념하겠습니다. 
",◯한국도박문제관리센터원장 이홍식 감사합니 다. 유념하겠습니다.,◯한국도박문제관리센터원장 이홍식 감사합니 다. 유념하겠습니다.,◯한국도박문제관리센터원장이홍식감사합니다.유념하겠습니다.,34,2,0.9,0.8975,PASS,unreviewed,18b6c6f46c2284418bbbac3635640bf9cc9a3834d9fef93545de2fe5397811be,A4,,
ANS_050673_T00818_T00818,QA_050673_000333,050673,2020-10-19,MSP_050673_E33CEE73,박종관,위원장,한국문화예술,agency_head,050673_T00818,050673_T00818,1,56,56,050673_0056_0068,050673_0056_0080,050673_SEG_TURN_00818,"◯한국문화예술위원장 박종관  오전감사 때 전용

기 위원님께서 예술인만이라도 먼저 블랙리스트 

소송에 대한 항소를 포기해 달라고 하셨습니다.

  블랙리스트 소송은 예술위와 대한민국이 공동 

피고로 진행되는 소송이고 위원회는 정부 산하 

공공기관으로 관련 법률에 따라서 검찰 등의 소

송 지휘를 받는 법적 절차가 있다고 합니다.

  예술가들이 창작활동에 전념을 해야 하는데 그

렇지 못한 상황에 마음 아파하는 전용기 위원님

의 취지에 예술위는 깊이 공감합니다. 예술계에 

대한 위원님의 깊은 관심과 애정에 감사드리며 

블랙리스트 사건의 엄중함을 유념하여 재판 과정

에 응하도록 하겠습니다.
",◯한국문화예술위원장 박종관 오전감사 때 전용 기 위원님께서 예술인만이라도 먼저 블랙리스트 소송에 대한 항소를 포기해 달라고 하셨습니다. 블랙리스트 소송은 예술위와 대한민국이 공동 피고로 진행되는 소송이고 위원회는 정부 산하 공공기관으로 관련 법률에 따라서 검찰 등의 소 송 지휘를 받는 법적 절차가 있다고 합니다. 예술가들이 창작활동에 전념을 해야 하는데 그 렇지 못한 상황에 마음 아파하는 전용기 위원님 의 취지에 예술위는 깊이 공감합니다. 예술계에 대한 위원님의 깊은 관심과 애정에 감사드리며 블랙리스트 사건의 엄중함을 유념하여 재판 과정 에 응하도록 하겠습니다.,◯한국문화예술위원장 박종관 오전감사 때 전용 기 위원님께서 예술인만이라도 먼저 블랙리스트 소송에 대한 항소를 포기해 달라고 하셨습니다. 블랙리스트 소송은 예술위와 대한민국이 공동 피고로 진행되는 소송이고 위원회는 정부 산하 공공기관으로 관련 법률에 따라서 검찰 등의 소 송 지휘를 받는 법적 절차가 있다고 합니다. 예술가들이 창작활동에 전념을 해야 하는데 그 렇지 못한 상황에 마음 아파하는 전용기 위원님 의 취지에 예술위는 깊이 공감합니다. 예술계에 대한 위원님의 깊은 관심과 애정에 감사드리며 블랙리스트 사건의 엄중함을 유념하여 재판 과정 에 응하도록 하겠습니다.,◯한국문화예술위원장박종관오전감사때전용기위원님께서예술인만이라도먼저블랙리스트소송에대한항소를포기해달라고하셨습니다.블랙리스트소송은예술위와대한민국이공동피고로진행되는소송이고위원회는정부산하공공기관으로관련법률에따라서검찰등의소송지휘를받는법적절차가있다고합니다.예술가들이창작활동에전념을해야하는데그렇지못한상황에마음아파하는전용기위원님의취지에예술위는깊이공감합니다.예술계에대한위원님의깊은관심과애정에감사드리며블랙리스트사건의엄중함을유념하여재판과정에응하도록하겠습니다.,317,4,0.9,0.7725,PASS,unreviewed,9905f2368649d6a32a9acac82d2137fc024d3021afb40eed586fd7c09e14aaa9,A4,,
ANS_051354_T00121_T00121,QA_051354_000016,051354,2021-10-01,MSP_051354_1903A8A5,관황희,부장,문화체육관광,agency_official,051354_T00121,051354_T00121,1,13,13,051354_0013_0029,051354_0013_0037,051354_SEG_TURN_00121,"◯문화체육관광부장관 황희  사실 지난번에도 말

씀드렸습니다마는 정부 입장에서는 언론의 자유

를 중심으로 해서 조금 더 신경을 써야 되고요. 

이 내용은 이미 국회에서 여야 의원님들 간에 몇 

번의 논의를 거쳤고 그다음에 올 연말까지 결정

할 사항이기 때문에 취지에 대해서는 공감합니다

마는 본질적인 부분은 시민이 언론으로부터 피해

를 받았을 때 어떻게 구제할 것이냐라는 부분에 

대해서 공감하는 거니까요.
",◯문화체육관광부장관 황희 사실 지난번에도 말 씀드렸습니다마는 정부 입장에서는 언론의 자유 를 중심으로 해서 조금 더 신경을 써야 되고요. 이 내용은 이미 국회에서 여야 의원님들 간에 몇 번의 논의를 거쳤고 그다음에 올 연말까지 결정 할 사항이기 때문에 취지에 대해서는 공감합니다 마는 본질적인 부분은 시민이 언론으로부터 피해 를 받았을 때 어떻게 구제할 것이냐라는 부분에 대해서 공감하는 거니까요.,◯문화체육관광부장관 황희 사실 지난번에도 말 씀드렸습니다마는 정부 입장에서는 언론의 자유 를 중심으로 해서 조금 더 신경을 써야 되고요. 이 내용은 이미 국회에서 여야 의원님들 간에 몇 번의 논의를 거쳤고 그다음에 올 연말까지 결정 할 사항이기 때문에 취지에 대해서는 공감합니다 마는 본질적인 부분은 시민이 언론으로부터 피해 를 받았을 때 어떻게 구제할 것이냐라는 부분에 대해서 공감하는 거니까요.,◯문화체육관광부장관황희사실지난번에도말씀드렸습니다마는정부입장에서는언론의자유를중심으로해서조금더신경을써야되고요.이내용은이미국회에서여야의원님들간에몇번의논의를거쳤고그다음에올연말까지결정할사항이기때문에취지에대해서는공감합니다마는본질적인부분은시민이언론으로부터피해를받았을때어떻게구제할것이냐라는부분에대해서공감하는거니까요.,222,3,0.9,0.8975,PASS,unreviewed,9fab7282b963a0d3713b189a8b8622c636822c74a31017df5c46123aeed6a23c,A4,,
ANS_051487_T00647_T00647,QA_051487_000234,051487,2021-10-14,MSP_051487_E194E95D,조현래,원장,한국콘텐츠진흥,agency_head,051487_T00647,051487_T00647,1,46,46,051487_0046_0061,051487_0046_0067,051487_SEG_TURN_00647,"◯한국콘텐츠진흥원장조현래
위원님말씀에전

적으로공감합니다. 지금현재콘텐츠진흥원에서

디지털치료제로서의게임활용방안에대한연

구프로젝트를진행하고있고요. 아마연말이면
그결과가나올것같습니다. 그걸토대로해가

지고, 디지털치료제문제이야기는문체부나저

희콘텐츠진흥원만의문제가아니기때문에관계

부처와협의할수있도록……
","◯한국콘텐츠진흥원장조현래 위원님말씀에전 적으로공감합니다. 지금현재콘텐츠진흥원에서 디지털치료제로서의게임활용방안에대한연 구프로젝트를진행하고있고요. 아마연말이면 그결과가나올것같습니다. 그걸토대로해가 지고, 디지털치료제문제이야기는문체부나저 희콘텐츠진흥원만의문제가아니기때문에관계 부처와협의할수있도록......","◯한국콘텐츠진흥원장조현래 위원님말씀에전 적으로공감합니다. 지금현재콘텐츠진흥원에서 디지털치료제로서의게임활용방안에대한연 구프로젝트를진행하고있고요. 아마연말이면 그결과가나올것같습니다. 그걸토대로해가 지고, 디지털치료제문제이야기는문체부나저 희콘텐츠진흥원만의문제가아니기때문에관계 부처와협의할수있도록......","◯한국콘텐츠진흥원장조현래위원님말씀에전적으로공감합니다.지금현재콘텐츠진흥원에서디지털치료제로서의게임활용방안에대한연구프로젝트를진행하고있고요.아마연말이면그결과가나올것같습니다.그걸토대로해가지고,디지털치료제문제이야기는문체부나저희콘텐츠진흥원만의문제가아니기때문에관계부처와협의할수있도록......",167,4,0.9,0.8975,PASS,unreviewed,fc3ded8a5cc74952dce29d30f5160dbef86f31668dd310e416cf1ce682cd7b3c,A4,,
ANS_051487_T01151_T01151,QA_051487_000392,051487,2021-10-14,MSP_051487_AFB59302,성경환,원장,한국정책방송,agency_head,051487_T01151,051487_T01151,1,76,76,051487_0076_0056,051487_0076_0056,051487_SEG_TURN_01151,"◯한국정책방송원장성경환
유념하겠습니다.
",◯한국정책방송원장성경환 유념하겠습니다.,◯한국정책방송원장성경환 유념하겠습니다.,◯한국정책방송원장성경환유념하겠습니다.,21,1,0.9,0.8975,PASS,unreviewed,af199dd1806cd1769839688a15fbf7b6063949c1600d7bc2323a3ff9d7300b13,A4,,
ANS_052229_T00128_T00128,QA_052229_000039,052229,2022-10-05,MSP_052229_A34C4732,관박보균,부장,문화체육관광,agency_official,052229_T00128,052229_T00128,1,15,15,052229_0015_0041,052229_0015_0042,052229_SEG_TURN_00128,"◯문화체육관광부장관 박보균  유념하겠습니다, 

지금 말씀. 
","◯문화체육관광부장관 박보균 유념하겠습니다, 지금 말씀.","◯문화체육관광부장관 박보균 유념하겠습니다, 지금 말씀.","◯문화체육관광부장관박보균유념하겠습니다,지금말씀.",30,1,0.9,0.8975,PASS,unreviewed,37c603bdb9679930a9dc01dea4708df62b14e3b560a314e43e84a8a1b1cedcfc,A4,,
ANS_052229_T00337_T00337,QA_052229_000129,052229,2022-10-05,MSP_052229_A34C4732,관박보균,부장,문화체육관광,agency_official,052229_T00337,052229_T00337,1,27,27,052229_0027_0012,052229_0027_0022,052229_SEG_TURN_00337,"◯문화체육관광부장관 박보균  지금 여러 가지 

말씀해 주신 것을 유념하겠습니다. 

  그런데 블랙리스트에 대해서 제가 블랙리스트

는 과거 악몽 같은 사례이기 때문에 이번 정부에

서는 그런 일이 없을 거라고 말씀드렸습니다. 

  거듭 말씀드리지만 중고생 만화공모전 문제는 

표현의 자유, 창작의 자유 그런 걸 갖다가 지적

하는 게 아닙니다. 저희들하고 약속한 사항, 저희 

문체부의 이름을 빌리고 저희 장관상을 수상한 

것, 요청을 하면서 제시한 공모요강을 삭제하고 

했기 때문에 문제를 삼은 겁니다. 
","◯문화체육관광부장관 박보균 지금 여러 가지 말씀해 주신 것을 유념하겠습니다. 그런데 블랙리스트에 대해서 제가 블랙리스트 는 과거 악몽 같은 사례이기 때문에 이번 정부에 서는 그런 일이 없을 거라고 말씀드렸습니다. 거듭 말씀드리지만 중고생 만화공모전 문제는 표현의 자유, 창작의 자유 그런 걸 갖다가 지적 하는 게 아닙니다. 저희들하고 약속한 사항, 저희 문체부의 이름을 빌리고 저희 장관상을 수상한 것, 요청을 하면서 제시한 공모요강을 삭제하고 했기 때문에 문제를 삼은 겁니다.","◯문화체육관광부장관 박보균 지금 여러 가지 말씀해 주신 것을 유념하겠습니다. 그런데 블랙리스트에 대해서 제가 블랙리스트 는 과거 악몽 같은 사례이기 때문에 이번 정부에 서는 그런 일이 없을 거라고 말씀드렸습니다. 거듭 말씀드리지만 중고생 만화공모전 문제는 표현의 자유, 창작의 자유 그런 걸 갖다가 지적 하는 게 아닙니다. 저희들하고 약속한 사항, 저희 문체부의 이름을 빌리고 저희 장관상을 수상한 것, 요청을 하면서 제시한 공모요강을 삭제하고 했기 때문에 문제를 삼은 겁니다.","◯문화체육관광부장관박보균지금여러가지말씀해주신것을유념하겠습니다.그런데블랙리스트에대해서제가블랙리스트는과거악몽같은사례이기때문에이번정부에서는그런일이없을거라고말씀드렸습니다.거듭말씀드리지만중고생만화공모전문제는표현의자유,창작의자유그런걸갖다가지적하는게아닙니다.저희들하고약속한사항,저희문체부의이름을빌리고저희장관상을수상한것,요청을하면서제시한공모요강을삭제하고했기때문에문제를삼은겁니다.",267,4,0.9,0.8975,PASS,unreviewed,a10693f29d16bd70043abbc68203c397c4ddc828a82dffca4f554905de402800,A4,,
ANS_052229_T00356_T00356,QA_052229_000136,052229,2022-10-05,MSP_052229_A34C4732,관박보균,부장,문화체육관광,agency_official,052229_T00356,052229_T00356,1,29,29,052229_0029_0044,052229_0029_0052,052229_SEG_TURN_00356,"◯문화체육관광부장관 박보균  위원님의 말씀을 

유념하겠습니다. 

  그런데 이게 중고생 만화공모전이라는 점에 저

희가 주목을 했고 중고생 만화공모전이 스물세 

번째입니다. 
거기는 
순수한 
예술적인 
상상력과 

거기에 발판한 작품들이 모이는 곳입니다. 그걸 

지키기 위한 것이지 표현의 자유라든지 창작의 

자유하고는 상관없습니다. 
",◯문화체육관광부장관 박보균 위원님의 말씀을 유념하겠습니다. 그런데 이게 중고생 만화공모전이라는 점에 저 희가 주목을 했고 중고생 만화공모전이 스물세 번째입니다. 거기는 순수한 예술적인 상상력과 거기에 발판한 작품들이 모이는 곳입니다. 그걸 지키기 위한 것이지 표현의 자유라든지 창작의 자유하고는 상관없습니다.,◯문화체육관광부장관 박보균 위원님의 말씀을 유념하겠습니다. 그런데 이게 중고생 만화공모전이라는 점에 저 희가 주목을 했고 중고생 만화공모전이 스물세 번째입니다. 거기는 순수한 예술적인 상상력과 거기에 발판한 작품들이 모이는 곳입니다. 그걸 지키기 위한 것이지 표현의 자유라든지 창작의 자유하고는 상관없습니다.,◯문화체육관광부장관박보균위원님의말씀을유념하겠습니다.그런데이게중고생만화공모전이라는점에저희가주목을했고중고생만화공모전이스물세번째입니다.거기는순수한예술적인상상력과거기에발판한작품들이모이는곳입니다.그걸지키기위한것이지표현의자유라든지창작의자유하고는상관없습니다.,172,4,0.9,0.8975,PASS,unreviewed,5dfd4165cea2166eba4ab2945a555976072ec2120a8c99830a158556e1f557cb,A4,,
ANS_052229_T00782_T00782,QA_052229_000305,052229,2022-10-05,MSP_052229_A34C4732,관박보균,부장,문화체육관광,agency_official,052229_T00782,052229_T00782,1,60,60,052229_0060_0032,052229_0060_0033,052229_SEG_TURN_00782,"◯문화체육관광부장관 박보균  예, 위원님 말씀 

유념하겠습니다.
","◯문화체육관광부장관 박보균 예, 위원님 말씀 유념하겠습니다.","◯문화체육관광부장관 박보균 예, 위원님 말씀 유념하겠습니다.","◯문화체육관광부장관박보균예,위원님말씀유념하겠습니다.",33,1,0.9,0.8975,PASS,unreviewed,334bab8ff2911aa6d84d9abf88986ccefb68ac59108230c64629e06f24dd97f1,A4,,
ANS_052229_T00978_T00978,QA_052229_000373,052229,2022-10-05,MSP_052229_A34C4732,관박보균,부장,문화체육관광,agency_official,052229_T00978,052229_T00978,1,74,74,052229_0074_0016,052229_0074_0023,052229_SEG_TURN_00978,"◯문화체육관광부장관 박보균  이 문제에 대해서

는 공정한 계약질서, 균형 있는 분배, 공정과 균

형의 양면에서 접근하고 있습니다. 의원님께서 내

신 법안의 입법취지에는 충분히 공감합니다. 하지

만 이게 영상산업계 전반에 미칠 영향을 또 고려

하지 않을 수 없기 때문에 감독, 작가, 방송사, 극

장, 국내 OTT 산업계의 의견을 수렴해서 아주 

정밀하게 추진할……
","◯문화체육관광부장관 박보균 이 문제에 대해서 는 공정한 계약질서, 균형 있는 분배, 공정과 균 형의 양면에서 접근하고 있습니다. 의원님께서 내 신 법안의 입법취지에는 충분히 공감합니다. 하지 만 이게 영상산업계 전반에 미칠 영향을 또 고려 하지 않을 수 없기 때문에 감독, 작가, 방송사, 극 장, 국내 OTT 산업계의 의견을 수렴해서 아주 정밀하게 추진할......","◯문화체육관광부장관 박보균 이 문제에 대해서 는 공정한 계약질서, 균형 있는 분배, 공정과 균 형의 양면에서 접근하고 있습니다. 의원님께서 내 신 법안의 입법취지에는 충분히 공감합니다. 하지 만 이게 영상산업계 전반에 미칠 영향을 또 고려 하지 않을 수 없기 때문에 감독, 작가, 방송사, 극 장, 국내 OTT 산업계의 의견을 수렴해서 아주 정밀하게 추진할......","◯문화체육관광부장관박보균이문제에대해서는공정한계약질서,균형있는분배,공정과균형의양면에서접근하고있습니다.의원님께서내신법안의입법취지에는충분히공감합니다.하지만이게영상산업계전반에미칠영향을또고려하지않을수없기때문에감독,작가,방송사,극장,국내OTT산업계의의견을수렴해서아주정밀하게추진할......",205,3,0.9,0.8975,PASS,unreviewed,053fdbefe12a066aade90f7237b76d07a189ae9ae91180b8dcbb68c4aa2fcaaf,A4,,
ANS_052315_T00520_T00520,QA_052315_000187,052315,2022-10-24,MSP_052315_818CCB43,정교화,증인,,witness,052315_T00520,052315_T00520,1,37,37,052315_0037_0024,052315_0037_0024,052315_SEG_TURN_00520,"◯증인 정교화  유념하겠습니다.
",◯증인 정교화 유념하겠습니다.,◯증인 정교화 유념하겠습니다.,◯증인정교화유념하겠습니다.,16,1,0.9,0.8975,PASS,unreviewed,cdd533a39ff416d89e487b1dd55dfbd1499d1e52339aa075da2f273346ebc001,A4,,
ANS_052315_T00559_T00559,QA_052315_000205,052315,2022-10-24,MSP_052315_818CCB43,정교화,증인,,witness,052315_T00559,052315_T00559,1,39,39,052315_0039_0037,052315_0039_0037,052315_SEG_TURN_00559,"◯증인 정교화  유념하겠습니다.
",◯증인 정교화 유념하겠습니다.,◯증인 정교화 유념하겠습니다.,◯증인정교화유념하겠습니다.,16,1,0.9,0.8975,PASS,unreviewed,cdd533a39ff416d89e487b1dd55dfbd1499d1e52339aa075da2f273346ebc001,A4,,
ANS_052364_T00855_T00855,QA_052364_000331,052364,2022-10-18,MSP_052364_6DFD64E2,윤성용,관장,국립중앙박물,agency_head,052364_T00855,052364_T00855,1,50,50,052364_0050_0001,052364_0050_0001,052364_SEG_TURN_00855,"◯국립중앙박물관장윤성용
예, 유념하겠습니다.
","◯국립중앙박물관장윤성용 예, 유념하겠습니다.","◯국립중앙박물관장윤성용 예, 유념하겠습니다.","◯국립중앙박물관장윤성용예,유념하겠습니다.",24,1,0.9,0.8975,PASS,unreviewed,5b5b9b8fea4398dc2273b3934a6cba3cf4e20ce38004e028163b69d7b32b02ad,A4,,
ANS_052423_T00156_T00156,QA_052423_000037,052423,2022-10-13,MSP_052423_2E897E1D,윤성천,실장,문화체육관광부문화예술정책,agency_official,052423_T00156,052423_T00156,1,16,16,052423_0016_0083,052423_0016_0084,052423_SEG_TURN_00156,"◯문화체육관광부문화예술정책실장 윤성천  예, 

유념하겠습니다.
","◯문화체육관광부문화예술정책실장 윤성천 예, 유념하겠습니다.","◯문화체육관광부문화예술정책실장 윤성천 예, 유념하겠습니다.","◯문화체육관광부문화예술정책실장윤성천예,유념하겠습니다.",32,1,0.9,0.8975,PASS,unreviewed,53abb82f23046eb49cea43f3ed9a6170bb95e7e5dceff33d94086857a3e7a40c,A4,,
ANS_052423_T01409_T01409,QA_052423_000483,052423,2022-10-13,MSP_052423_81E97153,채윤희,위원장,영상물등급,agency_head,052423_T01409,052423_T01409,1,84,84,052423_0084_0052,052423_0084_0054,052423_SEG_TURN_01409,"◯영상물등급위원장 채윤희  예, 위원님이 우려

하시는 부분에 대해서 전적으로 공감합니다. 전

적으로 공감합니다.
","◯영상물등급위원장 채윤희 예, 위원님이 우려 하시는 부분에 대해서 전적으로 공감합니다. 전 적으로 공감합니다.","◯영상물등급위원장 채윤희 예, 위원님이 우려 하시는 부분에 대해서 전적으로 공감합니다. 전 적으로 공감합니다.","◯영상물등급위원장채윤희예,위원님이우려하시는부분에대해서전적으로공감합니다.전적으로공감합니다.",61,2,0.9,0.8975,PASS,unreviewed,30f6ff588215698d0ed1d210ebd95f55164ce55c06f563ca0316595183bb130c,A4,,
ANS_052493_T00356_T00356,QA_052493_000137,052493,2022-10-14,MSP_052493_135FD702,이기흥,회장,대한체육,agency_head,052493_T00356,052493_T00356,1,23,23,052493_0023_0018,052493_0023_0018,052493_SEG_TURN_00356,"◯대한체육회장 이기흥  예, 유념하겠습니다. 
","◯대한체육회장 이기흥 예, 유념하겠습니다.","◯대한체육회장 이기흥 예, 유념하겠습니다.","◯대한체육회장이기흥예,유념하겠습니다.",23,1,0.9,0.8975,PASS,unreviewed,6e53c0071888c1aa4600265af39d08dd1bd84f39b75db70d0c7cc9dc444b2a0e,A4,,
ANS_052556_T00086_T00086,QA_052556_000034,052556,2022-10-19,MSP_052556_18425116,김장실,사장,한국관광공사,agency_head,052556_T00086,052556_T00086,1,10,10,052556_0010_0024,052556_0010_0024,052556_SEG_TURN_00086,"◯한국관광공사사장 김장실  예, 유념하겠습니다.
","◯한국관광공사사장 김장실 예, 유념하겠습니다.","◯한국관광공사사장 김장실 예, 유념하겠습니다.","◯한국관광공사사장김장실예,유념하겠습니다.",25,1,0.9,0.8975,PASS,unreviewed,cd349c96fa3a893fea7df9faed79541a0728d819a031b0be5077d4429282870a,A4,,
ANS_054345_T02052_T02052,QA_054345_000839,054345,2024-10-15,MSP_054345_17DA5862,심오택,위원장,사행산업통합감독,agency_head,054345_T02052,054345_T02052,1,146,146,054345_0146_0035,054345_0146_0035,054345_SEG_TURN_02052,"◯사행산업통합감독위원장심오택
예, 유념하겠습니다.
","◯사행산업통합감독위원장심오택 예, 유념하겠습니다.","◯사행산업통합감독위원장심오택 예, 유념하겠습니다.","◯사행산업통합감독위원장심오택예,유념하겠습니다.",27,1,0.9,0.8975,PASS,unreviewed,39ced39c7fa25e0569cbfb1de115f6458d48e149ac678aac7ccd7b60bbbdf831,A4,,
ANS_054435_T00186_T00186,QA_054435_000080,054435,2024-10-17,MSP_054435_12D9E7D8,서태건,위원장,게임물관리,agency_head,054435_T00186,054435_T00186,1,21,21,054435_0021_0037,054435_0021_0037,054435_SEG_TURN_00186,"◯게임물관리위원장서태건
위원님말씀에공감합니다.
",◯게임물관리위원장서태건 위원님말씀에공감합니다.,◯게임물관리위원장서태건 위원님말씀에공감합니다.,◯게임물관리위원장서태건위원님말씀에공감합니다.,25,1,0.9,0.8975,PASS,unreviewed,372283fde89804ee31970ccaf014e77fc41469f507c8dff3c88289761e378943,A4,,
ANS_054435_T01121_T01121,QA_054435_000375,054435,2024-10-17,MSP_054435_12D9E7D8,서태건,위원장,게임물관리,agency_head,054435_T01121,054435_T01121,1,84,84,054435_0084_0032,054435_0084_0032,054435_SEG_TURN_01121,"◯게임물관리위원장서태건
예, 공감합니다.
","◯게임물관리위원장서태건 예, 공감합니다.","◯게임물관리위원장서태건 예, 공감합니다.","◯게임물관리위원장서태건예,공감합니다.",22,1,0.9,0.8975,PASS,unreviewed,9b92ea2b08eeaafb349fe23de8e02b39ddda2b03d398ca4afd87bfbee719bc2b,A4,,
ANS_054435_T01215_T01215,QA_054435_000402,054435,2024-10-17,MSP_054435_12D9E7D8,서태건,위원장,게임물관리,agency_head,054435_T01215,054435_T01215,1,91,91,054435_0091_0034,054435_0091_0034,054435_SEG_TURN_01215,"◯게임물관리위원장서태건
예, 공감합니다.
","◯게임물관리위원장서태건 예, 공감합니다.","◯게임물관리위원장서태건 예, 공감합니다.","◯게임물관리위원장서태건예,공감합니다.",22,1,0.9,0.8975,PASS,unreviewed,9b92ea2b08eeaafb349fe23de8e02b39ddda2b03d398ca4afd87bfbee719bc2b,A4,,
ANS_054576_T00320_T00320,QA_054576_000143,054576,2024-10-22,MSP_054576_135FD702,이기흥,회장,대한체육,agency_head,054576_T00320,054576_T00320,1,26,26,054576_0026_0024,054576_0026_0024,054576_SEG_TURN_00320,"◯대한체육회장이기흥
예, 유념하겠습니다.
","◯대한체육회장이기흥 예, 유념하겠습니다.","◯대한체육회장이기흥 예, 유념하겠습니다.","◯대한체육회장이기흥예,유념하겠습니다.",22,1,0.9,0.7725,PASS,unreviewed,89919293641a508b8586976102e6462a0e0f2063aa6ce3c5cb2e48e396f1db05,A4,,
ANS_054576_T00736_T00736,QA_054576_000314,054576,2024-10-22,MSP_054576_135FD702,이기흥,회장,대한체육,agency_head,054576_T00736,054576_T00736,1,56,56,054576_0056_0008,054576_0056_0008,054576_SEG_TURN_00736,"◯대한체육회장이기흥
예, 유념하겠습니다.
","◯대한체육회장이기흥 예, 유념하겠습니다.","◯대한체육회장이기흥 예, 유념하겠습니다.","◯대한체육회장이기흥예,유념하겠습니다.",22,1,0.9,0.8975,PASS,unreviewed,89919293641a508b8586976102e6462a0e0f2063aa6ce3c5cb2e48e396f1db05,A4,,
ANS_N053480_T01788_T01788,QA_N053480_000683,N053480,2025-10-20,MSP_N053480_45DBCC29,직무대,사장,한국관광공사,agency_head,N053480_T01788,N053480_T01788,1,131,131,N053480_0131_0024,N053480_0131_0026,N053480_SEG_TURN_01788,"◯한국관광공사사장직무대행서영충
위원님말씀주신내용에전적으로공감합니다. 공

감하고, 내년도신규구축예산20억이확보된상태이기때문에차질없이개소될수있

도록잘준비하겠습니다.
","◯한국관광공사사장직무대행서영충 위원님말씀주신내용에전적으로공감합니다. 공 감하고, 내년도신규구축예산20억이확보된상태이기때문에차질없이개소될수있 도록잘준비하겠습니다.","◯한국관광공사사장직무대행서영충 위원님말씀주신내용에전적으로공감합니다. 공 감하고, 내년도신규구축예산20억이확보된상태이기때문에차질없이개소될수있 도록잘준비하겠습니다.","◯한국관광공사사장직무대행서영충위원님말씀주신내용에전적으로공감합니다.공감하고,내년도신규구축예산20억이확보된상태이기때문에차질없이개소될수있도록잘준비하겠습니다.",89,2,0.9,0.8975,PASS,unreviewed,481cf4ba7ecf78791552365cfc1774c6d9845fc0a6963252b69cff3dff0b0333,A4,,
ANS_050350_T01226_T01226,QA_050350_000540,050350,2020-10-12,MSP_050350_F366C4B4,정재숙,청장,문화재,agency_head,050350_T01226,050350_T01226,1,75,75,050350_0075_0055,050350_0075_0066,050350_SEG_TURN_01226,"◯문화재청장 정재숙  지금 위원님이 지적하신 

훼손, 분실은 사실 그동안에 관리기관의 수장시

설 부족에서 오는 게 컸습니다. 그런데 최근 들

어서 올해까지 권역별 수장시설이 이제 잘 건립

이 돼서 그 부분은 조금 해소가 됐다고 생각을 

합니다. 그러나 아직까지 이관율이 100%는 안 

됐기 때문에 저희가 더 챙길 거고요. 조사기관에 

대한 예산 지원 방안도 검토해 보겠습니다. 

  그리고 너무 처벌이 약하다 그러셨는데 앞으로 

중과실로 인정될 경우에 엄격하게 책임을 묻도록 

처벌조항을 신설할 예정입니다.

  앞으로 더 보완하겠습니다. 
","◯문화재청장 정재숙 지금 위원님이 지적하신 훼손, 분실은 사실 그동안에 관리기관의 수장시 설 부족에서 오는 게 컸습니다. 그런데 최근 들 어서 올해까지 권역별 수장시설이 이제 잘 건립 이 돼서 그 부분은 조금 해소가 됐다고 생각을 합니다. 그러나 아직까지 이관율이 100%는 안 됐기 때문에 저희가 더 챙길 거고요. 조사기관에 대한 예산 지원 방안도 검토해 보겠습니다. 그리고 너무 처벌이 약하다 그러셨는데 앞으로 중과실로 인정될 경우에 엄격하게 책임을 묻도록 처벌조항을 신설할 예정입니다. 앞으로 더 보완하겠습니다.","◯문화재청장 정재숙 지금 위원님이 지적하신 훼손, 분실은 사실 그동안에 관리기관의 수장시 설 부족에서 오는 게 컸습니다. 그런데 최근 들 어서 올해까지 권역별 수장시설이 이제 잘 건립 이 돼서 그 부분은 조금 해소가 됐다고 생각을 합니다. 그러나 아직까지 이관율이 100%는 안 됐기 때문에 저희가 더 챙길 거고요. 조사기관에 대한 예산 지원 방안도 검토해 보겠습니다. 그리고 너무 처벌이 약하다 그러셨는데 앞으로 중과실로 인정될 경우에 엄격하게 책임을 묻도록 처벌조항을 신설할 예정입니다. 앞으로 더 보완하겠습니다.","◯문화재청장정재숙지금위원님이지적하신훼손,분실은사실그동안에관리기관의수장시설부족에서오는게컸습니다.그런데최근들어서올해까지권역별수장시설이이제잘건립이돼서그부분은조금해소가됐다고생각을합니다.그러나아직까지이관율이100%는안됐기때문에저희가더챙길거고요.조사기관에대한예산지원방안도검토해보겠습니다.그리고너무처벌이약하다그러셨는데앞으로중과실로인정될경우에엄격하게책임을묻도록처벌조항을신설할예정입니다.앞으로더보완하겠습니다.",289,6,0.9,0.8975,PASS,unreviewed,a1655e32018ecdef4bd4341bf40dbadd6d1087757163ad71acd92ca13d741f3a,A5,,
ANS_050615_T00503_T00503,QA_050615_000188,050615,2020-10-16,MSP_050615_5DE593BA,안영배,사장,한국관광공사,agency_head,050615_T00503,050615_T00503,1,38,38,050615_0038_0023,050615_0038_0024,050615_SEG_TURN_00503,"◯한국관광공사사장 안영배  필요하면 문화부하

고 협의하겠습니다.
",◯한국관광공사사장 안영배 필요하면 문화부하 고 협의하겠습니다.,◯한국관광공사사장 안영배 필요하면 문화부하 고 협의하겠습니다.,◯한국관광공사사장안영배필요하면문화부하고협의하겠습니다.,34,1,0.9,0.8975,PASS,unreviewed,ee642e087a74d4105405ca9ebd81ccdcb339834e3300d52a1b22735937f2170b,A5,,
ANS_051354_T00509_T00509,QA_051354_000178,051354,2021-10-01,MSP_051354_1903A8A5,관황희,부장,문화체육관광,agency_official,051354_T00509,051354_T00509,1,43,43,051354_0043_0069,051354_0043_0084,051354_SEG_TURN_00509,"◯문화체육관광부장관 황희  위원님, 아주 그냥 

한국 사람 중에서도 말씀하시는 속도가 매우 빠

르신 데도 이렇게 매우 빨리 알아듣고 두 분이 

말씀하시는 것 보고 실제로 한국어를 해외에서 

가르치셔도 충분하다, 손색이 없다 이렇게 말씀

하시고, 어떻게 보면 한국어를 배운 외국인들이 

현지에서, 자기 나라에서 한국어를 또 가리킨다

는 것이 세종학당의 목표 중 하나가 아닐까 그렇

게 생각하고 매우 적극적으로 검토하겠습니다.

  그다음에 아까도 말씀드린 것처럼 홍보를 좀 

더 해야 될 것 같고요. 그다음에 우리가 영어 배

울 때 원어민…… 온라인으로 우리가 배우는 것

처럼 국내에서도 이렇게 좀 온라인 콘텐츠라든가 

교육 채널을 만들어서 꼭 세종어학당이라는 오프

라인 공간도 있지만 온라인 공간에서도 충분히 

배울 수 있도록 더 보강하도록 하겠습니다.
","◯문화체육관광부장관 황희 위원님, 아주 그냥 한국 사람 중에서도 말씀하시는 속도가 매우 빠 르신 데도 이렇게 매우 빨리 알아듣고 두 분이 말씀하시는 것 보고 실제로 한국어를 해외에서 가르치셔도 충분하다, 손색이 없다 이렇게 말씀 하시고, 어떻게 보면 한국어를 배운 외국인들이 현지에서, 자기 나라에서 한국어를 또 가리킨다 는 것이 세종학당의 목표 중 하나가 아닐까 그렇 게 생각하고 매우 적극적으로 검토하겠습니다. 그다음에 아까도 말씀드린 것처럼 홍보를 좀 더 해야 될 것 같고요. 그다음에 우리가 영어 배 울 때 원어민...... 온라인으로 우리가 배우는 것 처럼 국내에서도 이렇게 좀 온라인 콘텐츠라든가 교육 채널을 만들어서 꼭 세종어학당이라는 오프 라인 공간도 있지만 온라인 공간에서도 충분히 배울 수 있도록 더 보강하도록 하겠습니다.","◯문화체육관광부장관 황희 위원님, 아주 그냥 한국 사람 중에서도 말씀하시는 속도가 매우 빠 르신 데도 이렇게 매우 빨리 알아듣고 두 분이 말씀하시는 것 보고 실제로 한국어를 해외에서 가르치셔도 충분하다, 손색이 없다 이렇게 말씀 하시고, 어떻게 보면 한국어를 배운 외국인들이 현지에서, 자기 나라에서 한국어를 또 가리킨다 는 것이 세종학당의 목표 중 하나가 아닐까 그렇 게 생각하고 매우 적극적으로 검토하겠습니다. 그다음에 아까도 말씀드린 것처럼 홍보를 좀 더 해야 될 것 같고요. 그다음에 우리가 영어 배 울 때 원어민...... 온라인으로 우리가 배우는 것 처럼 국내에서도 이렇게 좀 온라인 콘텐츠라든가 교육 채널을 만들어서 꼭 세종어학당이라는 오프 라인 공간도 있지만 온라인 공간에서도 충분히 배울 수 있도록 더 보강하도록 하겠습니다.","◯문화체육관광부장관황희위원님,아주그냥한국사람중에서도말씀하시는속도가매우빠르신데도이렇게매우빨리알아듣고두분이말씀하시는것보고실제로한국어를해외에서가르치셔도충분하다,손색이없다이렇게말씀하시고,어떻게보면한국어를배운외국인들이현지에서,자기나라에서한국어를또가리킨다는것이세종학당의목표중하나가아닐까그렇게생각하고매우적극적으로검토하겠습니다.그다음에아까도말씀드린것처럼홍보를좀더해야될것같고요.그다음에우리가영어배울때원어민......온라인으로우리가배우는것처럼국내에서도이렇게좀온라인콘텐츠라든가교육채널을만들어서꼭세종어학당이라는오프라인공간도있지만온라인공간에서도충분히배울수있도록더보강하도록하겠습니다.",414,4,0.9,0.8975,PASS,unreviewed,c0b1e385027fa314eee9834e20ead91044a77be58607af7879896878bf5bb346,A5,,
ANS_051354_T01146_T01146,QA_051354_000449,051354,2021-10-01,MSP_051354_1903A8A5,관황희,부장,문화체육관광,agency_official,051354_T01146,051354_T01146,1,86,86,051354_0086_0016,051354_0086_0020,051354_SEG_TURN_01146,"◯문화체육관광부장관 황희  예, 맞습니다. 실제

로 과거에는 이렇게 물리적으로 딱 떨어지는 자

산이 아니지만 이것을 실제 유동화시킬 수 있는 

방안들이 많기 때문에 그런 부분들에 대해서 적

극적으로 검토하겠습니다.
","◯문화체육관광부장관 황희 예, 맞습니다. 실제 로 과거에는 이렇게 물리적으로 딱 떨어지는 자 산이 아니지만 이것을 실제 유동화시킬 수 있는 방안들이 많기 때문에 그런 부분들에 대해서 적 극적으로 검토하겠습니다.","◯문화체육관광부장관 황희 예, 맞습니다. 실제 로 과거에는 이렇게 물리적으로 딱 떨어지는 자 산이 아니지만 이것을 실제 유동화시킬 수 있는 방안들이 많기 때문에 그런 부분들에 대해서 적 극적으로 검토하겠습니다.","◯문화체육관광부장관황희예,맞습니다.실제로과거에는이렇게물리적으로딱떨어지는자산이아니지만이것을실제유동화시킬수있는방안들이많기때문에그런부분들에대해서적극적으로검토하겠습니다.",117,2,0.9,0.8975,PASS,unreviewed,36996ff1e2ba018ad88f3705d3a42e4c551efd2f04053ccb9412c495e2251bab,A5,,
ANS_051381_T00124_T00124,QA_051381_000045,051381,2021-10-05,MSP_051381_01D2E8B4,김현모,청장,문화재,agency_head,051381_T00124,051381_T00124,1,20,20,051381_0020_0054,051381_0020_0054,051381_SEG_TURN_00124,"◯문화재청장 김현모  예, 협의하겠습니다.
","◯문화재청장 김현모 예, 협의하겠습니다.","◯문화재청장 김현모 예, 협의하겠습니다.","◯문화재청장김현모예,협의하겠습니다.",22,1,0.9,0.8975,PASS,unreviewed,a126b4dbd8c5a2194067f45f7e0b273187558368cfebb827c423f759cb42f8a4,A5,,
ANS_051402_T00944_T00944,QA_051402_000408,051402,2021-10-21,MSP_051402_1903A8A5,관황희,부장,문화체육관광,agency_official,051402_T00944,051402_T00944,1,66,66,051402_0066_0048,051402_0066_0052,051402_SEG_TURN_00944,"◯문화체육관광부장관 황희  예.

  위원님, 이게 협업의 지점이 있는 것 같아요, 

교육부도 그렇고 여가부도 그렇고 또 EBS는 저

희하고 MOU 맺어서 여러 가지 일을 하고 있기 

때문에요. 이거 같이 한 번 논의하겠습니다.
","◯문화체육관광부장관 황희 예. 위원님, 이게 협업의 지점이 있는 것 같아요, 교육부도 그렇고 여가부도 그렇고 또 EBS는 저 희하고 MOU 맺어서 여러 가지 일을 하고 있기 때문에요. 이거 같이 한 번 논의하겠습니다.","◯문화체육관광부장관 황희 예. 위원님, 이게 협업의 지점이 있는 것 같아요, 교육부도 그렇고 여가부도 그렇고 또 EBS는 저 희하고 MOU 맺어서 여러 가지 일을 하고 있기 때문에요. 이거 같이 한 번 논의하겠습니다.","◯문화체육관광부장관황희예.위원님,이게협업의지점이있는것같아요,교육부도그렇고여가부도그렇고또EBS는저희하고MOU맺어서여러가지일을하고있기때문에요.이거같이한번논의하겠습니다.",121,3,0.9,0.8975,PASS,unreviewed,ea22d0833f36ab167004dcf46be2f9f3ec43179eca0b784913339c95d62cdbf8,A5,,
ANS_051487_T01045_T01045,QA_051487_000346,051487,2021-10-14,MSP_051487_E194E95D,조현래,원장,한국콘텐츠진흥,agency_head,051487_T01045,051487_T01045,1,71,71,051487_0071_0075,051487_0071_0077,051487_SEG_TURN_01045,"◯한국콘텐츠진흥원장조현래
저희들한테마땅

한수단이없어서그런데요, 어쨌든수단을강구

할수있는방안을검토하겠습니다.
","◯한국콘텐츠진흥원장조현래 저희들한테마땅 한수단이없어서그런데요, 어쨌든수단을강구 할수있는방안을검토하겠습니다.","◯한국콘텐츠진흥원장조현래 저희들한테마땅 한수단이없어서그런데요, 어쨌든수단을강구 할수있는방안을검토하겠습니다.","◯한국콘텐츠진흥원장조현래저희들한테마땅한수단이없어서그런데요,어쨌든수단을강구할수있는방안을검토하겠습니다.",59,1,0.9,0.8975,PASS,unreviewed,20263b1b6074b6227d821584b088afb6851ccb56ec01eeca8e4384fe21ffcd50,A5,,
ANS_051535_T00418_T00418,QA_051535_000136,051535,2021-10-19,MSP_051535_5DE593BA,안영배,사장,한국관광공사,agency_head,051535_T00418,051535_T00418,1,28,28,051535_0028_0044,051535_0028_0044,051535_SEG_TURN_00418,"◯한국관광공사사장 안영배  검토해 보겠습니다.
",◯한국관광공사사장 안영배 검토해 보겠습니다.,◯한국관광공사사장 안영배 검토해 보겠습니다.,◯한국관광공사사장안영배검토해보겠습니다.,24,1,0.9,0.8975,PASS,unreviewed,77b90bdc993e6a1c1d6c495e59b226c9d202c81db51c5c0281e3df36d26ca8a9,A5,,
ANS_051558_T00738_T00738,QA_051558_000317,051558,2021-10-07,MSP_051558_E33CEE73,박종관,위원장,한국문화예술,agency_head,051558_T00738,051558_T00738,1,55,55,051558_0055_0035,051558_0055_0047,051558_SEG_TURN_00738,"◯한국문화예술위원장 박종관  먼저 말씀드린 미

술작품 안전관리를 위한 관련 조치는 다소 부족

한 것에 대해서 우선 그 부분을 개선해야 할 필

요가 있고요. 

  또 지역에 설치된 미술작품의 안전한 관리나 

점검, 효율성, 실효성 이런 것들은 법률 개정을 

통해서 해결해야 할 부분이 있는 게 아니냐 하는 

말씀을 드리고요. 

  또 건축물 미술작품 설치와 기금 출연 병행 이

런 문제는 문체부, 지자체 그리고 현장 이해관계

자 등의 의견들을 두루 통해서 구체적인 방안을 

내도록 검토하겠습니다.
","◯한국문화예술위원장 박종관 먼저 말씀드린 미 술작품 안전관리를 위한 관련 조치는 다소 부족 한 것에 대해서 우선 그 부분을 개선해야 할 필 요가 있고요. 또 지역에 설치된 미술작품의 안전한 관리나 점검, 효율성, 실효성 이런 것들은 법률 개정을 통해서 해결해야 할 부분이 있는 게 아니냐 하는 말씀을 드리고요. 또 건축물 미술작품 설치와 기금 출연 병행 이 런 문제는 문체부, 지자체 그리고 현장 이해관계 자 등의 의견들을 두루 통해서 구체적인 방안을 내도록 검토하겠습니다.","◯한국문화예술위원장 박종관 먼저 말씀드린 미 술작품 안전관리를 위한 관련 조치는 다소 부족 한 것에 대해서 우선 그 부분을 개선해야 할 필 요가 있고요. 또 지역에 설치된 미술작품의 안전한 관리나 점검, 효율성, 실효성 이런 것들은 법률 개정을 통해서 해결해야 할 부분이 있는 게 아니냐 하는 말씀을 드리고요. 또 건축물 미술작품 설치와 기금 출연 병행 이 런 문제는 문체부, 지자체 그리고 현장 이해관계 자 등의 의견들을 두루 통해서 구체적인 방안을 내도록 검토하겠습니다.","◯한국문화예술위원장박종관먼저말씀드린미술작품안전관리를위한관련조치는다소부족한것에대해서우선그부분을개선해야할필요가있고요.또지역에설치된미술작품의안전한관리나점검,효율성,실효성이런것들은법률개정을통해서해결해야할부분이있는게아니냐하는말씀을드리고요.또건축물미술작품설치와기금출연병행이런문제는문체부,지자체그리고현장이해관계자등의의견들을두루통해서구체적인방안을내도록검토하겠습니다.",265,3,0.9,0.8975,PASS,unreviewed,9aaf14f0db5332861c6a5081c7171cc4d44edd64255e02bdcfafd74e3f4ba056,A5,,
ANS_051558_T00873_T00873,QA_051558_000378,051558,2021-10-07,MSP_051558_E33CEE73,박종관,위원장,한국문화예술,agency_head,051558_T00873,051558_T00873,1,63,63,051558_0063_0005,051558_0063_0011,051558_SEG_TURN_00873,"◯한국문화예술위원장 박종관  지적하신 말씀에 

대해서 동의하고요. 그 액수를 결정할 때 심사위

원들이 결정하는 것보다 더 발전된 형태는 없는

가 하는 지적은 받아왔습니다. 그래서 위원님 지

적받고 적극 검토하겠습니다.

    (발언시간 초과로 마이크 중단)

    (마이크 중단 이후 계속 발언한 부분)
",◯한국문화예술위원장 박종관 지적하신 말씀에 대해서 동의하고요. 그 액수를 결정할 때 심사위 원들이 결정하는 것보다 더 발전된 형태는 없는 가 하는 지적은 받아왔습니다. 그래서 위원님 지 적받고 적극 검토하겠습니다. (발언시간 초과로 마이크 중단) (마이크 중단 이후 계속 발언한 부분),◯한국문화예술위원장 박종관 지적하신 말씀에 대해서 동의하고요. 그 액수를 결정할 때 심사위 원들이 결정하는 것보다 더 발전된 형태는 없는 가 하는 지적은 받아왔습니다. 그래서 위원님 지 적받고 적극 검토하겠습니다. (발언시간 초과로 마이크 중단) (마이크 중단 이후 계속 발언한 부분),◯한국문화예술위원장박종관지적하신말씀에대해서동의하고요.그액수를결정할때심사위원들이결정하는것보다더발전된형태는없는가하는지적은받아왔습니다.그래서위원님지적받고적극검토하겠습니다.(발언시간초과로마이크중단)(마이크중단이후계속발언한부분),159,4,0.9,0.8975,PASS,unreviewed,34b6b54fa2d1aa9ab9cfb03984eea53e9b95d1afad68496dfccd921ba89d02a8,A5,,
ANS_051558_T00875_T00875,QA_051558_000379,051558,2021-10-07,MSP_051558_E33CEE73,박종관,위원장,한국문화예술,agency_head,051558_T00875,051558_T00875,1,63,63,051558_0063_0018,051558_0063_0020,051558_SEG_TURN_00875,"◯한국문화예술위원장 박종관  적정 지원금의 결

정과 관련되어서는 저희도 지적받고 있었던 내용

이었으니까 위원님 말씀대로 적극 검토하겠습니다.
",◯한국문화예술위원장 박종관 적정 지원금의 결 정과 관련되어서는 저희도 지적받고 있었던 내용 이었으니까 위원님 말씀대로 적극 검토하겠습니다.,◯한국문화예술위원장 박종관 적정 지원금의 결 정과 관련되어서는 저희도 지적받고 있었던 내용 이었으니까 위원님 말씀대로 적극 검토하겠습니다.,◯한국문화예술위원장박종관적정지원금의결정과관련되어서는저희도지적받고있었던내용이었으니까위원님말씀대로적극검토하겠습니다.,77,1,0.9,0.8975,PASS,unreviewed,7612148788a5dbeb7ab7d8f216008965e5ce2005905765d9b808c474a3c1ec5e,A5,,
ANS_052229_T00867_T00867,QA_052229_000329,052229,2022-10-05,MSP_052229_A34C4732,관박보균,부장,문화체육관광,agency_official,052229_T00867,052229_T00867,1,67,67,052229_0067_0036,052229_0067_0037,052229_SEG_TURN_00867,"◯문화체육관광부장관 박보균  예, 자율성을 줄 

수 있는 방안을 검토해 보겠습니다.
","◯문화체육관광부장관 박보균 예, 자율성을 줄 수 있는 방안을 검토해 보겠습니다.","◯문화체육관광부장관 박보균 예, 자율성을 줄 수 있는 방안을 검토해 보겠습니다.","◯문화체육관광부장관박보균예,자율성을줄수있는방안을검토해보겠습니다.",44,1,0.9,0.8975,PASS,unreviewed,b53e9f4c23dd3f4aec7c753d4d74d8341371116923bea2a09a1a93e440f8f869,A5,,
ANS_052280_T00027_T00027,QA_052280_000007,052280,2022-10-11,MSP_052280_E61C88B9,최응천,청장,문화재,agency_head,052280_T00027,052280_T00027,1,6,6,052280_0006_0083,052280_0006_0089,052280_SEG_TURN_00027,"◯문화재청장 최응천  서울시하고 협의가 중요합

니다만 
세운지구는 
종묘로부터 
170m 
이격되어 

있어서 사실은 역사문화환경 보존지역이나 완충

지역에 해당되지는 않습니다만, 서울지역 전체가 

100m로 구역이 되어 있거든요. 그래서 이것은 여

러 가지 시스템을 통해서 환경에 영향이 없도록 

저희가 긴밀하게 협의하겠습니다.
","◯문화재청장 최응천 서울시하고 협의가 중요합 니다만 세운지구는 종묘로부터 170m 이격되어 있어서 사실은 역사문화환경 보존지역이나 완충 지역에 해당되지는 않습니다만, 서울지역 전체가 100m로 구역이 되어 있거든요. 그래서 이것은 여 러 가지 시스템을 통해서 환경에 영향이 없도록 저희가 긴밀하게 협의하겠습니다.","◯문화재청장 최응천 서울시하고 협의가 중요합 니다만 세운지구는 종묘로부터 170m 이격되어 있어서 사실은 역사문화환경 보존지역이나 완충 지역에 해당되지는 않습니다만, 서울지역 전체가 100m로 구역이 되어 있거든요. 그래서 이것은 여 러 가지 시스템을 통해서 환경에 영향이 없도록 저희가 긴밀하게 협의하겠습니다.","◯문화재청장최응천서울시하고협의가중요합니다만세운지구는종묘로부터170m이격되어있어서사실은역사문화환경보존지역이나완충지역에해당되지는않습니다만,서울지역전체가100m로구역이되어있거든요.그래서이것은여러가지시스템을통해서환경에영향이없도록저희가긴밀하게협의하겠습니다.",174,2,0.9,0.8975,PASS,unreviewed,ff0f472da5584e381bcf839761b6f26a2b4876ce43515e1b6f366ce218c67b25,A5,,
ANS_052280_T01120_T01120,QA_052280_000473,052280,2022-10-11,MSP_052280_E61C88B9,최응천,청장,문화재,agency_head,052280_T01120,052280_T01120,1,67,67,052280_0067_0046,052280_0067_0047,052280_SEG_TURN_01120,"◯문화재청장 최응천  저희가 적극적으로 검토해 

보겠습니다. 
",◯문화재청장 최응천 저희가 적극적으로 검토해 보겠습니다.,◯문화재청장 최응천 저희가 적극적으로 검토해 보겠습니다.,◯문화재청장최응천저희가적극적으로검토해보겠습니다.,31,1,0.9,0.8975,PASS,unreviewed,5ed4ce246e6991900eaf18b98a1c1fee8c7405e6b5f1a7d252c7ad973381da44,A5,,
ANS_052315_T01200_T01200,QA_052315_000414,052315,2022-10-24,MSP_052315_E61C88B9,최응천,청장,문화재,agency_head,052315_T01200,052315_T01200,1,77,77,052315_0077_0000,052315_0077_0000,052315_SEG_TURN_01200,"◯문화재청장 최응천  예, 검토해 보겠습니다.
","◯문화재청장 최응천 예, 검토해 보겠습니다.","◯문화재청장 최응천 예, 검토해 보겠습니다.","◯문화재청장최응천예,검토해보겠습니다.",24,1,0.9,0.8975,PASS,unreviewed,f892295834f3d57aeb9105728f2d65d9217ded9319152a15a45f9845f7b88ecd,A5,,
ANS_052364_T01024_T01024,QA_052364_000405,052364,2022-10-18,MSP_052364_124F6E67,직무대,관장,국립중앙도서,agency_head,052364_T01024,052364_T01024,1,58,58,052364_0058_0055,052364_0058_0056,052364_SEG_TURN_01024,"◯국립중앙도서관장직무대리김일환
그상황에

대해서별도로검토하겠습니다.
",◯국립중앙도서관장직무대리김일환 그상황에 대해서별도로검토하겠습니다.,◯국립중앙도서관장직무대리김일환 그상황에 대해서별도로검토하겠습니다.,◯국립중앙도서관장직무대리김일환그상황에대해서별도로검토하겠습니다.,36,1,0.9,0.8975,PASS,unreviewed,1d7b9f63f2b8952ef548aeeba9e647914edb6090fb5050c81d381fdd3b745042,A5,,
ANS_052556_T00625_T00625,QA_052556_000270,052556,2022-10-19,MSP_052556_B5954410,위원장,감독,사행산업통합,agency_official,052556_T00625,052556_T00625,1,41,41,052556_0041_0072,052556_0041_0073,052556_SEG_TURN_00625,"◯사행산업통합감독위원장 김춘순  위원님 말씀 

유념해서 검토하겠습니다.
",◯사행산업통합감독위원장 김춘순 위원님 말씀 유념해서 검토하겠습니다.,◯사행산업통합감독위원장 김춘순 위원님 말씀 유념해서 검토하겠습니다.,◯사행산업통합감독위원장김춘순위원님말씀유념해서검토하겠습니다.,37,1,0.9,0.8975,PASS,unreviewed,5c7054218dad95229b0935fa49938bc53e5efa90e04d69313eda0638d349dbdb,A5,,
ANS_052556_T00828_T00828,QA_052556_000362,052556,2022-10-19,MSP_052556_16D7816A,김상욱,정책관,문화체육관광부관광산업,agency_official,052556_T00828,052556_T00828,1,53,53,052556_0053_0065,052556_0053_0072,052556_SEG_TURN_00828,"◯문화체육관광부관광산업정책관 김상욱  일단은 

위원님께서 지적하신 그런 부분에 대해서 저희도 

적극적으로 동감하고 있고요. 그 실태에 대해서는 

한번 카지노협회도 있고 또 카지노 업장들이 사실 

보면 대부분 외국인을 위한 그런 곳이고 일반 회

사이기 때문에 하여튼 협의를 해서, 하지 않겠다

고 하는 데를 억지로 할 수는 없어서 그것은 의견

들을 들어서 저희가 적극적으로 검토하겠습니다.
","◯문화체육관광부관광산업정책관 김상욱 일단은 위원님께서 지적하신 그런 부분에 대해서 저희도 적극적으로 동감하고 있고요. 그 실태에 대해서는 한번 카지노협회도 있고 또 카지노 업장들이 사실 보면 대부분 외국인을 위한 그런 곳이고 일반 회 사이기 때문에 하여튼 협의를 해서, 하지 않겠다 고 하는 데를 억지로 할 수는 없어서 그것은 의견 들을 들어서 저희가 적극적으로 검토하겠습니다.","◯문화체육관광부관광산업정책관 김상욱 일단은 위원님께서 지적하신 그런 부분에 대해서 저희도 적극적으로 동감하고 있고요. 그 실태에 대해서는 한번 카지노협회도 있고 또 카지노 업장들이 사실 보면 대부분 외국인을 위한 그런 곳이고 일반 회 사이기 때문에 하여튼 협의를 해서, 하지 않겠다 고 하는 데를 억지로 할 수는 없어서 그것은 의견 들을 들어서 저희가 적극적으로 검토하겠습니다.","◯문화체육관광부관광산업정책관김상욱일단은위원님께서지적하신그런부분에대해서저희도적극적으로동감하고있고요.그실태에대해서는한번카지노협회도있고또카지노업장들이사실보면대부분외국인을위한그런곳이고일반회사이기때문에하여튼협의를해서,하지않겠다고하는데를억지로할수는없어서그것은의견들을들어서저희가적극적으로검토하겠습니다.",211,2,0.9,0.8975,PASS,unreviewed,88101ac7aad5f641b6bd97e74b93090848e76a489b76c433d35b6da54ac6e05a,A5,,
ANS_053598_T00380_T00380,QA_053598_000172,053598,2023-10-24,MSP_053598_05BD22B4,최보근,국장,문화체육관광부체육,agency_official,053598_T00380,053598_T00380,1,21,21,053598_0021_0041,053598_0021_0042,053598_SEG_TURN_00380,"◯문화체육관광부체육국장 최보근  예, 동의합니

다. 그 표준계약서 한번 다시 검토해 보겠습니다.
","◯문화체육관광부체육국장 최보근 예, 동의합니 다. 그 표준계약서 한번 다시 검토해 보겠습니다.","◯문화체육관광부체육국장 최보근 예, 동의합니 다. 그 표준계약서 한번 다시 검토해 보겠습니다.","◯문화체육관광부체육국장최보근예,동의합니다.그표준계약서한번다시검토해보겠습니다.",52,2,0.9,0.8975,PASS,unreviewed,852906c93b00979f9a327aac122adf568e31e236679306491a42624b5eb17ba4,A5,,
ANS_053680_T00805_T00805,QA_053680_000332,053680,2023-10-12,MSP_053680_E61C88B9,최응천,청장,문화재,agency_head,053680_T00805,053680_T00805,1,54,54,053680_0054_0003,053680_0054_0003,053680_SEG_TURN_00805,"◯문화재청장 최응천  같이 좀 검토하겠습니다. 
",◯문화재청장 최응천 같이 좀 검토하겠습니다.,◯문화재청장 최응천 같이 좀 검토하겠습니다.,◯문화재청장최응천같이좀검토하겠습니다.,24,1,0.9,0.8975,PASS,unreviewed,9bf4a1daa57f455ea119fbe35a27e9e78063dec5c915128f1846949d3d7c231e,A5,,
ANS_054269_T00741_T00741,QA_054269_000331,054269,2024-10-10,MSP_054269_881471F9,최응천,청장,국가유산,agency_head,054269_T00741,054269_T00741,1,63,63,054269_0063_0020,054269_0063_0020,054269_SEG_TURN_00741,"◯국가유산청장최응천
예, 잘검토하겠습니다.
","◯국가유산청장최응천 예, 잘검토하겠습니다.","◯국가유산청장최응천 예, 잘검토하겠습니다.","◯국가유산청장최응천예,잘검토하겠습니다.",23,1,0.9,0.8975,PASS,unreviewed,4bcc158adc6fcc9a62944fe7d2c8b9cfef45a8e434fce0c5c1f03903c4423c83,A5,,
ANS_054345_T01232_T01232,QA_054345_000511,054345,2024-10-15,MSP_054345_17DA5862,심오택,위원장,사행산업통합감독,agency_head,054345_T01232,054345_T01232,1,94,94,054345_0094_0036,054345_0094_0037,054345_SEG_TURN_01232,"◯사행산업통합감독위원장심오택
지금위원님이지적하신것을감안해서저희들이영

상이랄지콘텐츠랄지활용방안이것을검토해보겠습니다.
",◯사행산업통합감독위원장심오택 지금위원님이지적하신것을감안해서저희들이영 상이랄지콘텐츠랄지활용방안이것을검토해보겠습니다.,◯사행산업통합감독위원장심오택 지금위원님이지적하신것을감안해서저희들이영 상이랄지콘텐츠랄지활용방안이것을검토해보겠습니다.,◯사행산업통합감독위원장심오택지금위원님이지적하신것을감안해서저희들이영상이랄지콘텐츠랄지활용방안이것을검토해보겠습니다.,63,1,0.9,0.8975,PASS,unreviewed,881295aa22d1d1d105b4d709d3cc5ecd7855c52cd648706ba73221b159c786b1,A5,,
ANS_054519_T01591_T01591,QA_054519_000738,054519,2024-10-18,MSP_054519_2F3E6071,김재홍,관장,국립중앙박물,agency_head,054519_T01591,054519_T01591,1,112,112,054519_0112_0029,054519_0112_0030,054519_SEG_TURN_01591,"◯국립중앙박물관장김재홍
예, 알겠습니다. 같이협의를해가지고요, 될수있으면별

도의공간을하든지하는여러가지방안을검토하겠습니다.
","◯국립중앙박물관장김재홍 예, 알겠습니다. 같이협의를해가지고요, 될수있으면별 도의공간을하든지하는여러가지방안을검토하겠습니다.","◯국립중앙박물관장김재홍 예, 알겠습니다. 같이협의를해가지고요, 될수있으면별 도의공간을하든지하는여러가지방안을검토하겠습니다.","◯국립중앙박물관장김재홍예,알겠습니다.같이협의를해가지고요,될수있으면별도의공간을하든지하는여러가지방안을검토하겠습니다.",67,2,0.9,0.8975,PASS,unreviewed,b7bb43490cd66bdadcfa8006034762b474a237e9c15100188ab4aca9dea70f31,A5,,
ANS_054576_T02640_T02640,QA_054576_001145,054576,2024-10-22,MSP_054576_135FD702,이기흥,회장,대한체육,agency_head,054576_T02640,054576_T02640,1,164,164,054576_0164_0028,054576_0164_0028,054576_SEG_TURN_02640,"◯대한체육회장이기흥
예, 검토하겠습니다.
","◯대한체육회장이기흥 예, 검토하겠습니다.","◯대한체육회장이기흥 예, 검토하겠습니다.","◯대한체육회장이기흥예,검토하겠습니다.",22,1,0.9,0.8975,PASS,unreviewed,659a195edd00eda3b9fb8c60657326bb781af993adbde90029d6d87f9df61625,A5,,
ANS_N053480_T00200_T00200,QA_N053480_000077,N053480,2025-10-20,MSP_N053480_92CD0C7B,직무대,원장,한국정책방송,agency_head,N053480_T00200,N053480_T00200,1,25,25,N053480_0025_0015,N053480_0025_0015,N053480_SEG_TURN_00200,"◯한국정책방송원장직무대행이찬구
상황을내부검토하겠습니다.
",◯한국정책방송원장직무대행이찬구 상황을내부검토하겠습니다.,◯한국정책방송원장직무대행이찬구 상황을내부검토하겠습니다.,◯한국정책방송원장직무대행이찬구상황을내부검토하겠습니다.,30,1,0.9,0.8975,PASS,unreviewed,9bcd3b821bb83580bb8f4b99c64bdb86ea026070645a8ddcbf0f8e1c2151fdfb,A5,,
ANS_N053480_T00453_T00453,QA_N053480_000168,N053480,2025-10-20,MSP_N053480_45DBCC29,직무대,사장,한국관광공사,agency_head,N053480_T00453,N053480_T00453,1,40,40,N053480_0040_0033,N053480_0040_0033,N053480_SEG_TURN_00453,"◯한국관광공사사장직무대행서영충
예, 더고민하고방안을마련하겠습니다.
","◯한국관광공사사장직무대행서영충 예, 더고민하고방안을마련하겠습니다.","◯한국관광공사사장직무대행서영충 예, 더고민하고방안을마련하겠습니다.","◯한국관광공사사장직무대행서영충예,더고민하고방안을마련하겠습니다.",36,1,0.9,0.8975,PASS,unreviewed,57874b5abb0d7dabc1836efcd5e5645089114430f4712cac4f14308b9251f366,A5,,
ANS_N053483_T00401_T00401,QA_N053483_000140,N053483,2025-10-23,MSP_N053483_B9CDE768,정상원,국장,문화체육관광부콘텐츠정책,agency_official,N053483_T00401,N053483_T00401,1,40,40,N053483_0040_0007,N053483_0040_0007,N053483_SEG_TURN_00401,"◯문화체육관광부콘텐츠정책국장정상원
예, 검토하겠습니다.
","◯문화체육관광부콘텐츠정책국장정상원 예, 검토하겠습니다.","◯문화체육관광부콘텐츠정책국장정상원 예, 검토하겠습니다.","◯문화체육관광부콘텐츠정책국장정상원예,검토하겠습니다.",30,1,0.9,0.8975,PASS,unreviewed,bdfc30de7e063bdf73e7f1363549614702b6ac263117572da11b192409b04018,A5,,
ANS_N053483_T00532_T00532,QA_N053483_000203,N053483,2025-10-23,MSP_N053483_B9CDE768,정상원,국장,문화체육관광부콘텐츠정책,agency_official,N053483_T00532,N053483_T00532,1,48,48,N053483_0048_0020,N053483_0048_0020,N053483_SEG_TURN_00532,"◯문화체육관광부콘텐츠정책국장정상원
예, 검토해보겠습니다.
","◯문화체육관광부콘텐츠정책국장정상원 예, 검토해보겠습니다.","◯문화체육관광부콘텐츠정책국장정상원 예, 검토해보겠습니다.","◯문화체육관광부콘텐츠정책국장정상원예,검토해보겠습니다.",31,1,0.9,0.8975,PASS,unreviewed,c234cce9accc737774f14a7456ef96c0102e1661d661ff745fdd38d2a6afcf09,A5,,
ANS_N053483_T01521_T01521,QA_N053483_000457,N053483,2025-10-23,MSP_N053483_B9CDE768,정상원,국장,문화체육관광부콘텐츠정책,agency_official,N053483_T01521,N053483_T01521,1,117,117,N053483_0117_0034,N053483_0117_0034,N053483_SEG_TURN_01521,"◯문화체육관광부콘텐츠정책국장정상원
예, 그렇게검토하겠습니다.
","◯문화체육관광부콘텐츠정책국장정상원 예, 그렇게검토하겠습니다.","◯문화체육관광부콘텐츠정책국장정상원 예, 그렇게검토하겠습니다.","◯문화체육관광부콘텐츠정책국장정상원예,그렇게검토하겠습니다.",33,1,0.9,0.8975,PASS,unreviewed,07ef783c5858440a72577f56cfa8ba90d6da86211ef809a6bdc62b6724fae0ed,A5,,
ANS_N053487_T01709_T01709,QA_N053487_000624,N053487,2025-10-29,MSP_N053487_627A1FF2,유홍준,관장,국립중앙박물,agency_head,N053487_T01709,N053487_T01709,1,140,140,N053487_0140_0017,N053487_0140_0018,N053487_SEG_TURN_01709,"◯국립중앙박물관장유홍준
예, 한번종합적으로검토해보겠습니다.

여태까지는박물관에서큰실수없이신뢰할수있는곳을그동안……
","◯국립중앙박물관장유홍준 예, 한번종합적으로검토해보겠습니다. 여태까지는박물관에서큰실수없이신뢰할수있는곳을그동안......","◯국립중앙박물관장유홍준 예, 한번종합적으로검토해보겠습니다. 여태까지는박물관에서큰실수없이신뢰할수있는곳을그동안......","◯국립중앙박물관장유홍준예,한번종합적으로검토해보겠습니다.여태까지는박물관에서큰실수없이신뢰할수있는곳을그동안......",65,2,0.9,0.8975,PASS,unreviewed,08315b8de167a6b1060c2957728b9762bfc7acbc61b44f7310443a8d6558f0c3,A5,,
ANS_050308_T00028_T00028,QA_050308_000005,050308,2020-10-07,MSP_050308_64CA9D06,관박양우,부장,문화체육관광,agency_official,050308_T00028,050308_T00028,1,7,7,050308_0007_0024,050308_0007_0026,050308_SEG_TURN_00028,"◯문화체육관광부장관박양우
존경하는배위원

님,
자료제출을
문체위에서
의결해서
저희들이

그시한에맞춰서최소한드리려고했고요. 다만
모르겠습니다, 공손히어떻게……
","◯문화체육관광부장관박양우 존경하는배위원 님, 자료제출을 문체위에서 의결해서 저희들이 그시한에맞춰서최소한드리려고했고요. 다만 모르겠습니다, 공손히어떻게......","◯문화체육관광부장관박양우 존경하는배위원 님, 자료제출을 문체위에서 의결해서 저희들이 그시한에맞춰서최소한드리려고했고요. 다만 모르겠습니다, 공손히어떻게......","◯문화체육관광부장관박양우존경하는배위원님,자료제출을문체위에서의결해서저희들이그시한에맞춰서최소한드리려고했고요.다만모르겠습니다,공손히어떻게......",89,2,0.9,0.8975,PASS,unreviewed,84898cd793bf225203371f30e8434249a99c252f48b2695227c7932364013329,A6,,
ANS_050350_T01034_T01034,QA_050350_000453,050350,2020-10-12,MSP_050350_17297164,진옥섭,이사장,한국문화재재단,agency_head,050350_T01034,050350_T01034,1,66,66,050350_0066_0024,050350_0066_0043,050350_SEG_TURN_01034,"◯한국문화재재단이사장 진옥섭  저희 재단은 수

지차 보전기관입니다. 그래서 국가의 어떤 공공

기관이지만 모든 예산을 다 주지 않습니다.

  저희가 지금 그것을 담당하는 것은 문화상품실

인데 거기에 있는 직원들은 어떤 경상비를 갖지 

못하고 그쪽에 있는 사업들을 하여서 그 사업의 

이익으로, 
대부분의 
이익금이 
인건비로 
쓰이고 

그다음에 어떤 사업 제경비로 쓰이고 있습니다.

  수수료 요율이 굉장히 높아 보이고 그런 부분

들은 사실이지만 저희는 한국문화재재단입니다. 

문화재 선생님들이 존재하므로 저희가 존재하기 

때문에 그래서 늘 선생님들께 가격에 대한 협상

들을 하는데 그중에서, 선생님들 중에서 조금 그

런 생각으로 쓰신 분이 있으실지 모르겠지만 저

희는 선생님들의 최대한의 것들을 배려하고 또 

거기에서 손실이 난다면 다른 이익을 취해서 저

희의 수지를 맞춰 가기 때문에……

  말씀하신 
부분들을 
잘 
알아듣겠고요. 
그리고 

저희가 또 좋은 방법으로 해서 서면으로 답변을 

하도록 하겠습니다.
","◯한국문화재재단이사장 진옥섭 저희 재단은 수 지차 보전기관입니다. 그래서 국가의 어떤 공공 기관이지만 모든 예산을 다 주지 않습니다. 저희가 지금 그것을 담당하는 것은 문화상품실 인데 거기에 있는 직원들은 어떤 경상비를 갖지 못하고 그쪽에 있는 사업들을 하여서 그 사업의 이익으로, 대부분의 이익금이 인건비로 쓰이고 그다음에 어떤 사업 제경비로 쓰이고 있습니다. 수수료 요율이 굉장히 높아 보이고 그런 부분 들은 사실이지만 저희는 한국문화재재단입니다. 문화재 선생님들이 존재하므로 저희가 존재하기 때문에 그래서 늘 선생님들께 가격에 대한 협상 들을 하는데 그중에서, 선생님들 중에서 조금 그 런 생각으로 쓰신 분이 있으실지 모르겠지만 저 희는 선생님들의 최대한의 것들을 배려하고 또 거기에서 손실이 난다면 다른 이익을 취해서 저 희의 수지를 맞춰 가기 때문에...... 말씀하신 부분들을 잘 알아듣겠고요. 그리고 저희가 또 좋은 방법으로 해서 서면으로 답변을 하도록 하겠습니다.","◯한국문화재재단이사장 진옥섭 저희 재단은 수 지차 보전기관입니다. 그래서 국가의 어떤 공공 기관이지만 모든 예산을 다 주지 않습니다. 저희가 지금 그것을 담당하는 것은 문화상품실 인데 거기에 있는 직원들은 어떤 경상비를 갖지 못하고 그쪽에 있는 사업들을 하여서 그 사업의 이익으로, 대부분의 이익금이 인건비로 쓰이고 그다음에 어떤 사업 제경비로 쓰이고 있습니다. 수수료 요율이 굉장히 높아 보이고 그런 부분 들은 사실이지만 저희는 한국문화재재단입니다. 문화재 선생님들이 존재하므로 저희가 존재하기 때문에 그래서 늘 선생님들께 가격에 대한 협상 들을 하는데 그중에서, 선생님들 중에서 조금 그 런 생각으로 쓰신 분이 있으실지 모르겠지만 저 희는 선생님들의 최대한의 것들을 배려하고 또 거기에서 손실이 난다면 다른 이익을 취해서 저 희의 수지를 맞춰 가기 때문에...... 말씀하신 부분들을 잘 알아듣겠고요. 그리고 저희가 또 좋은 방법으로 해서 서면으로 답변을 하도록 하겠습니다.","◯한국문화재재단이사장진옥섭저희재단은수지차보전기관입니다.그래서국가의어떤공공기관이지만모든예산을다주지않습니다.저희가지금그것을담당하는것은문화상품실인데거기에있는직원들은어떤경상비를갖지못하고그쪽에있는사업들을하여서그사업의이익으로,대부분의이익금이인건비로쓰이고그다음에어떤사업제경비로쓰이고있습니다.수수료요율이굉장히높아보이고그런부분들은사실이지만저희는한국문화재재단입니다.문화재선생님들이존재하므로저희가존재하기때문에그래서늘선생님들께가격에대한협상들을하는데그중에서,선생님들중에서조금그런생각으로쓰신분이있으실지모르겠지만저희는선생님들의최대한의것들을배려하고또거기에서손실이난다면다른이익을취해서저희의수지를맞춰가기때문에......말씀하신부분들을잘알아듣겠고요.그리고저희가또좋은방법으로해서서면으로답변을하도록하겠습니다.",491,7,0.9,0.8975,PASS,unreviewed,ed934144ab7ae9787d22e36de8c527ed768d387b661b4c3f027c7458b14c6cb2,A6,,
ANS_050350_T01046_T01046,QA_050350_000458,050350,2020-10-12,MSP_050350_F366C4B4,정재숙,청장,문화재,agency_head,050350_T01046,050350_T01046,1,67,67,050350_0067_0031,050350_0067_0031,050350_SEG_TURN_01046,"◯문화재청장 정재숙  예, 보고드리겠습니다.
","◯문화재청장 정재숙 예, 보고드리겠습니다.","◯문화재청장 정재숙 예, 보고드리겠습니다.","◯문화재청장정재숙예,보고드리겠습니다.",23,1,0.9,0.8975,PASS,unreviewed,228d80d02e0e5060e261da26d5d53057629d5bb738e10e1eaeac75117fa5c0bf,A6,,
ANS_050430_T00030_T00030,QA_050430_000007,050430,2020-10-26,MSP_050430_F366C4B4,정재숙,청장,문화재,agency_head,050430_T00030,050430_T00030,1,9,9,050430_0009_0064,050430_0009_0065,050430_SEG_TURN_00030,"◯문화재청장 정재숙  그건 저희가 내부에서 조

금 더 의논하고 위원님께 보고드리겠습니다.
",◯문화재청장 정재숙 그건 저희가 내부에서 조 금 더 의논하고 위원님께 보고드리겠습니다.,◯문화재청장 정재숙 그건 저희가 내부에서 조 금 더 의논하고 위원님께 보고드리겠습니다.,◯문화재청장정재숙그건저희가내부에서조금더의논하고위원님께보고드리겠습니다.,48,1,0.9,0.8975,PASS,unreviewed,f7424fffe5622b27d4708cf9eaca2da4c8ad0074fa71441e27a47af749815e79,A6,,
ANS_050430_T00426_T00426,QA_050430_000183,050430,2020-10-26,MSP_050430_F366C4B4,정재숙,청장,문화재,agency_head,050430_T00426,050430_T00426,1,40,40,050430_0040_0080,050430_0040_0083,050430_SEG_TURN_00426,"◯문화재청장 정재숙  예. 11월 중에 저희가 관

련 조사결과를 종합한 학술대회를 지금 계획하고 

있습니다. 
그것까지 
포함해서 
종합적인 
내용을 

보고드리겠습니다. 
",◯문화재청장 정재숙 예. 11월 중에 저희가 관 련 조사결과를 종합한 학술대회를 지금 계획하고 있습니다. 그것까지 포함해서 종합적인 내용을 보고드리겠습니다.,◯문화재청장 정재숙 예. 11월 중에 저희가 관 련 조사결과를 종합한 학술대회를 지금 계획하고 있습니다. 그것까지 포함해서 종합적인 내용을 보고드리겠습니다.,◯문화재청장정재숙예.11월중에저희가관련조사결과를종합한학술대회를지금계획하고있습니다.그것까지포함해서종합적인내용을보고드리겠습니다.,87,3,0.9,0.8975,PASS,unreviewed,fcc76f93da4b5f5a9d92e04ee830bbb562f1be5d1abb71c5d79a1d8d8d0f4637,A6,,
ANS_050606_T00013_T00013,QA_050606_000001,050606,2020-10-22,MSP_050606_37670513,이미연,위원장,영상물등급,agency_head,050606_T00013,050606_T00013,1,6,7,050606_0006_0008,050606_0007_0006,050606_SEG_TURN_00013,"◯영상물등급위원장 이미연  안녕하십니까? 

  영상물등급위원회 위원장 이미연입니다.

  존경하는 문화체육관광위원회 도종환 위원장님

과 여러 위원님들을 모시고 그동안 추진해 온 업

무에 대해 국정감사를 받게 된 것을 뜻깊게 생각

합니다.

  영상물등급위원회는 영화, 비디오물 등 영상물

에 대한 등급분류를 통하여 영상물을 선택하는 

국민들에게 필요한 정보 제공과 함께 영상물의 

공공성과 윤리성을 확보하는 역할을 수행하고 있

습니다. 

  2020년도에는 불합리한 등급분류 절차 및 제도

의 개선을 지속적으로 추진하고 변화하는 미디어 

환경에 맞는 등급분류제도의 모색을 위한 연구․

조사 활동을 강화하였습니다.

  저를 포함한 영상물등급위원회 직원 모두는 국

정감사에 성실히 임할 것을 약속하며 오늘 국정

감사를 통해 지적해 주시는 사항을 충실히 업무

에 반영하여 앞으로 우리 위원회가 한층 발전하

는 계기로 삼고자 최선을 다하겠습니다. 

  이어 
2020년도 
영상물등급위원회 
업무현황을 

간략히 보고드리겠습니다. 

  일반현황은 생략하고 주요업무 추진현황 중심

으로 간략히 보고드리겠습니다. 

  7쪽입니다.

  우리 위원회는 등급분류 제도개선 및 연구를 

통한 등급서비스 확대, 교육․홍보 확대를 통한 

등급분류 인식 제고, 영상물의 올바른 이용 및 

관람환경 조성 등 등급분류 정보화를 통해 고객

서비스 강화를 2020년도 핵심과제로 선정하고 적

극 추진하고 있습니다. 

  첫째, 등급분류 제도개선 및 연구를 통한 등급

서비스 확대입니다. 

  우리 위원회의 고유목적사업인 영상물 등의 등

급분류 업무를 성실히 수행하고 있으며 불합리한 

등급분류 절차 및 제도개선을 지속적으로 추진하

여 신청 고객 서비스 강화를 위해 노력하고 있습

니다. 

  다음 쪽입니다. 

  위원회는 미디어환경 변화에 적합한 등급분류 

제도의 개선을 위한 연구를 강화하였고 등급분류

에 대한 사회적 요구 및 변화에 대응하기 위해 

등급분류 결과에 대한 국민 반응 조사를 진행하

고 있습니다. 

  둘째, 10쪽, 교육․홍보 확대를 통한 등급분류 

인식 제고입니다.

  위원회는 
청소년 
영상물 
바로보기 
프로그램, 

등급분류 체험 프로그램 등 교육․홍보 프로그램

을 통해 국민 소통 강화를 꾀하고 있습니다. 또

한 최근 코로나19에 따른 비대면 교육서비스 수

요가 증가함에 따라 청소년 교육 온라인 강의 영

상을 제작하여 비대면 강의를 신설하였으며 등급

분류제도 교육․홍보영상을 제작하는 등 비대면 

교육 서비스를 강화하였습니다. 

  셋째, 11쪽 영상물의 올바른 이용 및 관람 환

경 조성입니다.

  위원회는 등급분류 결과물에 대한 사후관리를 

위해 영상물 시민 모니터단을 운영하며 모니터링

과 실태 파악을 실시하고 분기별 사후관리위원회

를 개최하여 사후관리 관련 주요 사항을 처리하

는 체계를 구축하고 있습니다. 

  영상물 등급 및 내용정보 표시제도 개선이 입

법화되어 2021년 개정 시행 예정됨에 따라 매뉴

얼 마련 및 홍보자료를 제작․배포하는 등 충분

한 사전 안내를 통해 제도의 원활한 이행과 안정

적인 정착을 지원할 예정입니다.

  마지막으로 12쪽에 등급분류 정보화를 통한 고

객 서비스 강화입니다.

  위원회는 지난 2월 사용 기기에 맞춰 화면을 

자동으로 제공하는 반응형 웹 기술을 기반으로 

홈페이지를 개편하여 손쉬운 접속 및 사용자 편

의성을 극대화하였습니다. 

  또한 등급분류 신청, 회의 진행, 결과 통보까지 

온라인으로 제공하는 온라인 등급분류 시스템 기

능 개선 및 고도화를 통해 신청 고객 서비스를 

제고하고 정부 국정과제의 원활한 이행을 지원할 

예정입니다.

  이상으로 2020년 주요업무 추진현황을 보고드

렸습니다. 

  시간 관계상 13쪽 이하의 참고자료는 유인물로 

대체하고자 하니 위원님들의 너른 양해를 부탁드

립니다.

  앞으로 우리 영상물등급위원회가 미디어 환경 

변화에 능동적으로 대응하고 사회 변화와 흐름에 

부합하는 책무를 수행할 수 있도록 도종환 위원

장님과 여러 위원님들께서 많은 성원과 고견을 

주실 것을 부탁드립니다.

  이상 영상물등급위원회의 업무보고를 마치겠습

니다. 

  감사합니다.
","◯영상물등급위원장 이미연 안녕하십니까? 영상물등급위원회 위원장 이미연입니다. 존경하는 문화체육관광위원회 도종환 위원장님 과 여러 위원님들을 모시고 그동안 추진해 온 업 무에 대해 국정감사를 받게 된 것을 뜻깊게 생각 합니다. 영상물등급위원회는 영화, 비디오물 등 영상물 에 대한 등급분류를 통하여 영상물을 선택하는 국민들에게 필요한 정보 제공과 함께 영상물의 공공성과 윤리성을 확보하는 역할을 수행하고 있 습니다. 2020년도에는 불합리한 등급분류 절차 및 제도 의 개선을 지속적으로 추진하고 변화하는 미디어 환경에 맞는 등급분류제도의 모색을 위한 연구. 조사 활동을 강화하였습니다. 저를 포함한 영상물등급위원회 직원 모두는 국 정감사에 성실히 임할 것을 약속하며 오늘 국정 감사를 통해 지적해 주시는 사항을 충실히 업무 에 반영하여 앞으로 우리 위원회가 한층 발전하 는 계기로 삼고자 최선을 다하겠습니다. 이어 2020년도 영상물등급위원회 업무현황을 간략히 보고드리겠습니다. 일반현황은 생략하고 주요업무 추진현황 중심 으로 간략히 보고드리겠습니다. 7쪽입니다. 우리 위원회는 등급분류 제도개선 및 연구를 통한 등급서비스 확대, 교육.홍보 확대를 통한 등급분류 인식 제고, 영상물의 올바른 이용 및 관람환경 조성 등 등급분류 정보화를 통해 고객 서비스 강화를 2020년도 핵심과제로 선정하고 적 극 추진하고 있습니다. 첫째, 등급분류 제도개선 및 연구를 통한 등급 서비스 확대입니다. 우리 위원회의 고유목적사업인 영상물 등의 등 급분류 업무를 성실히 수행하고 있으며 불합리한 등급분류 절차 및 제도개선을 지속적으로 추진하 여 신청 고객 서비스 강화를 위해 노력하고 있습 니다. 다음 쪽입니다. 위원회는 미디어환경 변화에 적합한 등급분류 제도의 개선을 위한 연구를 강화하였고 등급분류 에 대한 사회적 요구 및 변화에 대응하기 위해 등급분류 결과에 대한 국민 반응 조사를 진행하 고 있습니다. 둘째, 10쪽, 교육.홍보 확대를 통한 등급분류 인식 제고입니다. 위원회는 청소년 영상물 바로보기 프로그램, 등급분류 체험 프로그램 등 교육.홍보 프로그램 을 통해 국민 소통 강화를 꾀하고 있습니다. 또 한 최근 코로나19에 따른 비대면 교육서비스 수 요가 증가함에 따라 청소년 교육 온라인 강의 영 상을 제작하여 비대면 강의를 신설하였으며 등급 분류제도 교육.홍보영상을 제작하는 등 비대면 교육 서비스를 강화하였습니다. 셋째, 11쪽 영상물의 올바른 이용 및 관람 환 경 조성입니다. 위원회는 등급분류 결과물에 대한 사후관리를 위해 영상물 시민 모니터단을 운영하며 모니터링 과 실태 파악을 실시하고 분기별 사후관리위원회 를 개최하여 사후관리 관련 주요 사항을 처리하 는 체계를 구축하고 있습니다. 영상물 등급 및 내용정보 표시제도 개선이 입 법화되어 2021년 개정 시행 예정됨에 따라 매뉴 얼 마련 및 홍보자료를 제작.배포하는 등 충분 한 사전 안내를 통해 제도의 원활한 이행과 안정 적인 정착을 지원할 예정입니다. 마지막으로 12쪽에 등급분류 정보화를 통한 고 객 서비스 강화입니다. 위원회는 지난 2월 사용 기기에 맞춰 화면을 자동으로 제공하는 반응형 웹 기술을 기반으로 홈페이지를 개편하여 손쉬운 접속 및 사용자 편 의성을 극대화하였습니다. 또한 등급분류 신청, 회의 진행, 결과 통보까지 온라인으로 제공하는 온라인 등급분류 시스템 기 능 개선 및 고도화를 통해 신청 고객 서비스를 제고하고 정부 국정과제의 원활한 이행을 지원할 예정입니다. 이상으로 2020년 주요업무 추진현황을 보고드 렸습니다. 시간 관계상 13쪽 이하의 참고자료는 유인물로 대체하고자 하니 위원님들의 너른 양해를 부탁드 립니다. 앞으로 우리 영상물등급위원회가 미디어 환경 변화에 능동적으로 대응하고 사회 변화와 흐름에 부합하는 책무를 수행할 수 있도록 도종환 위원 장님과 여러 위원님들께서 많은 성원과 고견을 주실 것을 부탁드립니다. 이상 영상물등급위원회의 업무보고를 마치겠습 니다. 감사합니다.","◯영상물등급위원장 이미연 안녕하십니까? 영상물등급위원회 위원장 이미연입니다. 존경하는 문화체육관광위원회 도종환 위원장님 과 여러 위원님들을 모시고 그동안 추진해 온 업 무에 대해 국정감사를 받게 된 것을 뜻깊게 생각 합니다. 영상물등급위원회는 영화, 비디오물 등 영상물 에 대한 등급분류를 통하여 영상물을 선택하는 국민들에게 필요한 정보 제공과 함께 영상물의 공공성과 윤리성을 확보하는 역할을 수행하고 있 습니다. 2020년도에는 불합리한 등급분류 절차 및 제도 의 개선을 지속적으로 추진하고 변화하는 미디어 환경에 맞는 등급분류제도의 모색을 위한 연구. 조사 활동을 강화하였습니다. 저를 포함한 영상물등급위원회 직원 모두는 국 정감사에 성실히 임할 것을 약속하며 오늘 국정 감사를 통해 지적해 주시는 사항을 충실히 업무 에 반영하여 앞으로 우리 위원회가 한층 발전하 는 계기로 삼고자 최선을 다하겠습니다. 이어 2020년도 영상물등급위원회 업무현황을 간략히 보고드리겠습니다. 일반현황은 생략하고 주요업무 추진현황 중심 으로 간략히 보고드리겠습니다. 7쪽입니다. 우리 위원회는 등급분류 제도개선 및 연구를 통한 등급서비스 확대, 교육.홍보 확대를 통한 등급분류 인식 제고, 영상물의 올바른 이용 및 관람환경 조성 등 등급분류 정보화를 통해 고객 서비스 강화를 2020년도 핵심과제로 선정하고 적 극 추진하고 있습니다. 첫째, 등급분류 제도개선 및 연구를 통한 등급 서비스 확대입니다. 우리 위원회의 고유목적사업인 영상물 등의 등 급분류 업무를 성실히 수행하고 있으며 불합리한 등급분류 절차 및 제도개선을 지속적으로 추진하 여 신청 고객 서비스 강화를 위해 노력하고 있습 니다. 다음 쪽입니다. 위원회는 미디어환경 변화에 적합한 등급분류 제도의 개선을 위한 연구를 강화하였고 등급분류 에 대한 사회적 요구 및 변화에 대응하기 위해 등급분류 결과에 대한 국민 반응 조사를 진행하 고 있습니다. 둘째, 10쪽, 교육.홍보 확대를 통한 등급분류 인식 제고입니다. 위원회는 청소년 영상물 바로보기 프로그램, 등급분류 체험 프로그램 등 교육.홍보 프로그램 을 통해 국민 소통 강화를 꾀하고 있습니다. 또 한 최근 코로나19에 따른 비대면 교육서비스 수 요가 증가함에 따라 청소년 교육 온라인 강의 영 상을 제작하여 비대면 강의를 신설하였으며 등급 분류제도 교육.홍보영상을 제작하는 등 비대면 교육 서비스를 강화하였습니다. 셋째, 11쪽 영상물의 올바른 이용 및 관람 환 경 조성입니다. 위원회는 등급분류 결과물에 대한 사후관리를 위해 영상물 시민 모니터단을 운영하며 모니터링 과 실태 파악을 실시하고 분기별 사후관리위원회 를 개최하여 사후관리 관련 주요 사항을 처리하 는 체계를 구축하고 있습니다. 영상물 등급 및 내용정보 표시제도 개선이 입 법화되어 2021년 개정 시행 예정됨에 따라 매뉴 얼 마련 및 홍보자료를 제작.배포하는 등 충분 한 사전 안내를 통해 제도의 원활한 이행과 안정 적인 정착을 지원할 예정입니다. 마지막으로 12쪽에 등급분류 정보화를 통한 고 객 서비스 강화입니다. 위원회는 지난 2월 사용 기기에 맞춰 화면을 자동으로 제공하는 반응형 웹 기술을 기반으로 홈페이지를 개편하여 손쉬운 접속 및 사용자 편 의성을 극대화하였습니다. 또한 등급분류 신청, 회의 진행, 결과 통보까지 온라인으로 제공하는 온라인 등급분류 시스템 기 능 개선 및 고도화를 통해 신청 고객 서비스를 제고하고 정부 국정과제의 원활한 이행을 지원할 예정입니다. 이상으로 2020년 주요업무 추진현황을 보고드 렸습니다. 시간 관계상 13쪽 이하의 참고자료는 유인물로 대체하고자 하니 위원님들의 너른 양해를 부탁드 립니다. 앞으로 우리 영상물등급위원회가 미디어 환경 변화에 능동적으로 대응하고 사회 변화와 흐름에 부합하는 책무를 수행할 수 있도록 도종환 위원 장님과 여러 위원님들께서 많은 성원과 고견을 주실 것을 부탁드립니다. 이상 영상물등급위원회의 업무보고를 마치겠습 니다. 감사합니다.","◯영상물등급위원장이미연안녕하십니까?영상물등급위원회위원장이미연입니다.존경하는문화체육관광위원회도종환위원장님과여러위원님들을모시고그동안추진해온업무에대해국정감사를받게된것을뜻깊게생각합니다.영상물등급위원회는영화,비디오물등영상물에대한등급분류를통하여영상물을선택하는국민들에게필요한정보제공과함께영상물의공공성과윤리성을확보하는역할을수행하고있습니다.2020년도에는불합리한등급분류절차및제도의개선을지속적으로추진하고변화하는미디어환경에맞는등급분류제도의모색을위한연구.조사활동을강화하였습니다.저를포함한영상물등급위원회직원모두는국정감사에성실히임할것을약속하며오늘국정감사를통해지적해주시는사항을충실히업무에반영하여앞으로우리위원회가한층발전하는계기로삼고자최선을다하겠습니다.이어2020년도영상물등급위원회업무현황을간략히보고드리겠습니다.일반현황은생략하고주요업무추진현황중심으로간략히보고드리겠습니다.7쪽입니다.우리위원회는등급분류제도개선및연구를통한등급서비스확대,교육.홍보확대를통한등급분류인식제고,영상물의올바른이용및관람환경조성등등급분류정보화를통해고객서비스강화를2020년도핵심과제로선정하고적극추진하고있습니다.첫째,등급분류제도개선및연구를통한등급서비스확대입니다.우리위원회의고유목적사업인영상물등의등급분류업무를성실히수행하고있으며불합리한등급분류절차및제도개선을지속적으로추진하여신청고객서비스강화를위해노력하고있습니다.다음쪽입니다.위원회는미디어환경변화에적합한등급분류제도의개선을위한연구를강화하였고등급분류에대한사회적요구및변화에대응하기위해등급분류결과에대한국민반응조사를진행하고있습니다.둘째,10쪽,교육.홍보확대를통한등급분류인식제고입니다.위원회는청소년영상물바로보기프로그램,등급분류체험프로그램등교육.홍보프로그램을통해국민소통강화를꾀하고있습니다.또한최근코로나19에따른비대면교육서비스수요가증가함에따라청소년교육온라인강의영상을제작하여비대면강의를신설하였으며등급분류제도교육.홍보영상을제작하는등비대면교육서비스를강화하였습니다.셋째,11쪽영상물의올바른이용및관람환경조성입니다.위원회는등급분류결과물에대한사후관리를위해영상물시민모니터단을운영하며모니터링과실태파악을실시하고분기별사후관리위원회를개최하여사후관리관련주요사항을처리하는체계를구축하고있습니다.영상물등급및내용정보표시제도개선이입법화되어2021년개정시행예정됨에따라매뉴얼마련및홍보자료를제작.배포하는등충분한사전안내를통해제도의원활한이행과안정적인정착을지원할예정입니다.마지막으로12쪽에등급분류정보화를통한고객서비스강화입니다.위원회는지난2월사용기기에맞춰화면을자동으로제공하는반응형웹기술을기반으로홈페이지를개편하여손쉬운접속및사용자편의성을극대화하였습니다.또한등급분류신청,회의진행,결과통보까지온라인으로제공하는온라인등급분류시스템기능개선및고도화를통해신청고객서비스를제고하고정부국정과제의원활한이행을지원할예정입니다.이상으로2020년주요업무추진현황을보고드렸습니다.시간관계상13쪽이하의참고자료는유인물로대체하고자하니위원님들의너른양해를부탁드립니다.앞으로우리영상물등급위원회가미디어환경변화에능동적으로대응하고사회변화와흐름에부합하는책무를수행할수있도록도종환위원장님과여러위원님들께서많은성원과고견을주실것을부탁드립니다.이상영상물등급위원회의업무보고를마치겠습니다.감사합니다.",1940,29,0.9,0.7725,PASS,unreviewed,b95ebc9aac93e578846e85d19a0abc59cc52ed240a0b77812ae1bee9865cb8c5,A6,,
ANS_050606_T01073_T01073,QA_050606_000380,050606,2020-10-22,MSP_050606_37E2A7D9,김영수,정책관,문화체육관광부예술,agency_official,050606_T01073,050606_T01073,1,70,70,050606_0070_0012,050606_0070_0013,050606_SEG_TURN_01073,"◯문화체육관광부예술정책관 김영수 
 예, 
상황 

파악해서 다시 보고드리겠습니다.
","◯문화체육관광부예술정책관 김영수 예, 상황 파악해서 다시 보고드리겠습니다.","◯문화체육관광부예술정책관 김영수 예, 상황 파악해서 다시 보고드리겠습니다.","◯문화체육관광부예술정책관김영수예,상황파악해서다시보고드리겠습니다.",41,1,0.9,0.8975,PASS,unreviewed,68e0da365637bc55bdfbade77b377cc026c1f816436bfce5b0d503cd8123e170,A6,,
ANS_050673_T00516_T00516,QA_050673_000193,050673,2020-10-19,MSP_050673_37E2A7D9,김영수,정책관,문화체육관광부예술,agency_official,050673_T00516,050673_T00516,1,42,42,050673_0042_0049,050673_0042_0050,050673_SEG_TURN_00516,"◯문화체육관광부예술정책관 김영수  조치 계획

을 의원실에 보고드리겠습니다.
",◯문화체육관광부예술정책관 김영수 조치 계획 을 의원실에 보고드리겠습니다.,◯문화체육관광부예술정책관 김영수 조치 계획 을 의원실에 보고드리겠습니다.,◯문화체육관광부예술정책관김영수조치계획을의원실에보고드리겠습니다.,40,1,0.9,0.8975,PASS,unreviewed,76f29dee40c977c95a4258f7ffb1ee3a64ba5cac5936c0ed38331cb11dc828f5,A6,,
ANS_051354_T00772_T00772,QA_051354_000287,051354,2021-10-01,MSP_051354_1903A8A5,관황희,부장,문화체육관광,agency_official,051354_T00772,051354_T00772,1,61,61,051354_0061_0018,051354_0061_0027,051354_SEG_TURN_00772,"◯문화체육관광부장관 황희  위원님, 지금도 몇 

가지 문체부가 기존 시설에 대해서 시설을 활용

한다거나 아니면 프로그램을 좀 한다거나 이런 

부분들은 좀 하고 있습니다. 훈련비용을 지급한

다거나 
아니면 
수호랑반다비캠프라든가 
신남방 

슬라이딩 챔피언 육성이라든가 드림 프로그램 이

런 걸 하고 있는데요. 매우 부족합니다.

  그래서 이 부분 위원님 지적대로 조금 더 관리 

주체인 지자체하고 같이 적극적으로 활용하는 방

안들을 강구해서 보고드리겠습니다.
","◯문화체육관광부장관 황희 위원님, 지금도 몇 가지 문체부가 기존 시설에 대해서 시설을 활용 한다거나 아니면 프로그램을 좀 한다거나 이런 부분들은 좀 하고 있습니다. 훈련비용을 지급한 다거나 아니면 수호랑반다비캠프라든가 신남방 슬라이딩 챔피언 육성이라든가 드림 프로그램 이 런 걸 하고 있는데요. 매우 부족합니다. 그래서 이 부분 위원님 지적대로 조금 더 관리 주체인 지자체하고 같이 적극적으로 활용하는 방 안들을 강구해서 보고드리겠습니다.","◯문화체육관광부장관 황희 위원님, 지금도 몇 가지 문체부가 기존 시설에 대해서 시설을 활용 한다거나 아니면 프로그램을 좀 한다거나 이런 부분들은 좀 하고 있습니다. 훈련비용을 지급한 다거나 아니면 수호랑반다비캠프라든가 신남방 슬라이딩 챔피언 육성이라든가 드림 프로그램 이 런 걸 하고 있는데요. 매우 부족합니다. 그래서 이 부분 위원님 지적대로 조금 더 관리 주체인 지자체하고 같이 적극적으로 활용하는 방 안들을 강구해서 보고드리겠습니다.","◯문화체육관광부장관황희위원님,지금도몇가지문체부가기존시설에대해서시설을활용한다거나아니면프로그램을좀한다거나이런부분들은좀하고있습니다.훈련비용을지급한다거나아니면수호랑반다비캠프라든가신남방슬라이딩챔피언육성이라든가드림프로그램이런걸하고있는데요.매우부족합니다.그래서이부분위원님지적대로조금더관리주체인지자체하고같이적극적으로활용하는방안들을강구해서보고드리겠습니다.",245,4,0.9,0.8975,PASS,unreviewed,ceeaa3ec4ec2ed1a2f61e77784e28526565a2802f7406f432a3ffc7891e409f3,A6,,
ANS_051535_T00069_T00069,QA_051535_000001,051535,2021-10-19,MSP_051535_5DE593BA,안영배,사장,한국관광공사,agency_head,051535_T00069,051535_T00069,1,7,8,051535_0007_0039,051535_0008_0034,051535_SEG_TURN_00069,"◯한국관광공사사장 안영배  안녕하십니까?

  한국관광공사 사장 안영배입니다.

  존경하는 문화체육관광위원회 이채익 위원장님

과 여러 위원님들을 모시고 2021년도 정기국회에

서 업무보고를 드리게 된 것에 대해 매우 뜻깊게 

생각합니다.

  우리 공사는 1962년 국제관광공사법을 근거로 

설립되었으며 국제관광 진흥, 국내관광 진흥, 관

광자원 개발, 관광산업 연구․개발 등 관광산업 

육성을 위한 다양한 업무를 수행하고 있습니다.

  관광산업은 국제수지 개선, 고용 창출, 지역경

제 활성화 등 경제적 파급효과가 큰 대표적인 고

부가가치 산업이지만 지난해부터 시작된 코로나

로 인해 큰 어려움을 겪고 있습니다. 위원님들의 

관심과 지원이 절실한 상황입니다.

  지금부터 코로나19 위기 극복을 위한 공사의 

주요사업을 보고드리겠습니다.

  9쪽, 주요사업 방향입니다.

  공사는 코로나 이후 미래 관광 선도 및 관광산

업의 경쟁력 강화를 위해 디지털 K-관광 추진, 

관광기업 육성을 위한 투어벤처밸리 조성, 코로

나 상황하에서 뉴노멀 관광시장 선도, 방한 관광

시장 조기 회복, 한국형 관광 ESG 구축이라는 5

대 전략을 중심으로 사업을 추진하고 있습니다.

  10쪽입니다.

  디지털 K-관광 추진입니다.

  공사는 코로나 이후 다가올 디지털 중심의 미래 

관광 패러다임을 주도하기 위하여 관광 AI 선도

과제를 발굴하고, 디지털 기술 및 데이터에 기반

한 디지털 마케팅을 추진하는 한편 관광산업 전반

의 디지털 전환 및 확산을 추진하고 있습니다.

  13쪽입니다.

  관광기업 육성을 위한 K-투어벤처밸리 조성입

니다.

  관광산업의 경쟁력 강화를 위해 관광벤처 창업

과 성장, 전통관광기업의 재도약을 지원하는 거점

으로서의 K-투어벤처밸리 조성을 위해 노력하고 

있습니다. 이와 더불어 중소관광기업 혁신바우처 

제공, 관광산업 포털과 관광기업지원센터와 같은 

관광업계의 디지털 생태계 기반 구축 사업도 추

진하고 있습니다.

  16쪽입니다.

  뉴노멀 관광시장 선도입니다.

  코로나 시대 대국민 안전여행문화 정착을 위한 

대한민국 안심여행 캠페인 등 현장 방역 중심의 

안심관광 체계를 구축해 나가고 있습니다. 또한 

야간관광, 워케이션, 반려동물 여행 등 새로운 여

행문화를 선도하고 관광거점도시, 지역관광 추진 

조직 등 지역관광 활성화를 위한 사업에도 힘쓰

고 있습니다.

  19쪽입니다.

  방한 관광시장 조기 회복입니다.

  코로나 이후 한국 관광 브랜드 강화를 위해 ‘필 

더 리듬 오브 코리아(Feel the Rhythm of Korea)’ 

시즌2 사업의 일환으로 서산 ‘머드맥스’ 편 등 8

편의 홍보 영상을 제작하여 폭발적인 반응을 얻

고 있으며 손흥민 선수 등 유명인을 활용한 홍보

와 메타버스와 같은 뉴미디어를 활용한 한국 관

광 홍보사업도 추진 중입니다.

  또한 온라인 여행사와 공동으로 개최한 한국여

행 EXPO를 통해 방한 상품의 조기 판매를 추진

하는 등 코로나 이후 글로벌 관광시장을 선점하

기 위한 노력도 게을리하지 않고 있습니다.

  21쪽입니다.

  한국형 관광 ESG 구축입니다.

  최근 기업경영의 화두가 되고 있는 ESG 경영

을 관광에 접목하여 친환경 여행에 대한 인식을 

제고하고 친환경 여행 콘텐츠를 발굴․확대해 가

고 있으며 열린 관광지 등 관광 취약계층의 여행 

편의성 증대를 통한 사회적 가치를 실현하기 위

해 노력하고 있습니다. 또한 윤리․청렴 경영 실

천을 통해 국민의 신뢰도 제고에도 최선을 다하

겠습니다.

  이와 더불어 우리 공사는 코로나19 장기화에 

따른 관광업계의 피해 극복 지원과 지속 가능한 

경쟁력 확보를 최우선 과제로 삼고 공유 오피스 

등 관광기업에 대한 재무 지원, IT 인력 채용 지

원 등 여행업계의 디지털 역량 강화, 관광심리 

회복 및 안전여행 준비를 통한 국내외 관광시장 

조기 회복에 최선을 다하고 있습니다.

  끝으로 이번 정기국회를 맞아 위원님들의 고견

과 지적사항을 깊이 유념하여 코로나19 위기에 

슬기롭게 대처하고 한국 관광산업을 더욱 발전시

키기 위해 최선의 노력을 다하겠습니다.

  감사합니다.
","◯한국관광공사사장 안영배 안녕하십니까? 한국관광공사 사장 안영배입니다. 존경하는 문화체육관광위원회 이채익 위원장님 과 여러 위원님들을 모시고 2021년도 정기국회에 서 업무보고를 드리게 된 것에 대해 매우 뜻깊게 생각합니다. 우리 공사는 1962년 국제관광공사법을 근거로 설립되었으며 국제관광 진흥, 국내관광 진흥, 관 광자원 개발, 관광산업 연구.개발 등 관광산업 육성을 위한 다양한 업무를 수행하고 있습니다. 관광산업은 국제수지 개선, 고용 창출, 지역경 제 활성화 등 경제적 파급효과가 큰 대표적인 고 부가가치 산업이지만 지난해부터 시작된 코로나 로 인해 큰 어려움을 겪고 있습니다. 위원님들의 관심과 지원이 절실한 상황입니다. 지금부터 코로나19 위기 극복을 위한 공사의 주요사업을 보고드리겠습니다. 9쪽, 주요사업 방향입니다. 공사는 코로나 이후 미래 관광 선도 및 관광산 업의 경쟁력 강화를 위해 디지털 K-관광 추진, 관광기업 육성을 위한 투어벤처밸리 조성, 코로 나 상황하에서 뉴노멀 관광시장 선도, 방한 관광 시장 조기 회복, 한국형 관광 ESG 구축이라는 5 대 전략을 중심으로 사업을 추진하고 있습니다. 10쪽입니다. 디지털 K-관광 추진입니다. 공사는 코로나 이후 다가올 디지털 중심의 미래 관광 패러다임을 주도하기 위하여 관광 AI 선도 과제를 발굴하고, 디지털 기술 및 데이터에 기반 한 디지털 마케팅을 추진하는 한편 관광산업 전반 의 디지털 전환 및 확산을 추진하고 있습니다. 13쪽입니다. 관광기업 육성을 위한 K-투어벤처밸리 조성입 니다. 관광산업의 경쟁력 강화를 위해 관광벤처 창업 과 성장, 전통관광기업의 재도약을 지원하는 거점 으로서의 K-투어벤처밸리 조성을 위해 노력하고 있습니다. 이와 더불어 중소관광기업 혁신바우처 제공, 관광산업 포털과 관광기업지원센터와 같은 관광업계의 디지털 생태계 기반 구축 사업도 추 진하고 있습니다. 16쪽입니다. 뉴노멀 관광시장 선도입니다. 코로나 시대 대국민 안전여행문화 정착을 위한 대한민국 안심여행 캠페인 등 현장 방역 중심의 안심관광 체계를 구축해 나가고 있습니다. 또한 야간관광, 워케이션, 반려동물 여행 등 새로운 여 행문화를 선도하고 관광거점도시, 지역관광 추진 조직 등 지역관광 활성화를 위한 사업에도 힘쓰 고 있습니다. 19쪽입니다. 방한 관광시장 조기 회복입니다. 코로나 이후 한국 관광 브랜드 강화를 위해 ‘필 더 리듬 오브 코리아(Feel the Rhythm of Korea)’ 시즌2 사업의 일환으로 서산 ‘머드맥스’ 편 등 8 편의 홍보 영상을 제작하여 폭발적인 반응을 얻 고 있으며 손흥민 선수 등 유명인을 활용한 홍보 와 메타버스와 같은 뉴미디어를 활용한 한국 관 광 홍보사업도 추진 중입니다. 또한 온라인 여행사와 공동으로 개최한 한국여 행 EXPO를 통해 방한 상품의 조기 판매를 추진 하는 등 코로나 이후 글로벌 관광시장을 선점하 기 위한 노력도 게을리하지 않고 있습니다. 21쪽입니다. 한국형 관광 ESG 구축입니다. 최근 기업경영의 화두가 되고 있는 ESG 경영 을 관광에 접목하여 친환경 여행에 대한 인식을 제고하고 친환경 여행 콘텐츠를 발굴.확대해 가 고 있으며 열린 관광지 등 관광 취약계층의 여행 편의성 증대를 통한 사회적 가치를 실현하기 위 해 노력하고 있습니다. 또한 윤리.청렴 경영 실 천을 통해 국민의 신뢰도 제고에도 최선을 다하 겠습니다. 이와 더불어 우리 공사는 코로나19 장기화에 따른 관광업계의 피해 극복 지원과 지속 가능한 경쟁력 확보를 최우선 과제로 삼고 공유 오피스 등 관광기업에 대한 재무 지원, IT 인력 채용 지 원 등 여행업계의 디지털 역량 강화, 관광심리 회복 및 안전여행 준비를 통한 국내외 관광시장 조기 회복에 최선을 다하고 있습니다. 끝으로 이번 정기국회를 맞아 위원님들의 고견 과 지적사항을 깊이 유념하여 코로나19 위기에 슬기롭게 대처하고 한국 관광산업을 더욱 발전시 키기 위해 최선의 노력을 다하겠습니다. 감사합니다.","◯한국관광공사사장 안영배 안녕하십니까? 한국관광공사 사장 안영배입니다. 존경하는 문화체육관광위원회 이채익 위원장님 과 여러 위원님들을 모시고 2021년도 정기국회에 서 업무보고를 드리게 된 것에 대해 매우 뜻깊게 생각합니다. 우리 공사는 1962년 국제관광공사법을 근거로 설립되었으며 국제관광 진흥, 국내관광 진흥, 관 광자원 개발, 관광산업 연구.개발 등 관광산업 육성을 위한 다양한 업무를 수행하고 있습니다. 관광산업은 국제수지 개선, 고용 창출, 지역경 제 활성화 등 경제적 파급효과가 큰 대표적인 고 부가가치 산업이지만 지난해부터 시작된 코로나 로 인해 큰 어려움을 겪고 있습니다. 위원님들의 관심과 지원이 절실한 상황입니다. 지금부터 코로나19 위기 극복을 위한 공사의 주요사업을 보고드리겠습니다. 9쪽, 주요사업 방향입니다. 공사는 코로나 이후 미래 관광 선도 및 관광산 업의 경쟁력 강화를 위해 디지털 K-관광 추진, 관광기업 육성을 위한 투어벤처밸리 조성, 코로 나 상황하에서 뉴노멀 관광시장 선도, 방한 관광 시장 조기 회복, 한국형 관광 ESG 구축이라는 5 대 전략을 중심으로 사업을 추진하고 있습니다. 10쪽입니다. 디지털 K-관광 추진입니다. 공사는 코로나 이후 다가올 디지털 중심의 미래 관광 패러다임을 주도하기 위하여 관광 AI 선도 과제를 발굴하고, 디지털 기술 및 데이터에 기반 한 디지털 마케팅을 추진하는 한편 관광산업 전반 의 디지털 전환 및 확산을 추진하고 있습니다. 13쪽입니다. 관광기업 육성을 위한 K-투어벤처밸리 조성입 니다. 관광산업의 경쟁력 강화를 위해 관광벤처 창업 과 성장, 전통관광기업의 재도약을 지원하는 거점 으로서의 K-투어벤처밸리 조성을 위해 노력하고 있습니다. 이와 더불어 중소관광기업 혁신바우처 제공, 관광산업 포털과 관광기업지원센터와 같은 관광업계의 디지털 생태계 기반 구축 사업도 추 진하고 있습니다. 16쪽입니다. 뉴노멀 관광시장 선도입니다. 코로나 시대 대국민 안전여행문화 정착을 위한 대한민국 안심여행 캠페인 등 현장 방역 중심의 안심관광 체계를 구축해 나가고 있습니다. 또한 야간관광, 워케이션, 반려동물 여행 등 새로운 여 행문화를 선도하고 관광거점도시, 지역관광 추진 조직 등 지역관광 활성화를 위한 사업에도 힘쓰 고 있습니다. 19쪽입니다. 방한 관광시장 조기 회복입니다. 코로나 이후 한국 관광 브랜드 강화를 위해 ‘필 더 리듬 오브 코리아(Feel the Rhythm of Korea)’ 시즌2 사업의 일환으로 서산 ‘머드맥스’ 편 등 8 편의 홍보 영상을 제작하여 폭발적인 반응을 얻 고 있으며 손흥민 선수 등 유명인을 활용한 홍보 와 메타버스와 같은 뉴미디어를 활용한 한국 관 광 홍보사업도 추진 중입니다. 또한 온라인 여행사와 공동으로 개최한 한국여 행 EXPO를 통해 방한 상품의 조기 판매를 추진 하는 등 코로나 이후 글로벌 관광시장을 선점하 기 위한 노력도 게을리하지 않고 있습니다. 21쪽입니다. 한국형 관광 ESG 구축입니다. 최근 기업경영의 화두가 되고 있는 ESG 경영 을 관광에 접목하여 친환경 여행에 대한 인식을 제고하고 친환경 여행 콘텐츠를 발굴.확대해 가 고 있으며 열린 관광지 등 관광 취약계층의 여행 편의성 증대를 통한 사회적 가치를 실현하기 위 해 노력하고 있습니다. 또한 윤리.청렴 경영 실 천을 통해 국민의 신뢰도 제고에도 최선을 다하 겠습니다. 이와 더불어 우리 공사는 코로나19 장기화에 따른 관광업계의 피해 극복 지원과 지속 가능한 경쟁력 확보를 최우선 과제로 삼고 공유 오피스 등 관광기업에 대한 재무 지원, IT 인력 채용 지 원 등 여행업계의 디지털 역량 강화, 관광심리 회복 및 안전여행 준비를 통한 국내외 관광시장 조기 회복에 최선을 다하고 있습니다. 끝으로 이번 정기국회를 맞아 위원님들의 고견 과 지적사항을 깊이 유념하여 코로나19 위기에 슬기롭게 대처하고 한국 관광산업을 더욱 발전시 키기 위해 최선의 노력을 다하겠습니다. 감사합니다.","◯한국관광공사사장안영배안녕하십니까?한국관광공사사장안영배입니다.존경하는문화체육관광위원회이채익위원장님과여러위원님들을모시고2021년도정기국회에서업무보고를드리게된것에대해매우뜻깊게생각합니다.우리공사는1962년국제관광공사법을근거로설립되었으며국제관광진흥,국내관광진흥,관광자원개발,관광산업연구.개발등관광산업육성을위한다양한업무를수행하고있습니다.관광산업은국제수지개선,고용창출,지역경제활성화등경제적파급효과가큰대표적인고부가가치산업이지만지난해부터시작된코로나로인해큰어려움을겪고있습니다.위원님들의관심과지원이절실한상황입니다.지금부터코로나19위기극복을위한공사의주요사업을보고드리겠습니다.9쪽,주요사업방향입니다.공사는코로나이후미래관광선도및관광산업의경쟁력강화를위해디지털K-관광추진,관광기업육성을위한투어벤처밸리조성,코로나상황하에서뉴노멀관광시장선도,방한관광시장조기회복,한국형관광ESG구축이라는5대전략을중심으로사업을추진하고있습니다.10쪽입니다.디지털K-관광추진입니다.공사는코로나이후다가올디지털중심의미래관광패러다임을주도하기위하여관광AI선도과제를발굴하고,디지털기술및데이터에기반한디지털마케팅을추진하는한편관광산업전반의디지털전환및확산을추진하고있습니다.13쪽입니다.관광기업육성을위한K-투어벤처밸리조성입니다.관광산업의경쟁력강화를위해관광벤처창업과성장,전통관광기업의재도약을지원하는거점으로서의K-투어벤처밸리조성을위해노력하고있습니다.이와더불어중소관광기업혁신바우처제공,관광산업포털과관광기업지원센터와같은관광업계의디지털생태계기반구축사업도추진하고있습니다.16쪽입니다.뉴노멀관광시장선도입니다.코로나시대대국민안전여행문화정착을위한대한민국안심여행캠페인등현장방역중심의안심관광체계를구축해나가고있습니다.또한야간관광,워케이션,반려동물여행등새로운여행문화를선도하고관광거점도시,지역관광추진조직등지역관광활성화를위한사업에도힘쓰고있습니다.19쪽입니다.방한관광시장조기회복입니다.코로나이후한국관광브랜드강화를위해‘필더리듬오브코리아(FeeltheRhythmofKorea)’시즌2사업의일환으로서산‘머드맥스’편등8편의홍보영상을제작하여폭발적인반응을얻고있으며손흥민선수등유명인을활용한홍보와메타버스와같은뉴미디어를활용한한국관광홍보사업도추진중입니다.또한온라인여행사와공동으로개최한한국여행EXPO를통해방한상품의조기판매를추진하는등코로나이후글로벌관광시장을선점하기위한노력도게을리하지않고있습니다.21쪽입니다.한국형관광ESG구축입니다.최근기업경영의화두가되고있는ESG경영을관광에접목하여친환경여행에대한인식을제고하고친환경여행콘텐츠를발굴.확대해가고있으며열린관광지등관광취약계층의여행편의성증대를통한사회적가치를실현하기위해노력하고있습니다.또한윤리.청렴경영실천을통해국민의신뢰도제고에도최선을다하겠습니다.이와더불어우리공사는코로나19장기화에따른관광업계의피해극복지원과지속가능한경쟁력확보를최우선과제로삼고공유오피스등관광기업에대한재무지원,IT인력채용지원등여행업계의디지털역량강화,관광심리회복및안전여행준비를통한국내외관광시장조기회복에최선을다하고있습니다.끝으로이번정기국회를맞아위원님들의고견과지적사항을깊이유념하여코로나19위기에슬기롭게대처하고한국관광산업을더욱발전시키기위해최선의노력을다하겠습니다.감사합니다.",1942,31,0.9,0.7725,PASS,unreviewed,c565dcabb18695cfb60b2d47c4abcf8c6bc75877dbaf55de469d28ef812edf53,A6,,
ANS_052229_T00621_T00621,QA_052229_000238,052229,2022-10-05,MSP_052229_A34C4732,관박보균,부장,문화체육관광,agency_official,052229_T00621,052229_T00621,1,48,48,052229_0048_0058,052229_0048_0060,052229_SEG_TURN_00621,"◯문화체육관광부장관 박보균  예, 지금 말씀하

신 법정법인화는 필요한 조치라고 생각합니다. 구

체적인 내용은 따로 보고드리겠습니다.
","◯문화체육관광부장관 박보균 예, 지금 말씀하 신 법정법인화는 필요한 조치라고 생각합니다. 구 체적인 내용은 따로 보고드리겠습니다.","◯문화체육관광부장관 박보균 예, 지금 말씀하 신 법정법인화는 필요한 조치라고 생각합니다. 구 체적인 내용은 따로 보고드리겠습니다.","◯문화체육관광부장관박보균예,지금말씀하신법정법인화는필요한조치라고생각합니다.구체적인내용은따로보고드리겠습니다.",72,2,0.9,0.8975,PASS,unreviewed,0450b384da438bf1b36df2b8c9b1ebfbe3810ec4e6c7b4bda6c05ea80f998534,A6,,
ANS_052364_T01164_T01164,QA_052364_000463,052364,2022-10-18,MSP_052364_621ECA99,이은복,정책관,문화체육관광부예술,agency_official,052364_T01164,052364_T01164,1,64,64,052364_0064_0035,052364_0064_0036,052364_SEG_TURN_01164,"◯문화체육관광부예술정책관이은복
예, 들여다

보고잘살펴보고보고드리겠습니다.
","◯문화체육관광부예술정책관이은복 예, 들여다 보고잘살펴보고보고드리겠습니다.","◯문화체육관광부예술정책관이은복 예, 들여다 보고잘살펴보고보고드리겠습니다.","◯문화체육관광부예술정책관이은복예,들여다보고잘살펴보고보고드리겠습니다.",40,1,0.9,0.8975,PASS,unreviewed,24e44b19a47e5ddbc850bcafc3c85dacac911ce6417d273e36221377d29688d7,A6,,
ANS_052423_T00009_T00009,QA_052423_000001,052423,2022-10-13,MSP_052423_81E97153,채윤희,위원장,영상물등급,agency_head,052423_T00009,052423_T00009,1,4,5,052423_0004_0057,052423_0005_0049,052423_SEG_TURN_00009,"◯영상물등급위원장 채윤희  안녕하세요, 영상물

등급위원회 위원장 채윤희입니다. 

  존경하는 문화체육관광위원회 홍익표 위원장님

과 여러 위원님들께 업무보고를 드리고 사업 전

반에 대해 국정감사를 받게 된 것을 매우 뜻깊게 

생각합니다.

  영상물등급위원회는 영화 및 비디오물 등 영상

물에 대한 등급분류를 통하여 영상물의 공공성과 

윤리성을 확보하고 청소년을 보호하는 역할을 수

행하고 있습니다.

  특히 다양한 영상물이 소비되는 미디어 환경 

속에서 등급분류의 사회적 책임과 역할을 다하여 

국민들의 신뢰를 높이고 업계와 함께 상생할 수 

있는 등급분류제도로 개선하기 위해 꾸준히 노력

하고 있습니다. 

  먼저 준비된 자료를 통해 2022년도 영상물등급

위원회 업무현황을 간략하게 보고드리겠습니다.

  업무보고는 일반현황, 주요업무 추진현황 순입

니다. 위원회의 연혁과 조직 등을 소개하는 일반

현황은 2쪽부터 6쪽을 참고해 주시기 바랍니다.

  이어서 8쪽, 주요업무 추진현황을 설명드리겠

습니다. 

  우리 위원회는 기관 고유 목적사업인 등급분류 

업무를 비롯해 등급분류제도 연구, 교육 홍보, 사

후관리 사업을 추진하고 있습니다.

  첫째, 공정하고 객관적인 분야별 등급분류 수

행입니다.

  위원회는 분야별 소위원회 및 전문위원 회의 

운영을 통해 기관 핵심업무인 영상물 등의 등급

분류를 성실히 수행하고 있으며 올해 8월 말까지 

약 3만 4000여 건의 등급분류 및 추천 업무를 처

리하였습니다. 

  또한 고객 중심의 등급분류 서비스 제공을 강

화하고자 등급분류 신청 안내를 담은 비대면 매

뉴얼 숏폼 영상을 제작 중에 있으며 이용자들의 

등급자료 검색 편의를 향상시키고자 등급분류 통

합정보 검색서비스 구축을 올해 연말까지 추진할 

예정입니다.

  9쪽부터 11쪽, 매체환경 변화에 최적화된 등급

분류제도 연구 및 개선입니다.

  위원회는 인공지능 기술을 영상물 등급분류에 

접목시켜 영상 검토 및 사후관리 업무를 효율적

으로 수행할 수 있는 방안을 연구 중이며, 10쪽 

상단에 설명된 바와 같이 자체등급분류제도 도입

을 골자로 한 영화․비디오법 개정안이 국회를 

통과해 공포된 만큼 이와 관련한 하위법령 개정

방향 연구를 진행하고 있습니다.

  아울러 자체등급분류제도가 안정적으로 정착할 

수 있도록 사업 지원을 꼼꼼히 구상하고 설계하

기 위해 사무국장을 단장으로 한 내부 자체등급

분류추진단을 지난 9월 중순부터 운영해 오고 있

습니다. 

  다음은 12쪽에서 13쪽, 등급분류 인식 제고를 

위한 교육 홍보․강화입니다.

  위원회는 청소년 및 학부모 대상 영상물 바로

보기 프로그램 운영을 통해 등급분류제도와 취지

를 알리고 있으며 더욱이 올해는 연령별 교구를 

고도화하여 교육의 질적 향상을 도모하고 있습니

다. 또한 등급분류 체험 프로그램을 꾸준히 운영

하여 올해 8월 말까지 총 2000여 명이 넘는 시민

들이 등급분류를 체험하는 등 등급분류 인식 제

고를 위해 노력하고 있습니다.

  마지막으로 14쪽, 등급 정보 중심의 영상물 이

용문화 조성 및 사후 관리입니다.

  위원회는 전국 권역의 영상물시민모터단을 통

해 영상물 등에 대한 사후 모니터링을 실시하고 

있습니다. 온라인 비디오물 자체등급분류제도 시

행에 대비해 하반기 등급 적절성 모니터링 시범

운영을 준비 중이며, 예방적 사후관리의 효과를 

높이기 위해 업계를 대상으로 제도 안내와 소통

을 충실히 이행하고 있습니다.

  이상으로 2022년 주요업무 추진현황을 보고드

렸습니다.

  보다 자세한 내용은 배포해 드린 자료를 참고

해 주시기 바랍니다.

  올해 위원회는 등급분류와 관련해 2023년도 자

체등급분류제도 시행이라는 가장 큰 변화와 준비

를 앞두고 있습니다. 그런 만큼 위원님들께서 이

번 국정감사를 통해 지적해 주시는 고견을 업무

에 충실히 반영하여 영상물 이용 문화를 선도하

는 등급분류 서비스 기관으로 거듭나기 위해 최

선을 다하겠습니다.

  감사합니다.
","◯영상물등급위원장 채윤희 안녕하세요, 영상물 등급위원회 위원장 채윤희입니다. 존경하는 문화체육관광위원회 홍익표 위원장님 과 여러 위원님들께 업무보고를 드리고 사업 전 반에 대해 국정감사를 받게 된 것을 매우 뜻깊게 생각합니다. 영상물등급위원회는 영화 및 비디오물 등 영상 물에 대한 등급분류를 통하여 영상물의 공공성과 윤리성을 확보하고 청소년을 보호하는 역할을 수 행하고 있습니다. 특히 다양한 영상물이 소비되는 미디어 환경 속에서 등급분류의 사회적 책임과 역할을 다하여 국민들의 신뢰를 높이고 업계와 함께 상생할 수 있는 등급분류제도로 개선하기 위해 꾸준히 노력 하고 있습니다. 먼저 준비된 자료를 통해 2022년도 영상물등급 위원회 업무현황을 간략하게 보고드리겠습니다. 업무보고는 일반현황, 주요업무 추진현황 순입 니다. 위원회의 연혁과 조직 등을 소개하는 일반 현황은 2쪽부터 6쪽을 참고해 주시기 바랍니다. 이어서 8쪽, 주요업무 추진현황을 설명드리겠 습니다. 우리 위원회는 기관 고유 목적사업인 등급분류 업무를 비롯해 등급분류제도 연구, 교육 홍보, 사 후관리 사업을 추진하고 있습니다. 첫째, 공정하고 객관적인 분야별 등급분류 수 행입니다. 위원회는 분야별 소위원회 및 전문위원 회의 운영을 통해 기관 핵심업무인 영상물 등의 등급 분류를 성실히 수행하고 있으며 올해 8월 말까지 약 3만 4000여 건의 등급분류 및 추천 업무를 처 리하였습니다. 또한 고객 중심의 등급분류 서비스 제공을 강 화하고자 등급분류 신청 안내를 담은 비대면 매 뉴얼 숏폼 영상을 제작 중에 있으며 이용자들의 등급자료 검색 편의를 향상시키고자 등급분류 통 합정보 검색서비스 구축을 올해 연말까지 추진할 예정입니다. 9쪽부터 11쪽, 매체환경 변화에 최적화된 등급 분류제도 연구 및 개선입니다. 위원회는 인공지능 기술을 영상물 등급분류에 접목시켜 영상 검토 및 사후관리 업무를 효율적 으로 수행할 수 있는 방안을 연구 중이며, 10쪽 상단에 설명된 바와 같이 자체등급분류제도 도입 을 골자로 한 영화.비디오법 개정안이 국회를 통과해 공포된 만큼 이와 관련한 하위법령 개정 방향 연구를 진행하고 있습니다. 아울러 자체등급분류제도가 안정적으로 정착할 수 있도록 사업 지원을 꼼꼼히 구상하고 설계하 기 위해 사무국장을 단장으로 한 내부 자체등급 분류추진단을 지난 9월 중순부터 운영해 오고 있 습니다. 다음은 12쪽에서 13쪽, 등급분류 인식 제고를 위한 교육 홍보.강화입니다. 위원회는 청소년 및 학부모 대상 영상물 바로 보기 프로그램 운영을 통해 등급분류제도와 취지 를 알리고 있으며 더욱이 올해는 연령별 교구를 고도화하여 교육의 질적 향상을 도모하고 있습니 다. 또한 등급분류 체험 프로그램을 꾸준히 운영 하여 올해 8월 말까지 총 2000여 명이 넘는 시민 들이 등급분류를 체험하는 등 등급분류 인식 제 고를 위해 노력하고 있습니다. 마지막으로 14쪽, 등급 정보 중심의 영상물 이 용문화 조성 및 사후 관리입니다. 위원회는 전국 권역의 영상물시민모터단을 통 해 영상물 등에 대한 사후 모니터링을 실시하고 있습니다. 온라인 비디오물 자체등급분류제도 시 행에 대비해 하반기 등급 적절성 모니터링 시범 운영을 준비 중이며, 예방적 사후관리의 효과를 높이기 위해 업계를 대상으로 제도 안내와 소통 을 충실히 이행하고 있습니다. 이상으로 2022년 주요업무 추진현황을 보고드 렸습니다. 보다 자세한 내용은 배포해 드린 자료를 참고 해 주시기 바랍니다. 올해 위원회는 등급분류와 관련해 2023년도 자 체등급분류제도 시행이라는 가장 큰 변화와 준비 를 앞두고 있습니다. 그런 만큼 위원님들께서 이 번 국정감사를 통해 지적해 주시는 고견을 업무 에 충실히 반영하여 영상물 이용 문화를 선도하 는 등급분류 서비스 기관으로 거듭나기 위해 최 선을 다하겠습니다. 감사합니다.","◯영상물등급위원장 채윤희 안녕하세요, 영상물 등급위원회 위원장 채윤희입니다. 존경하는 문화체육관광위원회 홍익표 위원장님 과 여러 위원님들께 업무보고를 드리고 사업 전 반에 대해 국정감사를 받게 된 것을 매우 뜻깊게 생각합니다. 영상물등급위원회는 영화 및 비디오물 등 영상 물에 대한 등급분류를 통하여 영상물의 공공성과 윤리성을 확보하고 청소년을 보호하는 역할을 수 행하고 있습니다. 특히 다양한 영상물이 소비되는 미디어 환경 속에서 등급분류의 사회적 책임과 역할을 다하여 국민들의 신뢰를 높이고 업계와 함께 상생할 수 있는 등급분류제도로 개선하기 위해 꾸준히 노력 하고 있습니다. 먼저 준비된 자료를 통해 2022년도 영상물등급 위원회 업무현황을 간략하게 보고드리겠습니다. 업무보고는 일반현황, 주요업무 추진현황 순입 니다. 위원회의 연혁과 조직 등을 소개하는 일반 현황은 2쪽부터 6쪽을 참고해 주시기 바랍니다. 이어서 8쪽, 주요업무 추진현황을 설명드리겠 습니다. 우리 위원회는 기관 고유 목적사업인 등급분류 업무를 비롯해 등급분류제도 연구, 교육 홍보, 사 후관리 사업을 추진하고 있습니다. 첫째, 공정하고 객관적인 분야별 등급분류 수 행입니다. 위원회는 분야별 소위원회 및 전문위원 회의 운영을 통해 기관 핵심업무인 영상물 등의 등급 분류를 성실히 수행하고 있으며 올해 8월 말까지 약 3만 4000여 건의 등급분류 및 추천 업무를 처 리하였습니다. 또한 고객 중심의 등급분류 서비스 제공을 강 화하고자 등급분류 신청 안내를 담은 비대면 매 뉴얼 숏폼 영상을 제작 중에 있으며 이용자들의 등급자료 검색 편의를 향상시키고자 등급분류 통 합정보 검색서비스 구축을 올해 연말까지 추진할 예정입니다. 9쪽부터 11쪽, 매체환경 변화에 최적화된 등급 분류제도 연구 및 개선입니다. 위원회는 인공지능 기술을 영상물 등급분류에 접목시켜 영상 검토 및 사후관리 업무를 효율적 으로 수행할 수 있는 방안을 연구 중이며, 10쪽 상단에 설명된 바와 같이 자체등급분류제도 도입 을 골자로 한 영화.비디오법 개정안이 국회를 통과해 공포된 만큼 이와 관련한 하위법령 개정 방향 연구를 진행하고 있습니다. 아울러 자체등급분류제도가 안정적으로 정착할 수 있도록 사업 지원을 꼼꼼히 구상하고 설계하 기 위해 사무국장을 단장으로 한 내부 자체등급 분류추진단을 지난 9월 중순부터 운영해 오고 있 습니다. 다음은 12쪽에서 13쪽, 등급분류 인식 제고를 위한 교육 홍보.강화입니다. 위원회는 청소년 및 학부모 대상 영상물 바로 보기 프로그램 운영을 통해 등급분류제도와 취지 를 알리고 있으며 더욱이 올해는 연령별 교구를 고도화하여 교육의 질적 향상을 도모하고 있습니 다. 또한 등급분류 체험 프로그램을 꾸준히 운영 하여 올해 8월 말까지 총 2000여 명이 넘는 시민 들이 등급분류를 체험하는 등 등급분류 인식 제 고를 위해 노력하고 있습니다. 마지막으로 14쪽, 등급 정보 중심의 영상물 이 용문화 조성 및 사후 관리입니다. 위원회는 전국 권역의 영상물시민모터단을 통 해 영상물 등에 대한 사후 모니터링을 실시하고 있습니다. 온라인 비디오물 자체등급분류제도 시 행에 대비해 하반기 등급 적절성 모니터링 시범 운영을 준비 중이며, 예방적 사후관리의 효과를 높이기 위해 업계를 대상으로 제도 안내와 소통 을 충실히 이행하고 있습니다. 이상으로 2022년 주요업무 추진현황을 보고드 렸습니다. 보다 자세한 내용은 배포해 드린 자료를 참고 해 주시기 바랍니다. 올해 위원회는 등급분류와 관련해 2023년도 자 체등급분류제도 시행이라는 가장 큰 변화와 준비 를 앞두고 있습니다. 그런 만큼 위원님들께서 이 번 국정감사를 통해 지적해 주시는 고견을 업무 에 충실히 반영하여 영상물 이용 문화를 선도하 는 등급분류 서비스 기관으로 거듭나기 위해 최 선을 다하겠습니다. 감사합니다.","◯영상물등급위원장채윤희안녕하세요,영상물등급위원회위원장채윤희입니다.존경하는문화체육관광위원회홍익표위원장님과여러위원님들께업무보고를드리고사업전반에대해국정감사를받게된것을매우뜻깊게생각합니다.영상물등급위원회는영화및비디오물등영상물에대한등급분류를통하여영상물의공공성과윤리성을확보하고청소년을보호하는역할을수행하고있습니다.특히다양한영상물이소비되는미디어환경속에서등급분류의사회적책임과역할을다하여국민들의신뢰를높이고업계와함께상생할수있는등급분류제도로개선하기위해꾸준히노력하고있습니다.먼저준비된자료를통해2022년도영상물등급위원회업무현황을간략하게보고드리겠습니다.업무보고는일반현황,주요업무추진현황순입니다.위원회의연혁과조직등을소개하는일반현황은2쪽부터6쪽을참고해주시기바랍니다.이어서8쪽,주요업무추진현황을설명드리겠습니다.우리위원회는기관고유목적사업인등급분류업무를비롯해등급분류제도연구,교육홍보,사후관리사업을추진하고있습니다.첫째,공정하고객관적인분야별등급분류수행입니다.위원회는분야별소위원회및전문위원회의운영을통해기관핵심업무인영상물등의등급분류를성실히수행하고있으며올해8월말까지약3만4000여건의등급분류및추천업무를처리하였습니다.또한고객중심의등급분류서비스제공을강화하고자등급분류신청안내를담은비대면매뉴얼숏폼영상을제작중에있으며이용자들의등급자료검색편의를향상시키고자등급분류통합정보검색서비스구축을올해연말까지추진할예정입니다.9쪽부터11쪽,매체환경변화에최적화된등급분류제도연구및개선입니다.위원회는인공지능기술을영상물등급분류에접목시켜영상검토및사후관리업무를효율적으로수행할수있는방안을연구중이며,10쪽상단에설명된바와같이자체등급분류제도도입을골자로한영화.비디오법개정안이국회를통과해공포된만큼이와관련한하위법령개정방향연구를진행하고있습니다.아울러자체등급분류제도가안정적으로정착할수있도록사업지원을꼼꼼히구상하고설계하기위해사무국장을단장으로한내부자체등급분류추진단을지난9월중순부터운영해오고있습니다.다음은12쪽에서13쪽,등급분류인식제고를위한교육홍보.강화입니다.위원회는청소년및학부모대상영상물바로보기프로그램운영을통해등급분류제도와취지를알리고있으며더욱이올해는연령별교구를고도화하여교육의질적향상을도모하고있습니다.또한등급분류체험프로그램을꾸준히운영하여올해8월말까지총2000여명이넘는시민들이등급분류를체험하는등등급분류인식제고를위해노력하고있습니다.마지막으로14쪽,등급정보중심의영상물이용문화조성및사후관리입니다.위원회는전국권역의영상물시민모터단을통해영상물등에대한사후모니터링을실시하고있습니다.온라인비디오물자체등급분류제도시행에대비해하반기등급적절성모니터링시범운영을준비중이며,예방적사후관리의효과를높이기위해업계를대상으로제도안내와소통을충실히이행하고있습니다.이상으로2022년주요업무추진현황을보고드렸습니다.보다자세한내용은배포해드린자료를참고해주시기바랍니다.올해위원회는등급분류와관련해2023년도자체등급분류제도시행이라는가장큰변화와준비를앞두고있습니다.그런만큼위원님들께서이번국정감사를통해지적해주시는고견을업무에충실히반영하여영상물이용문화를선도하는등급분류서비스기관으로거듭나기위해최선을다하겠습니다.감사합니다.",1872,26,0.9,0.7725,PASS,unreviewed,5927fa72e3dcd939eb331a7131ddfb9a445ccd66aff6b2a752f5f4aef2725501,A6,,
ANS_053329_T00057_T00057,QA_053329_000006,053329,2023-10-10,MSP_053329_B01AB979,관유인촌,부장,문화체육관광,agency_official,053329_T00057,053329_T00057,1,7,7,053329_0007_0053,053329_0007_0069,053329_SEG_TURN_00057,"◯문화체육관광부장관 유인촌  예. 이 부분 앞에 

말씀드린 것처럼 아마 대통령실 문제는 대통령실 

자체에서 나름대로 대통령에 관련된 그런 동선이

나 여러 가지는 일단 보안을 먼저 얘기하고 있기 

때문에 사실은 저희 입장에서 계속 얘기를 하기

가 어려운 입장이 아니었나 이렇게 생각을 합니

다.

  현재 제 입장으로서는 대통령실하고 협의를 해 

볼 수밖에 없는 것이지요. 지금 이 자리에서 제

가 할 수 있다 없다를 바로 대답하기가 조금 어

렵다고 생각을 하고요.

  그러니까 우리 문화부 자체만의 일이라면 언제

든지 자료제출이 가능한 것 같은데 결국은 범정

부 전체적인 TF 관련된 문제나 이런 것도 사실

은 자체적으로 문화부가 결정하기는 조금 어렵지 

않나, 그래서 아마 자료제출 안 된 것이 아닌가 

이렇게 생각합니다.
","◯문화체육관광부장관 유인촌 예. 이 부분 앞에 말씀드린 것처럼 아마 대통령실 문제는 대통령실 자체에서 나름대로 대통령에 관련된 그런 동선이 나 여러 가지는 일단 보안을 먼저 얘기하고 있기 때문에 사실은 저희 입장에서 계속 얘기를 하기 가 어려운 입장이 아니었나 이렇게 생각을 합니 다. 현재 제 입장으로서는 대통령실하고 협의를 해 볼 수밖에 없는 것이지요. 지금 이 자리에서 제 가 할 수 있다 없다를 바로 대답하기가 조금 어 렵다고 생각을 하고요. 그러니까 우리 문화부 자체만의 일이라면 언제 든지 자료제출이 가능한 것 같은데 결국은 범정 부 전체적인 TF 관련된 문제나 이런 것도 사실 은 자체적으로 문화부가 결정하기는 조금 어렵지 않나, 그래서 아마 자료제출 안 된 것이 아닌가 이렇게 생각합니다.","◯문화체육관광부장관 유인촌 예. 이 부분 앞에 말씀드린 것처럼 아마 대통령실 문제는 대통령실 자체에서 나름대로 대통령에 관련된 그런 동선이 나 여러 가지는 일단 보안을 먼저 얘기하고 있기 때문에 사실은 저희 입장에서 계속 얘기를 하기 가 어려운 입장이 아니었나 이렇게 생각을 합니 다. 현재 제 입장으로서는 대통령실하고 협의를 해 볼 수밖에 없는 것이지요. 지금 이 자리에서 제 가 할 수 있다 없다를 바로 대답하기가 조금 어 렵다고 생각을 하고요. 그러니까 우리 문화부 자체만의 일이라면 언제 든지 자료제출이 가능한 것 같은데 결국은 범정 부 전체적인 TF 관련된 문제나 이런 것도 사실 은 자체적으로 문화부가 결정하기는 조금 어렵지 않나, 그래서 아마 자료제출 안 된 것이 아닌가 이렇게 생각합니다.","◯문화체육관광부장관유인촌예.이부분앞에말씀드린것처럼아마대통령실문제는대통령실자체에서나름대로대통령에관련된그런동선이나여러가지는일단보안을먼저얘기하고있기때문에사실은저희입장에서계속얘기를하기가어려운입장이아니었나이렇게생각을합니다.현재제입장으로서는대통령실하고협의를해볼수밖에없는것이지요.지금이자리에서제가할수있다없다를바로대답하기가조금어렵다고생각을하고요.그러니까우리문화부자체만의일이라면언제든지자료제출이가능한것같은데결국은범정부전체적인TF관련된문제나이런것도사실은자체적으로문화부가결정하기는조금어렵지않나,그래서아마자료제출안된것이아닌가이렇게생각합니다.",393,5,0.9,0.7725,PASS,unreviewed,5ade1f2c9d7b98b3ed58990759ee53bbde4e0cd911a7b753d8a45413b1e30d4a,A6,,
ANS_053357_T00514_T00514,QA_053357_000232,053357,2023-10-19,MSP_053357_F6FB46DB,김장호,원장,해외문화홍보,agency_head,053357_T00514,053357_T00514,1,30,30,053357_0030_0060,053357_0030_0061,053357_SEG_TURN_00514,"◯해외문화홍보원장 김장호  제가 확인을 해서 

별도로 한번 보고드리겠습니다. 
",◯해외문화홍보원장 김장호 제가 확인을 해서 별도로 한번 보고드리겠습니다.,◯해외문화홍보원장 김장호 제가 확인을 해서 별도로 한번 보고드리겠습니다.,◯해외문화홍보원장김장호제가확인을해서별도로한번보고드리겠습니다.,40,1,0.9,0.8975,PASS,unreviewed,414f878755c98f869d14e17384a9c5bef58d030d6e7cd94d791bd66cb6d9ba8b,A6,,
ANS_054345_T02291_T02291,QA_054345_000942,054345,2024-10-15,MSP_054345_E952749B,김영산,사장,그랜드코리아레저(주),agency_head,054345_T02291,054345_T02291,1,163,163,054345_0163_0001,054345_0163_0003,054345_SEG_TURN_02291,"◯그랜드코리아레저㈜사장김영산
지금물어보고있고요. 여러가지저희가계약하는

게많습니다, 굉장히. 1년에한240억정도계약을하는데지금현재파악하고, 오늘은

보고못드리고요조속한시일내에보고드리겠습니다.
","◯그랜드코리아레저(주)사장김영산 지금물어보고있고요. 여러가지저희가계약하는 게많습니다, 굉장히. 1년에한240억정도계약을하는데지금현재파악하고, 오늘은 보고못드리고요조속한시일내에보고드리겠습니다.","◯그랜드코리아레저(주)사장김영산 지금물어보고있고요. 여러가지저희가계약하는 게많습니다, 굉장히. 1년에한240억정도계약을하는데지금현재파악하고, 오늘은 보고못드리고요조속한시일내에보고드리겠습니다.","◯그랜드코리아레저(주)사장김영산지금물어보고있고요.여러가지저희가계약하는게많습니다,굉장히.1년에한240억정도계약을하는데지금현재파악하고,오늘은보고못드리고요조속한시일내에보고드리겠습니다.",106,3,0.9,0.8975,PASS,unreviewed,0b4da3826fa3b0f4b9242f0482e07aa83c37eb939fc6e82a4c0f8b34aed3bc9a,A6,,
ANS_054345_T02350_T02350,QA_054345_000958,054345,2024-10-15,MSP_054345_4652CCE4,이은우,원장,한국정책방송,agency_head,054345_T02350,054345_T02350,1,167,167,054345_0167_0036,054345_0167_0036,054345_SEG_TURN_02350,"◯한국정책방송원장이은우
자료제출하겠습니다.
",◯한국정책방송원장이은우 자료제출하겠습니다.,◯한국정책방송원장이은우 자료제출하겠습니다.,◯한국정책방송원장이은우자료제출하겠습니다.,23,1,0.9,0.8975,PASS,unreviewed,b9369b7d28bfff18eabad10104573780e2cd7721f6311b7239ba8998db62a82d,A6,,
ANS_054519_T00516_T00516,QA_054519_000231,054519,2024-10-18,MSP_054519_2F3E6071,김재홍,관장,국립중앙박물,agency_head,054519_T00516,054519_T00516,1,42,42,054519_0042_0023,054519_0042_0023,054519_SEG_TURN_00516,"◯국립중앙박물관장김재홍
예, 하고즉시제가보고드리겠습니다.
","◯국립중앙박물관장김재홍 예, 하고즉시제가보고드리겠습니다.","◯국립중앙박물관장김재홍 예, 하고즉시제가보고드리겠습니다.","◯국립중앙박물관장김재홍예,하고즉시제가보고드리겠습니다.",31,1,0.9,0.8975,PASS,unreviewed,b154bf7332e3f0216b2dbf6f0c7bf5389d558c8dd81c4289e3210727337a3929,A6,,
ANS_054519_T00865_T00865,QA_054519_000393,054519,2024-10-18,MSP_054519_D391730D,정병국,위원장,한국문화예술,agency_head,054519_T00865,054519_T00865,1,65,65,054519_0065_0035,054519_0065_0037,054519_SEG_TURN_00865,"◯한국문화예술위원장정병국
이게어떤자료인지모르겠는데지금제가가지고있

는…… 죄송합니다. 이게제가정확하게, 이자료를어떤자료를제출해야되는지잘모

르겠는데요. 제가가지고있는걸보면2022년도에는……
","◯한국문화예술위원장정병국 이게어떤자료인지모르겠는데지금제가가지고있 는...... 죄송합니다. 이게제가정확하게, 이자료를어떤자료를제출해야되는지잘모 르겠는데요. 제가가지고있는걸보면2022년도에는......","◯한국문화예술위원장정병국 이게어떤자료인지모르겠는데지금제가가지고있 는...... 죄송합니다. 이게제가정확하게, 이자료를어떤자료를제출해야되는지잘모 르겠는데요. 제가가지고있는걸보면2022년도에는......","◯한국문화예술위원장정병국이게어떤자료인지모르겠는데지금제가가지고있는......죄송합니다.이게제가정확하게,이자료를어떤자료를제출해야되는지잘모르겠는데요.제가가지고있는걸보면2022년도에는......",111,4,0.9,0.8975,PASS,unreviewed,a32efe4236cda05feea276d61f9502f2c05bda95d5a5fb6714a01e87211aa31d,A6,,
ANS_054576_T01039_T01039,QA_054576_000440,054576,2024-10-22,MSP_054576_BFA6E97C,김종민,증인,,witness,054576_T01039,054576_T01039,1,74,74,054576_0074_0025,054576_0074_0026,054576_SEG_TURN_01039,"◯증인김종민
예, 그렇습니다. 오늘선택된공선택씨가찾아왔었습니다. 그것은저희

가자료제출한걸로아는데……
","◯증인김종민 예, 그렇습니다. 오늘선택된공선택씨가찾아왔었습니다. 그것은저희 가자료제출한걸로아는데......","◯증인김종민 예, 그렇습니다. 오늘선택된공선택씨가찾아왔었습니다. 그것은저희 가자료제출한걸로아는데......","◯증인김종민예,그렇습니다.오늘선택된공선택씨가찾아왔었습니다.그것은저희가자료제출한걸로아는데......",59,3,0.9,0.8975,PASS,unreviewed,93424f5c5e34624f627ded3d651069afe8218cc3bb1103f58883573de140023e,A6,,
ANS_054622_T00114_T00114,QA_054622_000031,054622,2024-10-24,MSP_054622_A5A44A0D,황성운,실장,문화체육관광부기획조정,agency_official,054622_T00114,054622_T00114,1,17,17,054622_0017_0020,054622_0017_0022,054622_SEG_TURN_00114,"◯문화체육관광부기획조정실장황성운
그러니까자료는공유를했습니다. 저희가직접

보고를, 제가직접보고를한적은없습니다. 그런데보통은행사기획을하면사전에일

정이런거는회의자료를제출하고하기때문에……
","◯문화체육관광부기획조정실장황성운 그러니까자료는공유를했습니다. 저희가직접 보고를, 제가직접보고를한적은없습니다. 그런데보통은행사기획을하면사전에일 정이런거는회의자료를제출하고하기때문에......","◯문화체육관광부기획조정실장황성운 그러니까자료는공유를했습니다. 저희가직접 보고를, 제가직접보고를한적은없습니다. 그런데보통은행사기획을하면사전에일 정이런거는회의자료를제출하고하기때문에......","◯문화체육관광부기획조정실장황성운그러니까자료는공유를했습니다.저희가직접보고를,제가직접보고를한적은없습니다.그런데보통은행사기획을하면사전에일정이런거는회의자료를제출하고하기때문에......",104,3,0.9,0.8975,PASS,unreviewed,c27491110ac924c159f4056e8eaa360f665889401e3cda7e53bd66d1500158a8,A6,,
ANS_N053480_T02009_T02009,QA_N053480_000758,N053480,2025-10-20,MSP_N053480_4CA8610C,윤두현,사장,그랜드코리아레저(주),agency_head,N053480_T02009,N053480_T02009,1,142,142,N053480_0142_0032,N053480_0142_0036,N053480_SEG_TURN_02009,"◯그랜드코리아레저㈜사장윤두현
자료제출은불리할것은전혀없습니다. 그런데임원

추천위원회위원장과위원들이사인을해서봉인을했다고합니다. 저도그건보지를못

했어요. 그런데그부분에대해서는방금도말씀하신것처럼회사의입장은위원장과위

원들이모여서의결을해야그걸열수있다라고하는겁니다. 그런데그부분에대해

서……
",◯그랜드코리아레저(주)사장윤두현 자료제출은불리할것은전혀없습니다. 그런데임원 추천위원회위원장과위원들이사인을해서봉인을했다고합니다. 저도그건보지를못 했어요. 그런데그부분에대해서는방금도말씀하신것처럼회사의입장은위원장과위 원들이모여서의결을해야그걸열수있다라고하는겁니다. 그런데그부분에대해 서......,◯그랜드코리아레저(주)사장윤두현 자료제출은불리할것은전혀없습니다. 그런데임원 추천위원회위원장과위원들이사인을해서봉인을했다고합니다. 저도그건보지를못 했어요. 그런데그부분에대해서는방금도말씀하신것처럼회사의입장은위원장과위 원들이모여서의결을해야그걸열수있다라고하는겁니다. 그런데그부분에대해 서......,◯그랜드코리아레저(주)사장윤두현자료제출은불리할것은전혀없습니다.그런데임원추천위원회위원장과위원들이사인을해서봉인을했다고합니다.저도그건보지를못했어요.그런데그부분에대해서는방금도말씀하신것처럼회사의입장은위원장과위원들이모여서의결을해야그걸열수있다라고하는겁니다.그런데그부분에대해서......,161,5,0.9,0.8975,PASS,unreviewed,cf06b362aab52527b6c1639e70d2f2e4919855ec0a64219b7d9be1b1dc14e64f,A6,,
ANS_N053481_T00499_T00499,QA_N053481_000229,N053481,2025-10-16,MSP_N053481_C33CDEBC,허민,청장,국가유산,agency_head,N053481_T00499,N053481_T00499,1,40,40,N053481_0040_0019,N053481_0040_0030,N053481_SEG_TURN_00499,"◯국가유산청장허민
중요한지적을해주셔서감사합니다.

사실지금일제강제동원에대한국내에있는사업장만해도7647개로파악되고있고

요. 일본기업1144개가한반도내에서강제노역을했다고나와있어서저희도여기에

대해서내년부터, 올후반철저히준비를시작했습니다.

그래서앞으로군함도나사도광산같은문제도있겠지만첫째로우리내부에있는, 우

리나라에있는강제노동이나강제동원사례에대해서발굴해서강제노동, 강제에대해

좀더나아가면유네스코세계기록유산까지한번해보려는그런것까지하고있는데,

우선은준비를해서요우리나라에강제동원사례가이렇게많은것에대해서철저히조

사해서보고드리겠습니다.

(발언시간초과로마이크중단)

…………………………………………………………………………………………………………

(마이크중단이후계속발언한부분)
","◯국가유산청장허민 중요한지적을해주셔서감사합니다. 사실지금일제강제동원에대한국내에있는사업장만해도7647개로파악되고있고 요. 일본기업1144개가한반도내에서강제노역을했다고나와있어서저희도여기에 대해서내년부터, 올후반철저히준비를시작했습니다. 그래서앞으로군함도나사도광산같은문제도있겠지만첫째로우리내부에있는, 우 리나라에있는강제노동이나강제동원사례에대해서발굴해서강제노동, 강제에대해 좀더나아가면유네스코세계기록유산까지한번해보려는그런것까지하고있는데, 우선은준비를해서요우리나라에강제동원사례가이렇게많은것에대해서철저히조 사해서보고드리겠습니다. (발언시간초과로마이크중단) ........................................................................................................................ (마이크중단이후계속발언한부분)","◯국가유산청장허민 중요한지적을해주셔서감사합니다. 사실지금일제강제동원에대한국내에있는사업장만해도7647개로파악되고있고 요. 일본기업1144개가한반도내에서강제노역을했다고나와있어서저희도여기에 대해서내년부터, 올후반철저히준비를시작했습니다. 그래서앞으로군함도나사도광산같은문제도있겠지만첫째로우리내부에있는, 우 리나라에있는강제노동이나강제동원사례에대해서발굴해서강제노동, 강제에대해 좀더나아가면유네스코세계기록유산까지한번해보려는그런것까지하고있는데, 우선은준비를해서요우리나라에강제동원사례가이렇게많은것에대해서철저히조 사해서보고드리겠습니다. (발언시간초과로마이크중단) ........................................................................................................................ (마이크중단이후계속발언한부분)","◯국가유산청장허민중요한지적을해주셔서감사합니다.사실지금일제강제동원에대한국내에있는사업장만해도7647개로파악되고있고요.일본기업1144개가한반도내에서강제노역을했다고나와있어서저희도여기에대해서내년부터,올후반철저히준비를시작했습니다.그래서앞으로군함도나사도광산같은문제도있겠지만첫째로우리내부에있는,우리나라에있는강제노동이나강제동원사례에대해서발굴해서강제노동,강제에대해좀더나아가면유네스코세계기록유산까지한번해보려는그런것까지하고있는데,우선은준비를해서요우리나라에강제동원사례가이렇게많은것에대해서철저히조사해서보고드리겠습니다.(발언시간초과로마이크중단)........................................................................................................................(마이크중단이후계속발언한부분)",441,6,0.9,0.8975,PASS,unreviewed,10d48bb1ce00473b8264398d09680e3ddf0443bc464fae7f981196dfc390f534,A6,,
ANS_N053481_T01415_T01415,QA_N053481_000626,N053481,2025-10-16,MSP_N053481_C33CDEBC,허민,청장,국가유산,agency_head,N053481_T01415,N053481_T01415,1,117,117,N053481_0117_0014,N053481_0117_0014,N053481_SEG_TURN_01415,"◯국가유산청장허민
예, 바로보고드리겠습니다.
","◯국가유산청장허민 예, 바로보고드리겠습니다.","◯국가유산청장허민 예, 바로보고드리겠습니다.","◯국가유산청장허민예,바로보고드리겠습니다.",24,1,0.9,0.8975,PASS,unreviewed,378718b7bd01e208035e4d05859b522932dc5d02978a7f19963c88a42cc81a78,A6,,
ANS_N053485_T00450_T00450,QA_N053485_000157,N053485,2025-10-27,MSP_N053485_07C95173,유승민,회장,대한체육,agency_head,N053485_T00450,N053485_T00450,1,43,43,N053485_0043_0030,N053485_0043_0030,N053485_SEG_TURN_00450,"◯대한체육회장유승민
자료제출하겠습니다.
",◯대한체육회장유승민 자료제출하겠습니다.,◯대한체육회장유승민 자료제출하겠습니다.,◯대한체육회장유승민자료제출하겠습니다.,21,1,0.9,0.8975,PASS,unreviewed,c4b16a03c7667714a27e6a268cd513f78563dc04687368188db1763a7a116731,A6,,
ANS_N053485_T00834_T00834,QA_N053485_000263,N053485,2025-10-27,MSP_N053485_07C95173,유승민,회장,대한체육,agency_head,N053485_T00834,N053485_T00834,1,72,72,N053485_0072_0008,N053485_0072_0009,N053485_SEG_TURN_00834,"◯대한체육회장유승민
예, 의원실로개별보고드리겠습니다.

…………………………………………………………………………………………………………
","◯대한체육회장유승민 예, 의원실로개별보고드리겠습니다. ........................................................................................................................","◯대한체육회장유승민 예, 의원실로개별보고드리겠습니다. ........................................................................................................................","◯대한체육회장유승민예,의원실로개별보고드리겠습니다.........................................................................................................................",150,2,0.9,0.8975,PASS,unreviewed,cded50d79661264505b67074d2dd2f3f37cbb2f677f86dd34e51628781e39f9f,A6,,
ANS_N053485_T01635_T01635,QA_N053485_000533,N053485,2025-10-27,MSP_N053485_07C95173,유승민,회장,대한체육,agency_head,N053485_T01635,N053485_T01635,1,124,124,N053485_0124_0027,N053485_0124_0028,N053485_SEG_TURN_01635,"◯대한체육회장유승민
예, 최대한빨리정리해서보고드리겠습니다.

…………………………………………………………………………………………………………
","◯대한체육회장유승민 예, 최대한빨리정리해서보고드리겠습니다. ........................................................................................................................","◯대한체육회장유승민 예, 최대한빨리정리해서보고드리겠습니다. ........................................................................................................................","◯대한체육회장유승민예,최대한빨리정리해서보고드리겠습니다.........................................................................................................................",153,2,0.9,0.8975,PASS,unreviewed,d1100d8362f55ac3fe87a719134a33d6d833b453a0ffbf5cfb18159c665f27de,A6,,
ANS_N053485_T01733_T01733,QA_N053485_000580,N053485,2025-10-27,MSP_N053485_FF2581A0,강수상,국장,문화체육관광부체육,agency_official,N053485_T01733,N053485_T01733,1,129,129,N053485_0129_0039,N053485_0129_0039,N053485_SEG_TURN_01733,"◯문화체육관광부체육국장강수상
예, 파악해서보고드리겠습니다.
","◯문화체육관광부체육국장강수상 예, 파악해서보고드리겠습니다.","◯문화체육관광부체육국장강수상 예, 파악해서보고드리겠습니다.","◯문화체육관광부체육국장강수상예,파악해서보고드리겠습니다.",32,1,0.9,0.8975,PASS,unreviewed,1f6a93454283dc7498c9fbaefa5fe8107e0e307b12d3151eeb8dadb766d76dbe,A6,,
ANS_N053487_T00065_T00065,QA_N053487_000021,N053487,2025-10-29,MSP_N053487_F878D50A,정용재,관장,국립고궁박물,agency_head,N053487_T00065,N053487_T00065,1,11,11,N053487_0011_0022,N053487_0011_0024,N053487_SEG_TURN_00065,"◯국립고궁박물관장정용재
예, 초기에저희가자료제출했을때문체비서관실이라고표

현했는데요. 2월27일날운영기획과장이대통령실로부터연락을받고사전에저희직원

들에게김건희여사의방문을준비하라고하는메일을저희가어제확인했습니다.
","◯국립고궁박물관장정용재 예, 초기에저희가자료제출했을때문체비서관실이라고표 현했는데요. 2월27일날운영기획과장이대통령실로부터연락을받고사전에저희직원 들에게김건희여사의방문을준비하라고하는메일을저희가어제확인했습니다.","◯국립고궁박물관장정용재 예, 초기에저희가자료제출했을때문체비서관실이라고표 현했는데요. 2월27일날운영기획과장이대통령실로부터연락을받고사전에저희직원 들에게김건희여사의방문을준비하라고하는메일을저희가어제확인했습니다.","◯국립고궁박물관장정용재예,초기에저희가자료제출했을때문체비서관실이라고표현했는데요.2월27일날운영기획과장이대통령실로부터연락을받고사전에저희직원들에게김건희여사의방문을준비하라고하는메일을저희가어제확인했습니다.",114,2,0.9,0.8975,PASS,unreviewed,9f1c907dabbb39eadd1f5b3d76c785a88e6babc3f9e7a6a9d9cee073538eeaa7,A6,,
ANS_N053487_T01620_T01620,QA_N053487_000596,N053487,2025-10-29,MSP_N053487_F878D50A,정용재,관장,국립고궁박물,agency_head,N053487_T01620,N053487_T01620,1,129,129,N053487_0129_0018,N053487_0129_0021,N053487_SEG_TURN_01620,"◯국립고궁박물관장정용재
지금말씀하신사항으로저희가목요일날이사항을인지

하고금요일부터경위를조사해서국회에요구자료를제출했습니다. 그리고어제, 월요

일화요일계속지속적으로이사항들을저희가확인하고지금조사하고있는단계인데

요.
","◯국립고궁박물관장정용재 지금말씀하신사항으로저희가목요일날이사항을인지 하고금요일부터경위를조사해서국회에요구자료를제출했습니다. 그리고어제, 월요 일화요일계속지속적으로이사항들을저희가확인하고지금조사하고있는단계인데 요.","◯국립고궁박물관장정용재 지금말씀하신사항으로저희가목요일날이사항을인지 하고금요일부터경위를조사해서국회에요구자료를제출했습니다. 그리고어제, 월요 일화요일계속지속적으로이사항들을저희가확인하고지금조사하고있는단계인데 요.","◯국립고궁박물관장정용재지금말씀하신사항으로저희가목요일날이사항을인지하고금요일부터경위를조사해서국회에요구자료를제출했습니다.그리고어제,월요일화요일계속지속적으로이사항들을저희가확인하고지금조사하고있는단계인데요.",115,2,0.9,0.7725,PASS,unreviewed,5161a4b1a62df312e87a896e0f9cccefe92fd62b3f58e2c1547d0c4236a871e1,A6,,
ANS_050308_T00893_T00893,QA_050308_000312,050308,2020-10-07,MSP_050308_64CA9D06,관박양우,부장,문화체육관광,agency_official,050308_T00893,050308_T00893,1,80,80,050308_0080_0029,050308_0080_0047,050308_SEG_TURN_00893,"◯문화체육관광부장관박양우
사실은전혀가만

히있는게아니고요. 저희들이한9조원정도

매출이감소가됐지요, 위원님아까자료주신

것처럼.

그런데저희들이그동안의지원방안을통해서

약한9337억원규모의기금융자또일자리, 재

정지원을이것을펴왔거든요. 지금9월말기

준으로해서융자는7441억원이집행되었고요.

그다음에여행업이나관광․숙박업, 국제회의업

등관광산업, 특별고용지원업종으로지정이되어

서내년3월까지연장하도록저희들이조치를취

하고있습니다. 또앞으로400억원규모의특별

융자도더저희들자체로할것이고요.

그다음에이번에4차추경에저희들이지원금

지급하는것규모가4조4000억아니겠습니까?

여기에저희들이추정하기로는8.6%에해당되는

3785억원정도가어떻든우리문화․체육․관광

이쪽분야에쓸것으로보이고요. 융자쪽도한

3000억정도가이렇게쓸것으로저희들은보고
있습니다.
","◯문화체육관광부장관박양우 사실은전혀가만 히있는게아니고요. 저희들이한9조원정도 매출이감소가됐지요, 위원님아까자료주신 것처럼. 그런데저희들이그동안의지원방안을통해서 약한9337억원규모의기금융자또일자리, 재 정지원을이것을펴왔거든요. 지금9월말기 준으로해서융자는7441억원이집행되었고요. 그다음에여행업이나관광.숙박업, 국제회의업 등관광산업, 특별고용지원업종으로지정이되어 서내년3월까지연장하도록저희들이조치를취 하고있습니다. 또앞으로400억원규모의특별 융자도더저희들자체로할것이고요. 그다음에이번에4차추경에저희들이지원금 지급하는것규모가4조4000억아니겠습니까? 여기에저희들이추정하기로는8.6%에해당되는 3785억원정도가어떻든우리문화.체육.관광 이쪽분야에쓸것으로보이고요. 융자쪽도한 3000억정도가이렇게쓸것으로저희들은보고 있습니다.","◯문화체육관광부장관박양우 사실은전혀가만 히있는게아니고요. 저희들이한9조원정도 매출이감소가됐지요, 위원님아까자료주신 것처럼. 그런데저희들이그동안의지원방안을통해서 약한9337억원규모의기금융자또일자리, 재 정지원을이것을펴왔거든요. 지금9월말기 준으로해서융자는7441억원이집행되었고요. 그다음에여행업이나관광.숙박업, 국제회의업 등관광산업, 특별고용지원업종으로지정이되어 서내년3월까지연장하도록저희들이조치를취 하고있습니다. 또앞으로400억원규모의특별 융자도더저희들자체로할것이고요. 그다음에이번에4차추경에저희들이지원금 지급하는것규모가4조4000억아니겠습니까? 여기에저희들이추정하기로는8.6%에해당되는 3785억원정도가어떻든우리문화.체육.관광 이쪽분야에쓸것으로보이고요. 융자쪽도한 3000억정도가이렇게쓸것으로저희들은보고 있습니다.","◯문화체육관광부장관박양우사실은전혀가만히있는게아니고요.저희들이한9조원정도매출이감소가됐지요,위원님아까자료주신것처럼.그런데저희들이그동안의지원방안을통해서약한9337억원규모의기금융자또일자리,재정지원을이것을펴왔거든요.지금9월말기준으로해서융자는7441억원이집행되었고요.그다음에여행업이나관광.숙박업,국제회의업등관광산업,특별고용지원업종으로지정이되어서내년3월까지연장하도록저희들이조치를취하고있습니다.또앞으로400억원규모의특별융자도더저희들자체로할것이고요.그다음에이번에4차추경에저희들이지원금지급하는것규모가4조4000억아니겠습니까?여기에저희들이추정하기로는8.6%에해당되는3785억원정도가어떻든우리문화.체육.관광이쪽분야에쓸것으로보이고요.융자쪽도한3000억정도가이렇게쓸것으로저희들은보고있습니다.",400,9,0.9,0.8975,PASS,unreviewed,b3ec3c4a6013a1b8b0820675cf3abda3bb7b03962a8b44e44b5e2857369a22df,A7,,
ANS_050350_T00232_T00232,QA_050350_000091,050350,2020-10-12,MSP_050350_F366C4B4,정재숙,청장,문화재,agency_head,050350_T00232,050350_T00232,1,23,23,050350_0023_0063,050350_0023_0071,050350_SEG_TURN_00232,"◯문화재청장 정재숙  예, 위원님 지적하신 대로 

저희가 코로나 상황이 장기전으로 가고 있는 와

중에 있어서 저희도 계속 정책 수립을 단계 단계

별로 하고 있습니다. 그래서 우선은 무형문화재

보유자 분들이라든가 이런 살아 있는 분들을 위

주로 했는데 앞으로는 업계 종사자나 관리단체, 

개인 이쪽으로 더 확대해서 11월까지 조사할 예

정입니다. 자료가 나오는 대로 의원님실로 보내

드리겠습니다. 
","◯문화재청장 정재숙 예, 위원님 지적하신 대로 저희가 코로나 상황이 장기전으로 가고 있는 와 중에 있어서 저희도 계속 정책 수립을 단계 단계 별로 하고 있습니다. 그래서 우선은 무형문화재 보유자 분들이라든가 이런 살아 있는 분들을 위 주로 했는데 앞으로는 업계 종사자나 관리단체, 개인 이쪽으로 더 확대해서 11월까지 조사할 예 정입니다. 자료가 나오는 대로 의원님실로 보내 드리겠습니다.","◯문화재청장 정재숙 예, 위원님 지적하신 대로 저희가 코로나 상황이 장기전으로 가고 있는 와 중에 있어서 저희도 계속 정책 수립을 단계 단계 별로 하고 있습니다. 그래서 우선은 무형문화재 보유자 분들이라든가 이런 살아 있는 분들을 위 주로 했는데 앞으로는 업계 종사자나 관리단체, 개인 이쪽으로 더 확대해서 11월까지 조사할 예 정입니다. 자료가 나오는 대로 의원님실로 보내 드리겠습니다.","◯문화재청장정재숙예,위원님지적하신대로저희가코로나상황이장기전으로가고있는와중에있어서저희도계속정책수립을단계단계별로하고있습니다.그래서우선은무형문화재보유자분들이라든가이런살아있는분들을위주로했는데앞으로는업계종사자나관리단체,개인이쪽으로더확대해서11월까지조사할예정입니다.자료가나오는대로의원님실로보내드리겠습니다.",217,3,0.9,0.8975,PASS,unreviewed,68d68e705c4bc193dd3cdccbd1956340e751d778017712c5ec3d3713c8218d17,A7,,
ANS_050350_T00569_T00569,QA_050350_000247,050350,2020-10-12,MSP_050350_F366C4B4,정재숙,청장,문화재,agency_head,050350_T00569,050350_T00569,1,37,37,050350_0037_0088,050350_0037_0090,050350_SEG_TURN_00569,"◯문화재청장 정재숙  그것은 시간이 아직, 9월, 

10월까지도 이어졌기 때문에요, 지금 계속 복구 

중이고요. 저희가 연말……
","◯문화재청장 정재숙 그것은 시간이 아직, 9월, 10월까지도 이어졌기 때문에요, 지금 계속 복구 중이고요. 저희가 연말......","◯문화재청장 정재숙 그것은 시간이 아직, 9월, 10월까지도 이어졌기 때문에요, 지금 계속 복구 중이고요. 저희가 연말......","◯문화재청장정재숙그것은시간이아직,9월,10월까지도이어졌기때문에요,지금계속복구중이고요.저희가연말......",72,2,0.9,0.8975,PASS,unreviewed,c7f24852f8f942dbc8b645bc162d442878dd06a3b006c8b47e8fba02f5462d62,A7,,
ANS_050430_T00432_T00432,QA_050430_000185,050430,2020-10-26,MSP_050430_64CA9D06,관박양우,부장,문화체육관광,agency_official,050430_T00432,050430_T00432,1,41,41,050430_0041_0030,050430_0041_0038,050430_SEG_TURN_00432,"◯문화체육관광부장관 박양우 
 예, 
교육부하고 

어렵게 저희들이 코로나 끝날 때까지 이렇게 해 

놨는데요. 그 이후의 일정 기간 문제는 저작권 

보호 문제도 있고 또 이용 문제도 있고 상충되는 

것이거든요. 그래서 저희들이 저작권위원회를 통

해서 연구용역을 내년 1월까지 추진 중에 있으니

까 그 결과를 가지고 한번 또 관계 신탁단체든 

등등과 함께 협의를 해 나가도록 그렇게 하겠습

니다.
","◯문화체육관광부장관 박양우 예, 교육부하고 어렵게 저희들이 코로나 끝날 때까지 이렇게 해 놨는데요. 그 이후의 일정 기간 문제는 저작권 보호 문제도 있고 또 이용 문제도 있고 상충되는 것이거든요. 그래서 저희들이 저작권위원회를 통 해서 연구용역을 내년 1월까지 추진 중에 있으니 까 그 결과를 가지고 한번 또 관계 신탁단체든 등등과 함께 협의를 해 나가도록 그렇게 하겠습 니다.","◯문화체육관광부장관 박양우 예, 교육부하고 어렵게 저희들이 코로나 끝날 때까지 이렇게 해 놨는데요. 그 이후의 일정 기간 문제는 저작권 보호 문제도 있고 또 이용 문제도 있고 상충되는 것이거든요. 그래서 저희들이 저작권위원회를 통 해서 연구용역을 내년 1월까지 추진 중에 있으니 까 그 결과를 가지고 한번 또 관계 신탁단체든 등등과 함께 협의를 해 나가도록 그렇게 하겠습 니다.","◯문화체육관광부장관박양우예,교육부하고어렵게저희들이코로나끝날때까지이렇게해놨는데요.그이후의일정기간문제는저작권보호문제도있고또이용문제도있고상충되는것이거든요.그래서저희들이저작권위원회를통해서연구용역을내년1월까지추진중에있으니까그결과를가지고한번또관계신탁단체든등등과함께협의를해나가도록그렇게하겠습니다.",211,3,0.9,0.8975,PASS,unreviewed,7ce557b9256dd9f2d4c6b4cb8cadd4bb6492638b255d43e278b53aa536edb0b7,A7,,
ANS_050492_T01058_T01058,QA_050492_000434,050492,2020-10-15,MSP_050492_CC5E190A,김승호,사무총장,대한체육회,agency_official,050492_T01058,050492_T01058,1,61,61,050492_0061_0085,050492_0061_0087,050492_SEG_TURN_01058,"◯대한체육회사무총장 김승호  용역 기간은 내년 

4월까지고요. 실무선에서 세 번 정도 받았는데 

저는 아직 받지를……
",◯대한체육회사무총장 김승호 용역 기간은 내년 4월까지고요. 실무선에서 세 번 정도 받았는데 저는 아직 받지를......,◯대한체육회사무총장 김승호 용역 기간은 내년 4월까지고요. 실무선에서 세 번 정도 받았는데 저는 아직 받지를......,◯대한체육회사무총장김승호용역기간은내년4월까지고요.실무선에서세번정도받았는데저는아직받지를......,66,2,0.9,0.8975,PASS,unreviewed,bccdc5a9667612300fc9b4924858862eb9b0f8bdf03d55d460ce020894aee5cb,A7,,
ANS_051402_T00706_T00706,QA_051402_000305,051402,2021-10-21,MSP_051402_8D1A9AB8,윤인곤,증인,,witness,051402_T00706,051402_T00706,1,49,49,051402_0049_0033,051402_0049_0037,051402_SEG_TURN_00706,"◯증인 윤인곤  그 부분은 저희가 앞서 말씀드렸

다시피 저희 보상 그다음에 이해 관계자의 보상

이 다 정당하게 완료가 되고 그다음에 또 그 법

적 판단이 끝난 상황에 따라서 저희가 위원님이 

말씀하신 부분들은 이전을 추진하겠습니다. 
",◯증인 윤인곤 그 부분은 저희가 앞서 말씀드렸 다시피 저희 보상 그다음에 이해 관계자의 보상 이 다 정당하게 완료가 되고 그다음에 또 그 법 적 판단이 끝난 상황에 따라서 저희가 위원님이 말씀하신 부분들은 이전을 추진하겠습니다.,◯증인 윤인곤 그 부분은 저희가 앞서 말씀드렸 다시피 저희 보상 그다음에 이해 관계자의 보상 이 다 정당하게 완료가 되고 그다음에 또 그 법 적 판단이 끝난 상황에 따라서 저희가 위원님이 말씀하신 부분들은 이전을 추진하겠습니다.,◯증인윤인곤그부분은저희가앞서말씀드렸다시피저희보상그다음에이해관계자의보상이다정당하게완료가되고그다음에또그법적판단이끝난상황에따라서저희가위원님이말씀하신부분들은이전을추진하겠습니다.,127,1,0.9,0.8975,PASS,unreviewed,155082b7d804eb2f7be3931efb24307bdeabcbee330e83557d16010bcb98b6d5,A7,,
ANS_051402_T00859_T00859,QA_051402_000375,051402,2021-10-21,MSP_051402_1903A8A5,관황희,부장,문화체육관광,agency_official,051402_T00859,051402_T00859,1,58,58,051402_0058_0032,051402_0058_0035,051402_SEG_TURN_00859,"◯문화체육관광부장관 황희  너무 많은 이야기가 

나오고 
있고요. 
아까도 
보고말씀 
드렸습니다만 

연내에 그 부분에 있어서 대책을 마련해서 하려

고 하고 있습니다.
",◯문화체육관광부장관 황희 너무 많은 이야기가 나오고 있고요. 아까도 보고말씀 드렸습니다만 연내에 그 부분에 있어서 대책을 마련해서 하려 고 하고 있습니다.,◯문화체육관광부장관 황희 너무 많은 이야기가 나오고 있고요. 아까도 보고말씀 드렸습니다만 연내에 그 부분에 있어서 대책을 마련해서 하려 고 하고 있습니다.,◯문화체육관광부장관황희너무많은이야기가나오고있고요.아까도보고말씀드렸습니다만연내에그부분에있어서대책을마련해서하려고하고있습니다.,86,2,0.9,0.8975,PASS,unreviewed,2c456dc5b9f5138bec4ea06f39de90a3d7137bdc98acf91e88156eafbabd159f,A7,,
ANS_051402_T00885_T00885,QA_051402_000387,051402,2021-10-21,MSP_051402_01D2E8B4,김현모,청장,문화재,agency_head,051402_T00885,051402_T00885,1,59,59,051402_0059_0033,051402_0059_0033,051402_SEG_TURN_00885,"◯문화재청장 김현모  예, 개선하겠습니다.
","◯문화재청장 김현모 예, 개선하겠습니다.","◯문화재청장 김현모 예, 개선하겠습니다.","◯문화재청장김현모예,개선하겠습니다.",22,1,0.9,0.8975,PASS,unreviewed,cc4674d7deaeae02a23d08708b11723db0dfb2f5bb58e7b0b5b45df8c1100615,A7,,
ANS_051424_T00523_T00523,QA_051424_000238,051424,2021-10-12,MSP_051424_0734B173,정진완,회장,대한장애인체육,agency_head,051424_T00523,051424_T00523,1,38,38,051424_0038_0009,051424_0038_0012,051424_SEG_TURN_00523,"◯대한장애인체육회장 정진완  예, 그렇습니다. 

저희가 도쿄패럴림픽 이후에 돌아와서 즉시 지금 

내부적으로 경기력 향상 TF팀을 구성해서 향후 

중장기계획을 수립할 계획을 가지고 있습니다.
","◯대한장애인체육회장 정진완 예, 그렇습니다. 저희가 도쿄패럴림픽 이후에 돌아와서 즉시 지금 내부적으로 경기력 향상 TF팀을 구성해서 향후 중장기계획을 수립할 계획을 가지고 있습니다.","◯대한장애인체육회장 정진완 예, 그렇습니다. 저희가 도쿄패럴림픽 이후에 돌아와서 즉시 지금 내부적으로 경기력 향상 TF팀을 구성해서 향후 중장기계획을 수립할 계획을 가지고 있습니다.","◯대한장애인체육회장정진완예,그렇습니다.저희가도쿄패럴림픽이후에돌아와서즉시지금내부적으로경기력향상TF팀을구성해서향후중장기계획을수립할계획을가지고있습니다.",101,2,0.9,0.8975,PASS,unreviewed,8fe243b0df5de1a4ecfb060ae579e22d00ccad1fc2c06648e3b265a66cee2566,A7,,
ANS_051487_T00078_T00078,QA_051487_000026,051487,2021-10-14,MSP_051487_E194E95D,조현래,원장,한국콘텐츠진흥,agency_head,051487_T00078,051487_T00078,1,11,11,051487_0011_0079,051487_0011_0084,051487_SEG_TURN_00078,"◯한국콘텐츠진흥원장조현래
예, 알겠습니다.

장애인문제는항상배리어프리의문제라고보

고있고요. 보편적접근성의문제로보고있고,

저희콘텐츠진흥원에서하고있는사업도많이

반영되도록하고관련기관과협의할것들은같

이협의해서대책을마련하도록하겠습니다.
","◯한국콘텐츠진흥원장조현래 예, 알겠습니다. 장애인문제는항상배리어프리의문제라고보 고있고요. 보편적접근성의문제로보고있고, 저희콘텐츠진흥원에서하고있는사업도많이 반영되도록하고관련기관과협의할것들은같 이협의해서대책을마련하도록하겠습니다.","◯한국콘텐츠진흥원장조현래 예, 알겠습니다. 장애인문제는항상배리어프리의문제라고보 고있고요. 보편적접근성의문제로보고있고, 저희콘텐츠진흥원에서하고있는사업도많이 반영되도록하고관련기관과협의할것들은같 이협의해서대책을마련하도록하겠습니다.","◯한국콘텐츠진흥원장조현래예,알겠습니다.장애인문제는항상배리어프리의문제라고보고있고요.보편적접근성의문제로보고있고,저희콘텐츠진흥원에서하고있는사업도많이반영되도록하고관련기관과협의할것들은같이협의해서대책을마련하도록하겠습니다.",125,3,0.9,0.8975,PASS,unreviewed,cc3106b4e8668e1b4cc6733ba1dba2d4d9c6c1dfcbd1e8f8c7a4e4f40552f6af,A7,,
ANS_051558_T00539_T00539,QA_051558_000229,051558,2021-10-07,MSP_051558_BB3E2EE6,원종필,관장,국립장애인도서,agency_head,051558_T00539,051558_T00539,1,42,42,051558_0042_0013,051558_0042_0016,051558_SEG_TURN_00539,"◯국립장애인도서관장 원종필  예, 그렇게 하도

록 하겠습니다. 저희 문화체육관광부하고 긴밀히 

협조해서 어떤 방안이 더 합리적이고 좋은 방안

인지 대책을 마련해서 보고하도록 하겠습니다.
","◯국립장애인도서관장 원종필 예, 그렇게 하도 록 하겠습니다. 저희 문화체육관광부하고 긴밀히 협조해서 어떤 방안이 더 합리적이고 좋은 방안 인지 대책을 마련해서 보고하도록 하겠습니다.","◯국립장애인도서관장 원종필 예, 그렇게 하도 록 하겠습니다. 저희 문화체육관광부하고 긴밀히 협조해서 어떤 방안이 더 합리적이고 좋은 방안 인지 대책을 마련해서 보고하도록 하겠습니다.","◯국립장애인도서관장원종필예,그렇게하도록하겠습니다.저희문화체육관광부하고긴밀히협조해서어떤방안이더합리적이고좋은방안인지대책을마련해서보고하도록하겠습니다.",101,2,0.9,0.8975,PASS,unreviewed,debbc97946545fd83c99e02bb47879dcb5681bbac3742b63f5ad85ad75369058,A7,,
ANS_052229_T00034_T00034,QA_052229_000003,052229,2022-10-05,MSP_052229_A34C4732,관박보균,부장,문화체육관광,agency_official,052229_T00034,052229_T00034,1,5,7,052229_0005_0030,052229_0007_0086,052229_SEG_TURN_00034,"◯문화체육관광부장관 박보균  존경하는 국회 문

화체육관광위원회 홍익표 위원장님 그리고 존경

하는 위원님 여러분!

  문화체육관광부장관 박보균입니다.

  오늘 위원님들을 모시고 업무계획을 보고드리

게 되어 기쁘게 생각합니다.

  지난 8월 31일부터 20일 동안 국민 품 속 청와

대의 첫 번째 행사로 장애예술인 특별전이 열렸

습니다. 문화의 공정한 접근기회 보장과 장애인 

작가들의 전시 공간 및 기회 확대를 위해 마련된 

이번 행사에 7만여 명의 국민께서 다녀가셨습니

다.

  작품에서 뿜어 나오는 독창성, 탁월한 기량, 예

술적 투혼에 관객들은 강렬한 시각적 자극을 받

았습니다. 예술을 통해 장애인과 비장애인의 장

벽이 허물어지는 어울림의 장인 동시에 장애예술

인 지원 활성화를 위한 상징적인 첫걸음이었습니

다. 

  장애인의 문화․예술․체육․관광의 환경이 좋

아지면 모든 사람의 그 분야 환경도 좋아집니다. 

‘장애예술인들에게는 이러한 전시 기회가 복지다. 

앞으로도 세상과 소통할 수 있는 기회가 주어지

기를 바란다’는 참여 작가와 가족들의 이야기처

럼 장애인 예술에 대한 인식이 획기적으로 변화

하는 계기가 되었다고 생각합니다.

  이와 더불어 위원님들께서 적극적으로 앞장서 

주신 결과 장애예술인 문화예술 활동 지원법, 문

화예술진흥법, 공연법 등이 개정되어 장애예술인

의 창작활동을 실질적으로 뒷받침할 수 있는 기

반이 마련되었습니다.

  이러한 성과와 지난달 발표된 제1차 장애예술

인 문화예술활동 기본계획을 바탕으로 장애예술

인의 창작기회를 확대하고 문화예술활동 접근성

을 강화하기 위해 더욱 노력하겠습니다.

  우리 부가 추진하는 문화정책이 좋은 결실을 

맺을 수 있도록 항상 애정 어린 관심과 지원을 

주시는 위원님들께 깊은 감사의 말씀을 드립니

다. 

  문체부는 영화 및 비디오물의 진흥에 관한 법

률 개정을 통해 OTT 콘텐츠 자체등급분류제도 

도입, 국제회의 복합지구 지정요건 완화 등 자유

로운 창작 환경과 활력 넘치는 시장을 만들기 위

한 규제 혁신도 적극적으로 추진해 나가고 있습

니다. 

  앞으로도 위원님들께서 마련해 주신 법적․제

도적 기반을 바탕으로 짜임새 있는 정책과 실행 

방안이 마련될 수 있도록 최선을 다하겠습니다.

  그러면 주요업무계획 보고를 드리기에 앞서 우

리 부 간부를 소개합니다.

  전병극 제1차관입니다.

  조용만 제2차관입니다.

  강석원 기획조정실장입니다.

  윤성천 문화예술정책실장입니다.

  김대현 종무실장입니다.

  황성운 국민소통실장입니다.

  강정원 대변인입니다.

  구경렬 감사관입니다.

  최성희 정책기획관입니다.

  정향미 문화정책관입니다.

  이은복 예술정책관입니다.

  이종률 지역문화정책관입니다.

  이진식 소통정책관입니다. 

  박영혜 소통지원관직무대리입니다.

  조영식 디지털소통관입니다.

  김재현 콘텐츠정책국장입니다. 

  장경근 저작권국장직무대리입니다.

  박용철 미디어정책국장입니다.

  최보근 체육국장입니다.

  강대금 체육협력관입니다.

  박종택 관광정책국장입니다.

  김상욱 관광산업정책관입니다.

  이승훈 운영지원과장입니다.

    (인사)

  지금부터 배포해 드린 보고서를 바탕으로 문화

체육관광부의 업무현황을 보고드리겠습니다.

  일반현황은 자료로 대체하고 문화 프렌들리 정

부를 위한 중점 추진과제부터 보고드리겠습니다.

  10쪽 정책 방향입니다.

  우리 부는 국민과 함께하는 세계 일류문화매력 

국가로 도약하기 위해 자유로운 창작환경 조성, 

공정한 문화 접근 기회 보장, K-컬처로 문화번

영이라는 정책 방향을 수립하고 8대 과제를 중점 

추진하고 있습니다. 부국강병, 즉 경제력과 군사

력에 더해 문화가 번영한 일류국가로 우뚝 설 수 

있도록 정책적 역량을 집중해 나가겠습니다. 

  11쪽입니다.

  K-콘텐츠를 경제 도약을 이끌 특급 견인차로 

육성하겠습니다.

  K-콘텐츠의 활약으로 21년 한국의 글로벌 소

프트파워는 전년 대비 3단계 상승했으며 외국인

의 81%가 한국의 이미지를 긍정적으로 평가했습

니다. 문체부는 K-콘텐츠의 글로벌 경쟁력과 차

별성을 지속적으로 확보하기 위해 민간 주도 생

태계 조성을 뒷받침하겠습니다.

  영화, OTT 콘텐츠, K-팝, 게임, 웹툰 등 K-컬

처의 선봉장인 콘텐츠산업을 집중 육성하겠습니

다. 

  세제 지원 및 제작 인프라 조성, 해외 진출 지

원 등 단계별 지원을 강화하겠습니다. 게임 확률

형 아이템 정보공개의 법제화를 지원하고 이스포

츠 진흥에도 힘쓰겠습니다. 

  더불어 향후 5년간 4조 8000억 원 규모의 자금

을 콘텐츠시장에 공급하여 세계적인 IP 보유기업

을 육성하고 3년간 1만 명의 콘텐츠 융복합 미래

인재를 양성하는 등 콘텐츠산업의 성장 기반을 

마련하겠습니다.

  13쪽입니다.

  자유의 보편적 가치와 창의가 넘치는 창작 환

경을 조성하고 기초예술 분야까지 K-컬처의 글

로벌 위상을 강화해 나가겠습니다.

  3년 이상 다년 지원을 통해 창작 안전성을 확

보하고 문화예술 분야 서면계약 체결 비율을 높

여 정당하게 가치를 인정받는 환경을 조성하겠습

니다.

  미술진흥법 제정, 한예종 영재원 인재양성 기능 

강화, 문화 전문번역 학위과정 설립 등을 통해 

K-컬처의 기반인 기초예술을 육성하겠습니다.

  예술인 종합지원 플랫폼을 조성하고 예술인 복

지정책 기본계획을 수립하여 사각지대 없는 예술

인 창작 안전망을 구축하겠습니다.

  15쪽입니다.

  누구나 공정하고 차별 없이 문화를 누리기 위

한 
약자 
프렌들리 
문화정책을 
추진하겠습니다. 

전국 문화시설의 장애인 이용 접근성을 개선하고 

장애인 표준공연장․전시장을 조성하겠습니다. 

  또한 복지 차원에 머물던 이야기할머니사업을 

실버이야기창작배우사업으로 
격상 
확대시켰습니

다. 어르신의 문화예술활동을 확대하여 품격 있는 

노년의 삶을 제공하는 한편 통합문화이용권 지원

을 확대하는 등 차별 없는 문화 누림의 기회를 

보장하겠습니다.

  16쪽입니다. 

  국민 품 속 청와대를 격조 있는 문화예술역사

복합공간 랜드마크로 조성하겠습니다. 대통령 역

사, 문화예술, 수목원, 전통문화재가 있는 거대한 

복합공간인 청와대를 국민과 함께 문화번영의 시

대를 여는 문화예술역사복합공간으로 만들어 나

가겠습니다. 

  원형을 보존한 상태에서 청와대가 지닌 콘텐츠

와 건축물을 품격 있고 세련되게 조합하여 예술, 

역사, 문화재, 자연이 살아 숨 쉬는 청와대를 구

현하고 민간이 협력하는 롤모델이 되도록 하겠습

니다. 

  청와대를 예술문화공간으로 조성하여 국민 누

구나 청와대에서 고품격 미술품을 즐기고 관람하

는 예술적 소통과 통합의 공간으로 만들겠습니다.

  17쪽입니다. 

  대통령의 리더십과 삶, 권력 심장부를 실감하

는 상징 공간으로 구성하여 현대사의 리더십이 

분출한 현장을 국민께 전달하겠습니다. 

  침류각, 석조여래좌상 등 문화유적을 보존․조

사하고 녹지원 등을 최고의 한국 정원과 수목원

으로 관리해 나갈 겁니다.

  4개의 청와대 콘텐츠 기본 활용방안은 서로 경

쟁하거나 충돌하는 것이 아닌 공존하고 병행하는 

것입니다. 청와대를 경복궁, 광화문 등 주변 관광

자원과 연계하여 문화클러스터의 중심으로 발전

시켜 나가겠습니다.

  18쪽입니다.

  문화를 통해 지역주민의 삶의 질을 높이고 문

화가 지역발전을 이끄는 지역균형시대를 열겠습

니다. 

  명품문화도시를 지역성장의 선도모델로 육성하고 

특화된 콘텐츠와 지역자원을 결합한 문화․관광․

체육 거점을 조성하는 등 지역고유문화의 가치와 

매력을 찾아서 정교하게 브랜드화하겠습니다. 

  어디에 살든 누구나 공정하게 문화를 누릴 수 

있도록 문화 취약지역에 활력을 높이고 지역문화

기획자 및 청년 문화인력의 성장을 지원하겠습니

다. 

  19쪽입니다.

  모든 국민이 차별 없이 어울리며 스포츠를 누

리게 하겠습니다. 스포츠 마일리지 제공, 체육시

설 이용료 소득공제를 통해 국민의 스포츠 참여

를 확대해 나가겠습니다.

  학생선수 대회 참가 관련 현실과 동떨어진 스

포츠혁신위 권고에 따른 제도를 체육계 현장의 

목소리를 반영하여 개선하겠습니다. 

  국가대표선수와 지도자 수 등을 현실화하고 체

육인 복지 대상을 확대하는 등 전문 스포츠 지원 

기반을 구축하겠습니다.

  2023 AFC 아시안컵 한국 유치를 위해 전력을 

기울이고 있으며 2024 강원 동계청소년올림픽대

회 준비에 만전을 기하는 등 국제스포츠계에서의 

위상을 강화하겠습니다. 

  20쪽입니다.

  한국문화의 기반인 한국어, 전통문화의 확산을 

통해 K-컬처의 지평을 확대하여 제2, 제3의 전

성기를 만들겠습니다.

  세종학당과 세종문화아카데미를 확대하여 한국

어와 한국문화 확산의 선순환 구조를 구축하고 

전통문화산업 진흥 관련 법 제정 등 전통문화산

업의 성장기반을 마련하겠습니다.

  한류와 패션, 뷰티 등 연관산업의 연계를 강화

하여 경제적 시너지 효과도 극대화해 나가겠습니

다.

  21쪽입니다.

  코로나19로 불확실성이 지속되고 있는 관광시

장의 조속한 회복을 지원하고 미래 관광산업 육

성 등 차별화된 모델로 관광의 국제적 표준을 제

시하겠습니다.

  관광기금 융자 등을 통해 관광의 활기를 생산

하고 방한관광 여건 정상화와 여행수요 회복을 

위해 힘쓰겠습니다.

  워케이션, 살아보기형 관광 등 새로운 여행 형

태를 제시하고 국민여행혜택 플랫폼 도입을 추진

하여 해외여행 수요의 국내 전환을 지원하겠습니

다. 

  또한 관광 유니콘 기업 육성, ICT 융합형 인재 

양성 등 미래 관광산업 선도를 위한 기반을 구축

하겠습니다.

  22쪽 주요현안입니다. 

  스포츠와 문화가 융합된 2023 AFC 아시안컵 

유치를 추진하고 있습니다. 월드컵 10회 연속 출

전국인 우리나라는 아시아 축구 최강국이지만 아

시안컵의 경우 1960년 제2회 대회 이후 우승컵을 

차지하지 못했고 제2회 대회만 한국에서 열렸습

니다. 

  축구에 대한 국민적 관심과 열기를 바탕으로 

2023 아시안컵 대회를 유치하여 대한민국 축구의 

위상과 자부심을 높이겠습니다. 아시안컵을 스포

츠와 K-컬처가 융합된 문화․스포츠 축제로 승

화시켜 아시안컵의 지평을 넓히고 지역관광 활성

화의 계기를 마련하겠습니다. 

  이상 보고를 마치고 주요 업무에 대한 보다 상

세한 내용은 배포해 드린 자료를 참고해 주시기 

바랍니다.

  존경하는 
위원장님, 
그리고 
존경하는 
위원님 

여러분!

  저를 비롯한 문체부의 모든 직원들은 국정감사

에 성실히 임할 것이며, 우리 부가 추진해 온 정

책들에 대한 충고와 지적도 감사히 듣겠습니다. 

  오늘 위원님들께서 주신 고견과 조언을 면밀히 

검토하여 문화정책을 개선해 나갈 수 있도록 적

극 노력하겠습니다.

  감사합니다.
","◯문화체육관광부장관 박보균 존경하는 국회 문 화체육관광위원회 홍익표 위원장님 그리고 존경 하는 위원님 여러분! 문화체육관광부장관 박보균입니다. 오늘 위원님들을 모시고 업무계획을 보고드리 게 되어 기쁘게 생각합니다. 지난 8월 31일부터 20일 동안 국민 품 속 청와 대의 첫 번째 행사로 장애예술인 특별전이 열렸 습니다. 문화의 공정한 접근기회 보장과 장애인 작가들의 전시 공간 및 기회 확대를 위해 마련된 이번 행사에 7만여 명의 국민께서 다녀가셨습니 다. 작품에서 뿜어 나오는 독창성, 탁월한 기량, 예 술적 투혼에 관객들은 강렬한 시각적 자극을 받 았습니다. 예술을 통해 장애인과 비장애인의 장 벽이 허물어지는 어울림의 장인 동시에 장애예술 인 지원 활성화를 위한 상징적인 첫걸음이었습니 다. 장애인의 문화.예술.체육.관광의 환경이 좋 아지면 모든 사람의 그 분야 환경도 좋아집니다. ‘장애예술인들에게는 이러한 전시 기회가 복지다. 앞으로도 세상과 소통할 수 있는 기회가 주어지 기를 바란다’는 참여 작가와 가족들의 이야기처 럼 장애인 예술에 대한 인식이 획기적으로 변화 하는 계기가 되었다고 생각합니다. 이와 더불어 위원님들께서 적극적으로 앞장서 주신 결과 장애예술인 문화예술 활동 지원법, 문 화예술진흥법, 공연법 등이 개정되어 장애예술인 의 창작활동을 실질적으로 뒷받침할 수 있는 기 반이 마련되었습니다. 이러한 성과와 지난달 발표된 제1차 장애예술 인 문화예술활동 기본계획을 바탕으로 장애예술 인의 창작기회를 확대하고 문화예술활동 접근성 을 강화하기 위해 더욱 노력하겠습니다. 우리 부가 추진하는 문화정책이 좋은 결실을 맺을 수 있도록 항상 애정 어린 관심과 지원을 주시는 위원님들께 깊은 감사의 말씀을 드립니 다. 문체부는 영화 및 비디오물의 진흥에 관한 법 률 개정을 통해 OTT 콘텐츠 자체등급분류제도 도입, 국제회의 복합지구 지정요건 완화 등 자유 로운 창작 환경과 활력 넘치는 시장을 만들기 위 한 규제 혁신도 적극적으로 추진해 나가고 있습 니다. 앞으로도 위원님들께서 마련해 주신 법적.제 도적 기반을 바탕으로 짜임새 있는 정책과 실행 방안이 마련될 수 있도록 최선을 다하겠습니다. 그러면 주요업무계획 보고를 드리기에 앞서 우 리 부 간부를 소개합니다. 전병극 제1차관입니다. 조용만 제2차관입니다. 강석원 기획조정실장입니다. 윤성천 문화예술정책실장입니다. 김대현 종무실장입니다. 황성운 국민소통실장입니다. 강정원 대변인입니다. 구경렬 감사관입니다. 최성희 정책기획관입니다. 정향미 문화정책관입니다. 이은복 예술정책관입니다. 이종률 지역문화정책관입니다. 이진식 소통정책관입니다. 박영혜 소통지원관직무대리입니다. 조영식 디지털소통관입니다. 김재현 콘텐츠정책국장입니다. 장경근 저작권국장직무대리입니다. 박용철 미디어정책국장입니다. 최보근 체육국장입니다. 강대금 체육협력관입니다. 박종택 관광정책국장입니다. 김상욱 관광산업정책관입니다. 이승훈 운영지원과장입니다. (인사) 지금부터 배포해 드린 보고서를 바탕으로 문화 체육관광부의 업무현황을 보고드리겠습니다. 일반현황은 자료로 대체하고 문화 프렌들리 정 부를 위한 중점 추진과제부터 보고드리겠습니다. 10쪽 정책 방향입니다. 우리 부는 국민과 함께하는 세계 일류문화매력 국가로 도약하기 위해 자유로운 창작환경 조성, 공정한 문화 접근 기회 보장, K-컬처로 문화번 영이라는 정책 방향을 수립하고 8대 과제를 중점 추진하고 있습니다. 부국강병, 즉 경제력과 군사 력에 더해 문화가 번영한 일류국가로 우뚝 설 수 있도록 정책적 역량을 집중해 나가겠습니다. 11쪽입니다. K-콘텐츠를 경제 도약을 이끌 특급 견인차로 육성하겠습니다. K-콘텐츠의 활약으로 21년 한국의 글로벌 소 프트파워는 전년 대비 3단계 상승했으며 외국인 의 81%가 한국의 이미지를 긍정적으로 평가했습 니다. 문체부는 K-콘텐츠의 글로벌 경쟁력과 차 별성을 지속적으로 확보하기 위해 민간 주도 생 태계 조성을 뒷받침하겠습니다. 영화, OTT 콘텐츠, K-팝, 게임, 웹툰 등 K-컬 처의 선봉장인 콘텐츠산업을 집중 육성하겠습니 다. 세제 지원 및 제작 인프라 조성, 해외 진출 지 원 등 단계별 지원을 강화하겠습니다. 게임 확률 형 아이템 정보공개의 법제화를 지원하고 이스포 츠 진흥에도 힘쓰겠습니다. 더불어 향후 5년간 4조 8000억 원 규모의 자금 을 콘텐츠시장에 공급하여 세계적인 IP 보유기업 을 육성하고 3년간 1만 명의 콘텐츠 융복합 미래 인재를 양성하는 등 콘텐츠산업의 성장 기반을 마련하겠습니다. 13쪽입니다. 자유의 보편적 가치와 창의가 넘치는 창작 환 경을 조성하고 기초예술 분야까지 K-컬처의 글 로벌 위상을 강화해 나가겠습니다. 3년 이상 다년 지원을 통해 창작 안전성을 확 보하고 문화예술 분야 서면계약 체결 비율을 높 여 정당하게 가치를 인정받는 환경을 조성하겠습 니다. 미술진흥법 제정, 한예종 영재원 인재양성 기능 강화, 문화 전문번역 학위과정 설립 등을 통해 K-컬처의 기반인 기초예술을 육성하겠습니다. 예술인 종합지원 플랫폼을 조성하고 예술인 복 지정책 기본계획을 수립하여 사각지대 없는 예술 인 창작 안전망을 구축하겠습니다. 15쪽입니다. 누구나 공정하고 차별 없이 문화를 누리기 위 한 약자 프렌들리 문화정책을 추진하겠습니다. 전국 문화시설의 장애인 이용 접근성을 개선하고 장애인 표준공연장.전시장을 조성하겠습니다. 또한 복지 차원에 머물던 이야기할머니사업을 실버이야기창작배우사업으로 격상 확대시켰습니 다. 어르신의 문화예술활동을 확대하여 품격 있는 노년의 삶을 제공하는 한편 통합문화이용권 지원 을 확대하는 등 차별 없는 문화 누림의 기회를 보장하겠습니다. 16쪽입니다. 국민 품 속 청와대를 격조 있는 문화예술역사 복합공간 랜드마크로 조성하겠습니다. 대통령 역 사, 문화예술, 수목원, 전통문화재가 있는 거대한 복합공간인 청와대를 국민과 함께 문화번영의 시 대를 여는 문화예술역사복합공간으로 만들어 나 가겠습니다. 원형을 보존한 상태에서 청와대가 지닌 콘텐츠 와 건축물을 품격 있고 세련되게 조합하여 예술, 역사, 문화재, 자연이 살아 숨 쉬는 청와대를 구 현하고 민간이 협력하는 롤모델이 되도록 하겠습 니다. 청와대를 예술문화공간으로 조성하여 국민 누 구나 청와대에서 고품격 미술품을 즐기고 관람하 는 예술적 소통과 통합의 공간으로 만들겠습니다. 17쪽입니다. 대통령의 리더십과 삶, 권력 심장부를 실감하 는 상징 공간으로 구성하여 현대사의 리더십이 분출한 현장을 국민께 전달하겠습니다. 침류각, 석조여래좌상 등 문화유적을 보존.조 사하고 녹지원 등을 최고의 한국 정원과 수목원 으로 관리해 나갈 겁니다. 4개의 청와대 콘텐츠 기본 활용방안은 서로 경 쟁하거나 충돌하는 것이 아닌 공존하고 병행하는 것입니다. 청와대를 경복궁, 광화문 등 주변 관광 자원과 연계하여 문화클러스터의 중심으로 발전 시켜 나가겠습니다. 18쪽입니다. 문화를 통해 지역주민의 삶의 질을 높이고 문 화가 지역발전을 이끄는 지역균형시대를 열겠습 니다. 명품문화도시를 지역성장의 선도모델로 육성하고 특화된 콘텐츠와 지역자원을 결합한 문화.관광. 체육 거점을 조성하는 등 지역고유문화의 가치와 매력을 찾아서 정교하게 브랜드화하겠습니다. 어디에 살든 누구나 공정하게 문화를 누릴 수 있도록 문화 취약지역에 활력을 높이고 지역문화 기획자 및 청년 문화인력의 성장을 지원하겠습니 다. 19쪽입니다. 모든 국민이 차별 없이 어울리며 스포츠를 누 리게 하겠습니다. 스포츠 마일리지 제공, 체육시 설 이용료 소득공제를 통해 국민의 스포츠 참여 를 확대해 나가겠습니다. 학생선수 대회 참가 관련 현실과 동떨어진 스 포츠혁신위 권고에 따른 제도를 체육계 현장의 목소리를 반영하여 개선하겠습니다. 국가대표선수와 지도자 수 등을 현실화하고 체 육인 복지 대상을 확대하는 등 전문 스포츠 지원 기반을 구축하겠습니다. 2023 AFC 아시안컵 한국 유치를 위해 전력을 기울이고 있으며 2024 강원 동계청소년올림픽대 회 준비에 만전을 기하는 등 국제스포츠계에서의 위상을 강화하겠습니다. 20쪽입니다. 한국문화의 기반인 한국어, 전통문화의 확산을 통해 K-컬처의 지평을 확대하여 제2, 제3의 전 성기를 만들겠습니다. 세종학당과 세종문화아카데미를 확대하여 한국 어와 한국문화 확산의 선순환 구조를 구축하고 전통문화산업 진흥 관련 법 제정 등 전통문화산 업의 성장기반을 마련하겠습니다. 한류와 패션, 뷰티 등 연관산업의 연계를 강화 하여 경제적 시너지 효과도 극대화해 나가겠습니 다. 21쪽입니다. 코로나19로 불확실성이 지속되고 있는 관광시 장의 조속한 회복을 지원하고 미래 관광산업 육 성 등 차별화된 모델로 관광의 국제적 표준을 제 시하겠습니다. 관광기금 융자 등을 통해 관광의 활기를 생산 하고 방한관광 여건 정상화와 여행수요 회복을 위해 힘쓰겠습니다. 워케이션, 살아보기형 관광 등 새로운 여행 형 태를 제시하고 국민여행혜택 플랫폼 도입을 추진 하여 해외여행 수요의 국내 전환을 지원하겠습니 다. 또한 관광 유니콘 기업 육성, ICT 융합형 인재 양성 등 미래 관광산업 선도를 위한 기반을 구축 하겠습니다. 22쪽 주요현안입니다. 스포츠와 문화가 융합된 2023 AFC 아시안컵 유치를 추진하고 있습니다. 월드컵 10회 연속 출 전국인 우리나라는 아시아 축구 최강국이지만 아 시안컵의 경우 1960년 제2회 대회 이후 우승컵을 차지하지 못했고 제2회 대회만 한국에서 열렸습 니다. 축구에 대한 국민적 관심과 열기를 바탕으로 2023 아시안컵 대회를 유치하여 대한민국 축구의 위상과 자부심을 높이겠습니다. 아시안컵을 스포 츠와 K-컬처가 융합된 문화.스포츠 축제로 승 화시켜 아시안컵의 지평을 넓히고 지역관광 활성 화의 계기를 마련하겠습니다. 이상 보고를 마치고 주요 업무에 대한 보다 상 세한 내용은 배포해 드린 자료를 참고해 주시기 바랍니다. 존경하는 위원장님, 그리고 존경하는 위원님 여러분! 저를 비롯한 문체부의 모든 직원들은 국정감사 에 성실히 임할 것이며, 우리 부가 추진해 온 정 책들에 대한 충고와 지적도 감사히 듣겠습니다. 오늘 위원님들께서 주신 고견과 조언을 면밀히 검토하여 문화정책을 개선해 나갈 수 있도록 적 극 노력하겠습니다. 감사합니다.","◯문화체육관광부장관 박보균 존경하는 국회 문 화체육관광위원회 홍익표 위원장님 그리고 존경 하는 위원님 여러분! 문화체육관광부장관 박보균입니다. 오늘 위원님들을 모시고 업무계획을 보고드리 게 되어 기쁘게 생각합니다. 지난 8월 31일부터 20일 동안 국민 품 속 청와 대의 첫 번째 행사로 장애예술인 특별전이 열렸 습니다. 문화의 공정한 접근기회 보장과 장애인 작가들의 전시 공간 및 기회 확대를 위해 마련된 이번 행사에 7만여 명의 국민께서 다녀가셨습니 다. 작품에서 뿜어 나오는 독창성, 탁월한 기량, 예 술적 투혼에 관객들은 강렬한 시각적 자극을 받 았습니다. 예술을 통해 장애인과 비장애인의 장 벽이 허물어지는 어울림의 장인 동시에 장애예술 인 지원 활성화를 위한 상징적인 첫걸음이었습니 다. 장애인의 문화.예술.체육.관광의 환경이 좋 아지면 모든 사람의 그 분야 환경도 좋아집니다. ‘장애예술인들에게는 이러한 전시 기회가 복지다. 앞으로도 세상과 소통할 수 있는 기회가 주어지 기를 바란다’는 참여 작가와 가족들의 이야기처 럼 장애인 예술에 대한 인식이 획기적으로 변화 하는 계기가 되었다고 생각합니다. 이와 더불어 위원님들께서 적극적으로 앞장서 주신 결과 장애예술인 문화예술 활동 지원법, 문 화예술진흥법, 공연법 등이 개정되어 장애예술인 의 창작활동을 실질적으로 뒷받침할 수 있는 기 반이 마련되었습니다. 이러한 성과와 지난달 발표된 제1차 장애예술 인 문화예술활동 기본계획을 바탕으로 장애예술 인의 창작기회를 확대하고 문화예술활동 접근성 을 강화하기 위해 더욱 노력하겠습니다. 우리 부가 추진하는 문화정책이 좋은 결실을 맺을 수 있도록 항상 애정 어린 관심과 지원을 주시는 위원님들께 깊은 감사의 말씀을 드립니 다. 문체부는 영화 및 비디오물의 진흥에 관한 법 률 개정을 통해 OTT 콘텐츠 자체등급분류제도 도입, 국제회의 복합지구 지정요건 완화 등 자유 로운 창작 환경과 활력 넘치는 시장을 만들기 위 한 규제 혁신도 적극적으로 추진해 나가고 있습 니다. 앞으로도 위원님들께서 마련해 주신 법적.제 도적 기반을 바탕으로 짜임새 있는 정책과 실행 방안이 마련될 수 있도록 최선을 다하겠습니다. 그러면 주요업무계획 보고를 드리기에 앞서 우 리 부 간부를 소개합니다. 전병극 제1차관입니다. 조용만 제2차관입니다. 강석원 기획조정실장입니다. 윤성천 문화예술정책실장입니다. 김대현 종무실장입니다. 황성운 국민소통실장입니다. 강정원 대변인입니다. 구경렬 감사관입니다. 최성희 정책기획관입니다. 정향미 문화정책관입니다. 이은복 예술정책관입니다. 이종률 지역문화정책관입니다. 이진식 소통정책관입니다. 박영혜 소통지원관직무대리입니다. 조영식 디지털소통관입니다. 김재현 콘텐츠정책국장입니다. 장경근 저작권국장직무대리입니다. 박용철 미디어정책국장입니다. 최보근 체육국장입니다. 강대금 체육협력관입니다. 박종택 관광정책국장입니다. 김상욱 관광산업정책관입니다. 이승훈 운영지원과장입니다. (인사) 지금부터 배포해 드린 보고서를 바탕으로 문화 체육관광부의 업무현황을 보고드리겠습니다. 일반현황은 자료로 대체하고 문화 프렌들리 정 부를 위한 중점 추진과제부터 보고드리겠습니다. 10쪽 정책 방향입니다. 우리 부는 국민과 함께하는 세계 일류문화매력 국가로 도약하기 위해 자유로운 창작환경 조성, 공정한 문화 접근 기회 보장, K-컬처로 문화번 영이라는 정책 방향을 수립하고 8대 과제를 중점 추진하고 있습니다. 부국강병, 즉 경제력과 군사 력에 더해 문화가 번영한 일류국가로 우뚝 설 수 있도록 정책적 역량을 집중해 나가겠습니다. 11쪽입니다. K-콘텐츠를 경제 도약을 이끌 특급 견인차로 육성하겠습니다. K-콘텐츠의 활약으로 21년 한국의 글로벌 소 프트파워는 전년 대비 3단계 상승했으며 외국인 의 81%가 한국의 이미지를 긍정적으로 평가했습 니다. 문체부는 K-콘텐츠의 글로벌 경쟁력과 차 별성을 지속적으로 확보하기 위해 민간 주도 생 태계 조성을 뒷받침하겠습니다. 영화, OTT 콘텐츠, K-팝, 게임, 웹툰 등 K-컬 처의 선봉장인 콘텐츠산업을 집중 육성하겠습니 다. 세제 지원 및 제작 인프라 조성, 해외 진출 지 원 등 단계별 지원을 강화하겠습니다. 게임 확률 형 아이템 정보공개의 법제화를 지원하고 이스포 츠 진흥에도 힘쓰겠습니다. 더불어 향후 5년간 4조 8000억 원 규모의 자금 을 콘텐츠시장에 공급하여 세계적인 IP 보유기업 을 육성하고 3년간 1만 명의 콘텐츠 융복합 미래 인재를 양성하는 등 콘텐츠산업의 성장 기반을 마련하겠습니다. 13쪽입니다. 자유의 보편적 가치와 창의가 넘치는 창작 환 경을 조성하고 기초예술 분야까지 K-컬처의 글 로벌 위상을 강화해 나가겠습니다. 3년 이상 다년 지원을 통해 창작 안전성을 확 보하고 문화예술 분야 서면계약 체결 비율을 높 여 정당하게 가치를 인정받는 환경을 조성하겠습 니다. 미술진흥법 제정, 한예종 영재원 인재양성 기능 강화, 문화 전문번역 학위과정 설립 등을 통해 K-컬처의 기반인 기초예술을 육성하겠습니다. 예술인 종합지원 플랫폼을 조성하고 예술인 복 지정책 기본계획을 수립하여 사각지대 없는 예술 인 창작 안전망을 구축하겠습니다. 15쪽입니다. 누구나 공정하고 차별 없이 문화를 누리기 위 한 약자 프렌들리 문화정책을 추진하겠습니다. 전국 문화시설의 장애인 이용 접근성을 개선하고 장애인 표준공연장.전시장을 조성하겠습니다. 또한 복지 차원에 머물던 이야기할머니사업을 실버이야기창작배우사업으로 격상 확대시켰습니 다. 어르신의 문화예술활동을 확대하여 품격 있는 노년의 삶을 제공하는 한편 통합문화이용권 지원 을 확대하는 등 차별 없는 문화 누림의 기회를 보장하겠습니다. 16쪽입니다. 국민 품 속 청와대를 격조 있는 문화예술역사 복합공간 랜드마크로 조성하겠습니다. 대통령 역 사, 문화예술, 수목원, 전통문화재가 있는 거대한 복합공간인 청와대를 국민과 함께 문화번영의 시 대를 여는 문화예술역사복합공간으로 만들어 나 가겠습니다. 원형을 보존한 상태에서 청와대가 지닌 콘텐츠 와 건축물을 품격 있고 세련되게 조합하여 예술, 역사, 문화재, 자연이 살아 숨 쉬는 청와대를 구 현하고 민간이 협력하는 롤모델이 되도록 하겠습 니다. 청와대를 예술문화공간으로 조성하여 국민 누 구나 청와대에서 고품격 미술품을 즐기고 관람하 는 예술적 소통과 통합의 공간으로 만들겠습니다. 17쪽입니다. 대통령의 리더십과 삶, 권력 심장부를 실감하 는 상징 공간으로 구성하여 현대사의 리더십이 분출한 현장을 국민께 전달하겠습니다. 침류각, 석조여래좌상 등 문화유적을 보존.조 사하고 녹지원 등을 최고의 한국 정원과 수목원 으로 관리해 나갈 겁니다. 4개의 청와대 콘텐츠 기본 활용방안은 서로 경 쟁하거나 충돌하는 것이 아닌 공존하고 병행하는 것입니다. 청와대를 경복궁, 광화문 등 주변 관광 자원과 연계하여 문화클러스터의 중심으로 발전 시켜 나가겠습니다. 18쪽입니다. 문화를 통해 지역주민의 삶의 질을 높이고 문 화가 지역발전을 이끄는 지역균형시대를 열겠습 니다. 명품문화도시를 지역성장의 선도모델로 육성하고 특화된 콘텐츠와 지역자원을 결합한 문화.관광. 체육 거점을 조성하는 등 지역고유문화의 가치와 매력을 찾아서 정교하게 브랜드화하겠습니다. 어디에 살든 누구나 공정하게 문화를 누릴 수 있도록 문화 취약지역에 활력을 높이고 지역문화 기획자 및 청년 문화인력의 성장을 지원하겠습니 다. 19쪽입니다. 모든 국민이 차별 없이 어울리며 스포츠를 누 리게 하겠습니다. 스포츠 마일리지 제공, 체육시 설 이용료 소득공제를 통해 국민의 스포츠 참여 를 확대해 나가겠습니다. 학생선수 대회 참가 관련 현실과 동떨어진 스 포츠혁신위 권고에 따른 제도를 체육계 현장의 목소리를 반영하여 개선하겠습니다. 국가대표선수와 지도자 수 등을 현실화하고 체 육인 복지 대상을 확대하는 등 전문 스포츠 지원 기반을 구축하겠습니다. 2023 AFC 아시안컵 한국 유치를 위해 전력을 기울이고 있으며 2024 강원 동계청소년올림픽대 회 준비에 만전을 기하는 등 국제스포츠계에서의 위상을 강화하겠습니다. 20쪽입니다. 한국문화의 기반인 한국어, 전통문화의 확산을 통해 K-컬처의 지평을 확대하여 제2, 제3의 전 성기를 만들겠습니다. 세종학당과 세종문화아카데미를 확대하여 한국 어와 한국문화 확산의 선순환 구조를 구축하고 전통문화산업 진흥 관련 법 제정 등 전통문화산 업의 성장기반을 마련하겠습니다. 한류와 패션, 뷰티 등 연관산업의 연계를 강화 하여 경제적 시너지 효과도 극대화해 나가겠습니 다. 21쪽입니다. 코로나19로 불확실성이 지속되고 있는 관광시 장의 조속한 회복을 지원하고 미래 관광산업 육 성 등 차별화된 모델로 관광의 국제적 표준을 제 시하겠습니다. 관광기금 융자 등을 통해 관광의 활기를 생산 하고 방한관광 여건 정상화와 여행수요 회복을 위해 힘쓰겠습니다. 워케이션, 살아보기형 관광 등 새로운 여행 형 태를 제시하고 국민여행혜택 플랫폼 도입을 추진 하여 해외여행 수요의 국내 전환을 지원하겠습니 다. 또한 관광 유니콘 기업 육성, ICT 융합형 인재 양성 등 미래 관광산업 선도를 위한 기반을 구축 하겠습니다. 22쪽 주요현안입니다. 스포츠와 문화가 융합된 2023 AFC 아시안컵 유치를 추진하고 있습니다. 월드컵 10회 연속 출 전국인 우리나라는 아시아 축구 최강국이지만 아 시안컵의 경우 1960년 제2회 대회 이후 우승컵을 차지하지 못했고 제2회 대회만 한국에서 열렸습 니다. 축구에 대한 국민적 관심과 열기를 바탕으로 2023 아시안컵 대회를 유치하여 대한민국 축구의 위상과 자부심을 높이겠습니다. 아시안컵을 스포 츠와 K-컬처가 융합된 문화.스포츠 축제로 승 화시켜 아시안컵의 지평을 넓히고 지역관광 활성 화의 계기를 마련하겠습니다. 이상 보고를 마치고 주요 업무에 대한 보다 상 세한 내용은 배포해 드린 자료를 참고해 주시기 바랍니다. 존경하는 위원장님, 그리고 존경하는 위원님 여러분! 저를 비롯한 문체부의 모든 직원들은 국정감사 에 성실히 임할 것이며, 우리 부가 추진해 온 정 책들에 대한 충고와 지적도 감사히 듣겠습니다. 오늘 위원님들께서 주신 고견과 조언을 면밀히 검토하여 문화정책을 개선해 나갈 수 있도록 적 극 노력하겠습니다. 감사합니다.","◯문화체육관광부장관박보균존경하는국회문화체육관광위원회홍익표위원장님그리고존경하는위원님여러분!문화체육관광부장관박보균입니다.오늘위원님들을모시고업무계획을보고드리게되어기쁘게생각합니다.지난8월31일부터20일동안국민품속청와대의첫번째행사로장애예술인특별전이열렸습니다.문화의공정한접근기회보장과장애인작가들의전시공간및기회확대를위해마련된이번행사에7만여명의국민께서다녀가셨습니다.작품에서뿜어나오는독창성,탁월한기량,예술적투혼에관객들은강렬한시각적자극을받았습니다.예술을통해장애인과비장애인의장벽이허물어지는어울림의장인동시에장애예술인지원활성화를위한상징적인첫걸음이었습니다.장애인의문화.예술.체육.관광의환경이좋아지면모든사람의그분야환경도좋아집니다.‘장애예술인들에게는이러한전시기회가복지다.앞으로도세상과소통할수있는기회가주어지기를바란다’는참여작가와가족들의이야기처럼장애인예술에대한인식이획기적으로변화하는계기가되었다고생각합니다.이와더불어위원님들께서적극적으로앞장서주신결과장애예술인문화예술활동지원법,문화예술진흥법,공연법등이개정되어장애예술인의창작활동을실질적으로뒷받침할수있는기반이마련되었습니다.이러한성과와지난달발표된제1차장애예술인문화예술활동기본계획을바탕으로장애예술인의창작기회를확대하고문화예술활동접근성을강화하기위해더욱노력하겠습니다.우리부가추진하는문화정책이좋은결실을맺을수있도록항상애정어린관심과지원을주시는위원님들께깊은감사의말씀을드립니다.문체부는영화및비디오물의진흥에관한법률개정을통해OTT콘텐츠자체등급분류제도도입,국제회의복합지구지정요건완화등자유로운창작환경과활력넘치는시장을만들기위한규제혁신도적극적으로추진해나가고있습니다.앞으로도위원님들께서마련해주신법적.제도적기반을바탕으로짜임새있는정책과실행방안이마련될수있도록최선을다하겠습니다.그러면주요업무계획보고를드리기에앞서우리부간부를소개합니다.전병극제1차관입니다.조용만제2차관입니다.강석원기획조정실장입니다.윤성천문화예술정책실장입니다.김대현종무실장입니다.황성운국민소통실장입니다.강정원대변인입니다.구경렬감사관입니다.최성희정책기획관입니다.정향미문화정책관입니다.이은복예술정책관입니다.이종률지역문화정책관입니다.이진식소통정책관입니다.박영혜소통지원관직무대리입니다.조영식디지털소통관입니다.김재현콘텐츠정책국장입니다.장경근저작권국장직무대리입니다.박용철미디어정책국장입니다.최보근체육국장입니다.강대금체육협력관입니다.박종택관광정책국장입니다.김상욱관광산업정책관입니다.이승훈운영지원과장입니다.(인사)지금부터배포해드린보고서를바탕으로문화체육관광부의업무현황을보고드리겠습니다.일반현황은자료로대체하고문화프렌들리정부를위한중점추진과제부터보고드리겠습니다.10쪽정책방향입니다.우리부는국민과함께하는세계일류문화매력국가로도약하기위해자유로운창작환경조성,공정한문화접근기회보장,K-컬처로문화번영이라는정책방향을수립하고8대과제를중점추진하고있습니다.부국강병,즉경제력과군사력에더해문화가번영한일류국가로우뚝설수있도록정책적역량을집중해나가겠습니다.11쪽입니다.K-콘텐츠를경제도약을이끌특급견인차로육성하겠습니다.K-콘텐츠의활약으로21년한국의글로벌소프트파워는전년대비3단계상승했으며외국인의81%가한국의이미지를긍정적으로평가했습니다.문체부는K-콘텐츠의글로벌경쟁력과차별성을지속적으로확보하기위해민간주도생태계조성을뒷받침하겠습니다.영화,OTT콘텐츠,K-팝,게임,웹툰등K-컬처의선봉장인콘텐츠산업을집중육성하겠습니다.세제지원및제작인프라조성,해외진출지원등단계별지원을강화하겠습니다.게임확률형아이템정보공개의법제화를지원하고이스포츠진흥에도힘쓰겠습니다.더불어향후5년간4조8000억원규모의자금을콘텐츠시장에공급하여세계적인IP보유기업을육성하고3년간1만명의콘텐츠융복합미래인재를양성하는등콘텐츠산업의성장기반을마련하겠습니다.13쪽입니다.자유의보편적가치와창의가넘치는창작환경을조성하고기초예술분야까지K-컬처의글로벌위상을강화해나가겠습니다.3년이상다년지원을통해창작안전성을확보하고문화예술분야서면계약체결비율을높여정당하게가치를인정받는환경을조성하겠습니다.미술진흥법제정,한예종영재원인재양성기능강화,문화전문번역학위과정설립등을통해K-컬처의기반인기초예술을육성하겠습니다.예술인종합지원플랫폼을조성하고예술인복지정책기본계획을수립하여사각지대없는예술인창작안전망을구축하겠습니다.15쪽입니다.누구나공정하고차별없이문화를누리기위한약자프렌들리문화정책을추진하겠습니다.전국문화시설의장애인이용접근성을개선하고장애인표준공연장.전시장을조성하겠습니다.또한복지차원에머물던이야기할머니사업을실버이야기창작배우사업으로격상확대시켰습니다.어르신의문화예술활동을확대하여품격있는노년의삶을제공하는한편통합문화이용권지원을확대하는등차별없는문화누림의기회를보장하겠습니다.16쪽입니다.국민품속청와대를격조있는문화예술역사복합공간랜드마크로조성하겠습니다.대통령역사,문화예술,수목원,전통문화재가있는거대한복합공간인청와대를국민과함께문화번영의시대를여는문화예술역사복합공간으로만들어나가겠습니다.원형을보존한상태에서청와대가지닌콘텐츠와건축물을품격있고세련되게조합하여예술,역사,문화재,자연이살아숨쉬는청와대를구현하고민간이협력하는롤모델이되도록하겠습니다.청와대를예술문화공간으로조성하여국민누구나청와대에서고품격미술품을즐기고관람하는예술적소통과통합의공간으로만들겠습니다.17쪽입니다.대통령의리더십과삶,권력심장부를실감하는상징공간으로구성하여현대사의리더십이분출한현장을국민께전달하겠습니다.침류각,석조여래좌상등문화유적을보존.조사하고녹지원등을최고의한국정원과수목원으로관리해나갈겁니다.4개의청와대콘텐츠기본활용방안은서로경쟁하거나충돌하는것이아닌공존하고병행하는것입니다.청와대를경복궁,광화문등주변관광자원과연계하여문화클러스터의중심으로발전시켜나가겠습니다.18쪽입니다.문화를통해지역주민의삶의질을높이고문화가지역발전을이끄는지역균형시대를열겠습니다.명품문화도시를지역성장의선도모델로육성하고특화된콘텐츠와지역자원을결합한문화.관광.체육거점을조성하는등지역고유문화의가치와매력을찾아서정교하게브랜드화하겠습니다.어디에살든누구나공정하게문화를누릴수있도록문화취약지역에활력을높이고지역문화기획자및청년문화인력의성장을지원하겠습니다.19쪽입니다.모든국민이차별없이어울리며스포츠를누리게하겠습니다.스포츠마일리지제공,체육시설이용료소득공제를통해국민의스포츠참여를확대해나가겠습니다.학생선수대회참가관련현실과동떨어진스포츠혁신위권고에따른제도를체육계현장의목소리를반영하여개선하겠습니다.국가대표선수와지도자수등을현실화하고체육인복지대상을확대하는등전문스포츠지원기반을구축하겠습니다.2023AFC아시안컵한국유치를위해전력을기울이고있으며2024강원동계청소년올림픽대회준비에만전을기하는등국제스포츠계에서의위상을강화하겠습니다.20쪽입니다.한국문화의기반인한국어,전통문화의확산을통해K-컬처의지평을확대하여제2,제3의전성기를만들겠습니다.세종학당과세종문화아카데미를확대하여한국어와한국문화확산의선순환구조를구축하고전통문화산업진흥관련법제정등전통문화산업의성장기반을마련하겠습니다.한류와패션,뷰티등연관산업의연계를강화하여경제적시너지효과도극대화해나가겠습니다.21쪽입니다.코로나19로불확실성이지속되고있는관광시장의조속한회복을지원하고미래관광산업육성등차별화된모델로관광의국제적표준을제시하겠습니다.관광기금융자등을통해관광의활기를생산하고방한관광여건정상화와여행수요회복을위해힘쓰겠습니다.워케이션,살아보기형관광등새로운여행형태를제시하고국민여행혜택플랫폼도입을추진하여해외여행수요의국내전환을지원하겠습니다.또한관광유니콘기업육성,ICT융합형인재양성등미래관광산업선도를위한기반을구축하겠습니다.22쪽주요현안입니다.스포츠와문화가융합된2023AFC아시안컵유치를추진하고있습니다.월드컵10회연속출전국인우리나라는아시아축구최강국이지만아시안컵의경우1960년제2회대회이후우승컵을차지하지못했고제2회대회만한국에서열렸습니다.축구에대한국민적관심과열기를바탕으로2023아시안컵대회를유치하여대한민국축구의위상과자부심을높이겠습니다.아시안컵을스포츠와K-컬처가융합된문화.스포츠축제로승화시켜아시안컵의지평을넓히고지역관광활성화의계기를마련하겠습니다.이상보고를마치고주요업무에대한보다상세한내용은배포해드린자료를참고해주시기바랍니다.존경하는위원장님,그리고존경하는위원님여러분!저를비롯한문체부의모든직원들은국정감사에성실히임할것이며,우리부가추진해온정책들에대한충고와지적도감사히듣겠습니다.오늘위원님들께서주신고견과조언을면밀히검토하여문화정책을개선해나갈수있도록적극노력하겠습니다.감사합니다.",4976,102,0.9,0.7725,PASS,unreviewed,2325a978b34352c71c9c86f41dc31e925d7a83f54173eaa75d176c2f74ffd671,A7,,
ANS_052229_T00225_T00225,QA_052229_000077,052229,2022-10-05,MSP_052229_A34C4732,관박보균,부장,문화체육관광,agency_official,052229_T00225,052229_T00225,1,22,22,052229_0022_0046,052229_0022_0054,052229_SEG_TURN_00225,"◯문화체육관광부장관 박보균  이게 심층적인 뉴

스 콘텐츠를 발굴하고 보도를 지원하는 사업으로 

듣고 있습니다. 그런데 이 사업을 할 때는 다양

성 또 균형감각, 편중 배제라는 기본 관례와 원

칙이 있는데 지금 위원님께서 지적한 대로 과도

한 편중이라는 느낌을 받을 수밖에 없어서 이 문

제에 대해서는 저희들이 살펴보고 적절한 조치와 

개선대책을 마련할 수밖에 없는 그런 수치를 지

금 위원님께서 제시한 것으로 생각을 합니다.
","◯문화체육관광부장관 박보균 이게 심층적인 뉴 스 콘텐츠를 발굴하고 보도를 지원하는 사업으로 듣고 있습니다. 그런데 이 사업을 할 때는 다양 성 또 균형감각, 편중 배제라는 기본 관례와 원 칙이 있는데 지금 위원님께서 지적한 대로 과도 한 편중이라는 느낌을 받을 수밖에 없어서 이 문 제에 대해서는 저희들이 살펴보고 적절한 조치와 개선대책을 마련할 수밖에 없는 그런 수치를 지 금 위원님께서 제시한 것으로 생각을 합니다.","◯문화체육관광부장관 박보균 이게 심층적인 뉴 스 콘텐츠를 발굴하고 보도를 지원하는 사업으로 듣고 있습니다. 그런데 이 사업을 할 때는 다양 성 또 균형감각, 편중 배제라는 기본 관례와 원 칙이 있는데 지금 위원님께서 지적한 대로 과도 한 편중이라는 느낌을 받을 수밖에 없어서 이 문 제에 대해서는 저희들이 살펴보고 적절한 조치와 개선대책을 마련할 수밖에 없는 그런 수치를 지 금 위원님께서 제시한 것으로 생각을 합니다.","◯문화체육관광부장관박보균이게심층적인뉴스콘텐츠를발굴하고보도를지원하는사업으로듣고있습니다.그런데이사업을할때는다양성또균형감각,편중배제라는기본관례와원칙이있는데지금위원님께서지적한대로과도한편중이라는느낌을받을수밖에없어서이문제에대해서는저희들이살펴보고적절한조치와개선대책을마련할수밖에없는그런수치를지금위원님께서제시한것으로생각을합니다.",234,2,0.9,0.8975,PASS,unreviewed,0718b4508e8e09efe75873127bd122ac755e15064fa011a0c76e78cb704c0ed7,A7,,
ANS_052229_T01115_T01115,QA_052229_000427,052229,2022-10-05,MSP_052229_A34C4732,관박보균,부장,문화체육관광,agency_official,052229_T01115,052229_T01115,1,84,84,052229_0084_0022,052229_0084_0028,052229_SEG_TURN_01115,"◯문화체육관광부장관 박보균  예, 법 개정이 필

요하고, 저희들이 이 문제에 접근하는 원칙은 규

제의 일관성, 단속의 현장성․실효성, 제재가 과

연 적정한가 그 세 가지를 문제를 갖고 접근하고 

있으며, 이것은 저의 부뿐만 아니라 관련 부처와 

이런 문제를 논의해서 실효성 있는 대책을 마련

하겠습니다. 
","◯문화체육관광부장관 박보균 예, 법 개정이 필 요하고, 저희들이 이 문제에 접근하는 원칙은 규 제의 일관성, 단속의 현장성.실효성, 제재가 과 연 적정한가 그 세 가지를 문제를 갖고 접근하고 있으며, 이것은 저의 부뿐만 아니라 관련 부처와 이런 문제를 논의해서 실효성 있는 대책을 마련 하겠습니다.","◯문화체육관광부장관 박보균 예, 법 개정이 필 요하고, 저희들이 이 문제에 접근하는 원칙은 규 제의 일관성, 단속의 현장성.실효성, 제재가 과 연 적정한가 그 세 가지를 문제를 갖고 접근하고 있으며, 이것은 저의 부뿐만 아니라 관련 부처와 이런 문제를 논의해서 실효성 있는 대책을 마련 하겠습니다.","◯문화체육관광부장관박보균예,법개정이필요하고,저희들이이문제에접근하는원칙은규제의일관성,단속의현장성.실효성,제재가과연적정한가그세가지를문제를갖고접근하고있으며,이것은저의부뿐만아니라관련부처와이런문제를논의해서실효성있는대책을마련하겠습니다.",166,1,0.9,0.8975,PASS,unreviewed,85c20afcd39d3bc0907e6bd60a007b12928c4ab8816757f00c7f049bb6e741d5,A7,,
ANS_052315_T00537_T00537,QA_052315_000195,052315,2022-10-24,MSP_052315_A34C4732,관박보균,부장,문화체육관광,agency_official,052315_T00537,052315_T00537,1,38,38,052315_0038_0044,052315_0038_0048,052315_SEG_TURN_00537,"◯문화체육관광부장관 박보균  카타르월드컵 때 

결방으로 인한 피해 그리고 과거에 있었던 결방

으로 인한 프리랜서, 비정규직 외주 방송 노동자

들의 실태를 다시 한번 전면적으로 살펴보면서 

확실한 대책을 마련하겠습니다.
","◯문화체육관광부장관 박보균 카타르월드컵 때 결방으로 인한 피해 그리고 과거에 있었던 결방 으로 인한 프리랜서, 비정규직 외주 방송 노동자 들의 실태를 다시 한번 전면적으로 살펴보면서 확실한 대책을 마련하겠습니다.","◯문화체육관광부장관 박보균 카타르월드컵 때 결방으로 인한 피해 그리고 과거에 있었던 결방 으로 인한 프리랜서, 비정규직 외주 방송 노동자 들의 실태를 다시 한번 전면적으로 살펴보면서 확실한 대책을 마련하겠습니다.","◯문화체육관광부장관박보균카타르월드컵때결방으로인한피해그리고과거에있었던결방으로인한프리랜서,비정규직외주방송노동자들의실태를다시한번전면적으로살펴보면서확실한대책을마련하겠습니다.",118,1,0.9,0.8975,PASS,unreviewed,08b62782bb07c6c245aa41e012b15d3f2eef0396fa0a9452e5a7215a11388b31,A7,,
ANS_052315_T00875_T00875,QA_052315_000324,052315,2022-10-24,MSP_052315_A34C4732,관박보균,부장,문화체육관광,agency_official,052315_T00875,052315_T00875,1,59,59,052315_0059_0081,052315_0059_0089,052315_SEG_TURN_00875,"◯문화체육관광부장관 박보균  지금 지적하신 애

플 수수료 과다 징수 의혹 그 문제에 대해서는 

처음부터 이런 문제가 지적될 때부터 저희 콘텐

츠의 전반적인 정책을 펴고 있는 문체부에서 관

련 부처하고 이 문제에 대한 대책을 의논하고 있

으며 최근에 국회입법조사처도 이 문제에 대한 

지적을 했기 때문에 정밀하게 대책을 마련해서 

지금 걱정하시는 부분을 저희들이 앞장서서 풀어 

나가도록 하겠습니다. 
",◯문화체육관광부장관 박보균 지금 지적하신 애 플 수수료 과다 징수 의혹 그 문제에 대해서는 처음부터 이런 문제가 지적될 때부터 저희 콘텐 츠의 전반적인 정책을 펴고 있는 문체부에서 관 련 부처하고 이 문제에 대한 대책을 의논하고 있 으며 최근에 국회입법조사처도 이 문제에 대한 지적을 했기 때문에 정밀하게 대책을 마련해서 지금 걱정하시는 부분을 저희들이 앞장서서 풀어 나가도록 하겠습니다.,◯문화체육관광부장관 박보균 지금 지적하신 애 플 수수료 과다 징수 의혹 그 문제에 대해서는 처음부터 이런 문제가 지적될 때부터 저희 콘텐 츠의 전반적인 정책을 펴고 있는 문체부에서 관 련 부처하고 이 문제에 대한 대책을 의논하고 있 으며 최근에 국회입법조사처도 이 문제에 대한 지적을 했기 때문에 정밀하게 대책을 마련해서 지금 걱정하시는 부분을 저희들이 앞장서서 풀어 나가도록 하겠습니다.,◯문화체육관광부장관박보균지금지적하신애플수수료과다징수의혹그문제에대해서는처음부터이런문제가지적될때부터저희콘텐츠의전반적인정책을펴고있는문체부에서관련부처하고이문제에대한대책을의논하고있으며최근에국회입법조사처도이문제에대한지적을했기때문에정밀하게대책을마련해서지금걱정하시는부분을저희들이앞장서서풀어나가도록하겠습니다.,217,1,0.9,0.8975,PASS,unreviewed,b01748ece23e943f36edb1c2308465f3574375d86a2abb055d6ba4efed36fd85,A7,,
ANS_052315_T01217_T01217,QA_052315_000420,052315,2022-10-24,MSP_052315_FDF1AAC5,양충연,사무총장,대한장애인체육회,agency_official,052315_T01217,052315_T01217,1,78,78,052315_0078_0077,052315_0078_0079,052315_SEG_TURN_01217,"◯대한장애인체육회사무총장 양충연  위원님께서 

지금 말씀해 주신 사항을 반영해서 다시 한번 더 

계획을 수립하도록 하겠습니다. 
",◯대한장애인체육회사무총장 양충연 위원님께서 지금 말씀해 주신 사항을 반영해서 다시 한번 더 계획을 수립하도록 하겠습니다.,◯대한장애인체육회사무총장 양충연 위원님께서 지금 말씀해 주신 사항을 반영해서 다시 한번 더 계획을 수립하도록 하겠습니다.,◯대한장애인체육회사무총장양충연위원님께서지금말씀해주신사항을반영해서다시한번더계획을수립하도록하겠습니다.,67,1,0.9,0.8975,PASS,unreviewed,744a89d6c9f7e7cfc2d88a1ab8211d52cf2a9fbf7d4c18e9871aebbcfc2b84b6,A7,,
ANS_052364_T00256_T00256,QA_052364_000096,052364,2022-10-18,MSP_052364_88359007,장형준,사장,예술의전당,agency_head,052364_T00256,052364_T00256,1,20,20,052364_0020_0013,052364_0020_0017,052364_SEG_TURN_00256,"◯예술의전당사장장형준
저희는그지적사항을

토대로해당사업의정상적운영계획을수립중

에있습니다.

그리고향후사업계획을면밀히검토해서제대

로잘진행하도록추진하겠습니다.
",◯예술의전당사장장형준 저희는그지적사항을 토대로해당사업의정상적운영계획을수립중 에있습니다. 그리고향후사업계획을면밀히검토해서제대 로잘진행하도록추진하겠습니다.,◯예술의전당사장장형준 저희는그지적사항을 토대로해당사업의정상적운영계획을수립중 에있습니다. 그리고향후사업계획을면밀히검토해서제대 로잘진행하도록추진하겠습니다.,◯예술의전당사장장형준저희는그지적사항을토대로해당사업의정상적운영계획을수립중에있습니다.그리고향후사업계획을면밀히검토해서제대로잘진행하도록추진하겠습니다.,84,2,0.9,0.8975,PASS,unreviewed,5cec99ab69f2cca58e89b857bcb7d572006abe1099cf968f00724280fd36c1e4,A7,,
ANS_052493_T00522_T00522,QA_052493_000217,052493,2022-10-14,MSP_052493_135FD702,이기흥,회장,대한체육,agency_head,052493_T00522,052493_T00522,1,29,29,052493_0029_0033,052493_0029_0033,052493_SEG_TURN_00522,"◯대한체육회장 이기흥  25년 2월까지입니다.
",◯대한체육회장 이기흥 25년 2월까지입니다.,◯대한체육회장 이기흥 25년 2월까지입니다.,◯대한체육회장이기흥25년2월까지입니다.,24,1,0.9,0.8975,PASS,unreviewed,9f26476e451266678d4bf82493d791e72dea2e9fc20e0fb4bef46f8e3a95577f,A7,,
ANS_053357_T00276_T00276,QA_053357_000123,053357,2023-10-19,MSP_053357_18425116,김장실,사장,한국관광공사,agency_head,053357_T00276,053357_T00276,1,18,18,053357_0018_0022,053357_0018_0031,053357_SEG_TURN_00276,"◯한국관광공사사장 김장실  우선 두 가지 조치

를 하겠습니다. 우선 명장들하고 관련 단체 전문

가 회의를 해서 그분들이 요청하는 사항을 수요

를 정확하게 파악하겠습니다.

  두 번째, 그에 따른 대책을 마련해 가지고 우

선 전시 공간이 필요하기 때문에 외국인이 제일 

많이 다니고 있는 인천공항공사 그리고 서울역 

관련하고 있는 곳하고 회의를 해 가지고 전시가 

되도록 하겠습니다. 그때 진행하면서 다시 대표

님한테 말씀을 올리겠습니다.
","◯한국관광공사사장 김장실 우선 두 가지 조치 를 하겠습니다. 우선 명장들하고 관련 단체 전문 가 회의를 해서 그분들이 요청하는 사항을 수요 를 정확하게 파악하겠습니다. 두 번째, 그에 따른 대책을 마련해 가지고 우 선 전시 공간이 필요하기 때문에 외국인이 제일 많이 다니고 있는 인천공항공사 그리고 서울역 관련하고 있는 곳하고 회의를 해 가지고 전시가 되도록 하겠습니다. 그때 진행하면서 다시 대표 님한테 말씀을 올리겠습니다.","◯한국관광공사사장 김장실 우선 두 가지 조치 를 하겠습니다. 우선 명장들하고 관련 단체 전문 가 회의를 해서 그분들이 요청하는 사항을 수요 를 정확하게 파악하겠습니다. 두 번째, 그에 따른 대책을 마련해 가지고 우 선 전시 공간이 필요하기 때문에 외국인이 제일 많이 다니고 있는 인천공항공사 그리고 서울역 관련하고 있는 곳하고 회의를 해 가지고 전시가 되도록 하겠습니다. 그때 진행하면서 다시 대표 님한테 말씀을 올리겠습니다.","◯한국관광공사사장김장실우선두가지조치를하겠습니다.우선명장들하고관련단체전문가회의를해서그분들이요청하는사항을수요를정확하게파악하겠습니다.두번째,그에따른대책을마련해가지고우선전시공간이필요하기때문에외국인이제일많이다니고있는인천공항공사그리고서울역관련하고있는곳하고회의를해가지고전시가되도록하겠습니다.그때진행하면서다시대표님한테말씀을올리겠습니다.",238,4,0.9,0.8975,PASS,unreviewed,4d0db1a0100253b8db597e7c45097f36622cf3c5d9f00de3e2b26a1c8634dc19,A7,,
ANS_053389_T00326_T00326,QA_053389_000126,053389,2023-10-26,MSP_053389_B01AB979,관유인촌,부장,문화체육관광,agency_official,053389_T00326,053389_T00326,1,24,24,053389_0024_0043,053389_0024_0085,053389_SEG_TURN_00326,"◯문화체육관광부장관 유인촌  지금 존경하는 김

윤덕 위원님 말씀처럼 저도 이 문제를 취임식 하

고 사실은 상당히 많이 고민을 하고 있습니다. 

예산을 제가 세우지는 않았기 때문에 과연 얼마

만큼 이게 보완이 될 것인가를 연구하는 과정에

서, 일단은 제가 얼마 전에 신안에 문화의 달 행

사 때문에 내려갔거든요. 그런데 제가 조금 미안

했어요. 왜냐하면 예술섬 프로젝트라고 해서 섬

마다 지금 미술관을 만들고 있는데, 그래서 도대

체 이 많은 예산을 어디서…… 문화부에서 지원

을 했는가? 그랬더니 문화부에서는 한 푼도 안 

받았다고 얘기를 하시더라고요. 그래서 아니, 그

런데 어떻게 이렇게 이런 미술관 이것을 하고 있

는가? 그랬더니 행안부의 지방소멸 자금 뭐 이

런……

  그래서 이런 방법으로, 그러니까 저희 문화부

가 아니더라도 행안부나 기타 농수산부, 해양수

산부에서 가지고 있는 예산으로 거의 예술․관

광․문화 쪽 일을 많이 하시더라고요.

  그래서 제가 우리 부처하고 회의하면서 지금 

전 부처의 문화와 관련된 모든 사업을 협의하기

로 했습니다. 그래서 저희가 관여하고 컨설팅하

고, 저희 예산은 아니지만. 그래서 왜 처음 제 인

사청문회할 때 말씀드렸던 그런 대통령 직속의 

문화위원회가 필요하다라고 얘기했던 것처럼 말

하자면 이번에 일단은 예산이 부족하면 그런 방

법으로 보완을 하겠습니다.

  그리고 기존의 저희 기관장님들 다 나와 계시

지만 국립예술단체, 미술관․박물관, 기타 다른 

관광공사 다 포함해서 전체적으로 지역에 가서 

활동할 수 있는 근거를 이번에 다 정리하겠습니

다.

  그래서 아마 미술관․박물관도 수장고에 있는 

것 그대로 놔두지 않고 지역을 계속 순회할 수 

있도록 만들 것이고요. 예술단체는 물론입니다. 

그것 지방에 있는 문화예술회관 절대 안 놀리겠

습니다. 그래서 그런 것은 저희들이 올 12월까지 

모든 계획이 완료되면 상임위의 위원님들한테 한

번 제대로 다 보고를 드리고요.

  예산이 없으면 없는 대로 영화 예산이고 관광 

예산이고 최대한도로 우리가 여러 실․국에서 할 

수 있는 모든 일을 다 해서 지역 사업에 잘 균형

될 수 있도록 하겠다는 말씀 드리겠습니다.
","◯문화체육관광부장관 유인촌 지금 존경하는 김 윤덕 위원님 말씀처럼 저도 이 문제를 취임식 하 고 사실은 상당히 많이 고민을 하고 있습니다. 예산을 제가 세우지는 않았기 때문에 과연 얼마 만큼 이게 보완이 될 것인가를 연구하는 과정에 서, 일단은 제가 얼마 전에 신안에 문화의 달 행 사 때문에 내려갔거든요. 그런데 제가 조금 미안 했어요. 왜냐하면 예술섬 프로젝트라고 해서 섬 마다 지금 미술관을 만들고 있는데, 그래서 도대 체 이 많은 예산을 어디서...... 문화부에서 지원 을 했는가? 그랬더니 문화부에서는 한 푼도 안 받았다고 얘기를 하시더라고요. 그래서 아니, 그 런데 어떻게 이렇게 이런 미술관 이것을 하고 있 는가? 그랬더니 행안부의 지방소멸 자금 뭐 이 런...... 그래서 이런 방법으로, 그러니까 저희 문화부 가 아니더라도 행안부나 기타 농수산부, 해양수 산부에서 가지고 있는 예산으로 거의 예술.관 광.문화 쪽 일을 많이 하시더라고요. 그래서 제가 우리 부처하고 회의하면서 지금 전 부처의 문화와 관련된 모든 사업을 협의하기 로 했습니다. 그래서 저희가 관여하고 컨설팅하 고, 저희 예산은 아니지만. 그래서 왜 처음 제 인 사청문회할 때 말씀드렸던 그런 대통령 직속의 문화위원회가 필요하다라고 얘기했던 것처럼 말 하자면 이번에 일단은 예산이 부족하면 그런 방 법으로 보완을 하겠습니다. 그리고 기존의 저희 기관장님들 다 나와 계시 지만 국립예술단체, 미술관.박물관, 기타 다른 관광공사 다 포함해서 전체적으로 지역에 가서 활동할 수 있는 근거를 이번에 다 정리하겠습니 다. 그래서 아마 미술관.박물관도 수장고에 있는 것 그대로 놔두지 않고 지역을 계속 순회할 수 있도록 만들 것이고요. 예술단체는 물론입니다. 그것 지방에 있는 문화예술회관 절대 안 놀리겠 습니다. 그래서 그런 것은 저희들이 올 12월까지 모든 계획이 완료되면 상임위의 위원님들한테 한 번 제대로 다 보고를 드리고요. 예산이 없으면 없는 대로 영화 예산이고 관광 예산이고 최대한도로 우리가 여러 실.국에서 할 수 있는 모든 일을 다 해서 지역 사업에 잘 균형 될 수 있도록 하겠다는 말씀 드리겠습니다.","◯문화체육관광부장관 유인촌 지금 존경하는 김 윤덕 위원님 말씀처럼 저도 이 문제를 취임식 하 고 사실은 상당히 많이 고민을 하고 있습니다. 예산을 제가 세우지는 않았기 때문에 과연 얼마 만큼 이게 보완이 될 것인가를 연구하는 과정에 서, 일단은 제가 얼마 전에 신안에 문화의 달 행 사 때문에 내려갔거든요. 그런데 제가 조금 미안 했어요. 왜냐하면 예술섬 프로젝트라고 해서 섬 마다 지금 미술관을 만들고 있는데, 그래서 도대 체 이 많은 예산을 어디서...... 문화부에서 지원 을 했는가? 그랬더니 문화부에서는 한 푼도 안 받았다고 얘기를 하시더라고요. 그래서 아니, 그 런데 어떻게 이렇게 이런 미술관 이것을 하고 있 는가? 그랬더니 행안부의 지방소멸 자금 뭐 이 런...... 그래서 이런 방법으로, 그러니까 저희 문화부 가 아니더라도 행안부나 기타 농수산부, 해양수 산부에서 가지고 있는 예산으로 거의 예술.관 광.문화 쪽 일을 많이 하시더라고요. 그래서 제가 우리 부처하고 회의하면서 지금 전 부처의 문화와 관련된 모든 사업을 협의하기 로 했습니다. 그래서 저희가 관여하고 컨설팅하 고, 저희 예산은 아니지만. 그래서 왜 처음 제 인 사청문회할 때 말씀드렸던 그런 대통령 직속의 문화위원회가 필요하다라고 얘기했던 것처럼 말 하자면 이번에 일단은 예산이 부족하면 그런 방 법으로 보완을 하겠습니다. 그리고 기존의 저희 기관장님들 다 나와 계시 지만 국립예술단체, 미술관.박물관, 기타 다른 관광공사 다 포함해서 전체적으로 지역에 가서 활동할 수 있는 근거를 이번에 다 정리하겠습니 다. 그래서 아마 미술관.박물관도 수장고에 있는 것 그대로 놔두지 않고 지역을 계속 순회할 수 있도록 만들 것이고요. 예술단체는 물론입니다. 그것 지방에 있는 문화예술회관 절대 안 놀리겠 습니다. 그래서 그런 것은 저희들이 올 12월까지 모든 계획이 완료되면 상임위의 위원님들한테 한 번 제대로 다 보고를 드리고요. 예산이 없으면 없는 대로 영화 예산이고 관광 예산이고 최대한도로 우리가 여러 실.국에서 할 수 있는 모든 일을 다 해서 지역 사업에 잘 균형 될 수 있도록 하겠다는 말씀 드리겠습니다.","◯문화체육관광부장관유인촌지금존경하는김윤덕위원님말씀처럼저도이문제를취임식하고사실은상당히많이고민을하고있습니다.예산을제가세우지는않았기때문에과연얼마만큼이게보완이될것인가를연구하는과정에서,일단은제가얼마전에신안에문화의달행사때문에내려갔거든요.그런데제가조금미안했어요.왜냐하면예술섬프로젝트라고해서섬마다지금미술관을만들고있는데,그래서도대체이많은예산을어디서......문화부에서지원을했는가?그랬더니문화부에서는한푼도안받았다고얘기를하시더라고요.그래서아니,그런데어떻게이렇게이런미술관이것을하고있는가?그랬더니행안부의지방소멸자금뭐이런......그래서이런방법으로,그러니까저희문화부가아니더라도행안부나기타농수산부,해양수산부에서가지고있는예산으로거의예술.관광.문화쪽일을많이하시더라고요.그래서제가우리부처하고회의하면서지금전부처의문화와관련된모든사업을협의하기로했습니다.그래서저희가관여하고컨설팅하고,저희예산은아니지만.그래서왜처음제인사청문회할때말씀드렸던그런대통령직속의문화위원회가필요하다라고얘기했던것처럼말하자면이번에일단은예산이부족하면그런방법으로보완을하겠습니다.그리고기존의저희기관장님들다나와계시지만국립예술단체,미술관.박물관,기타다른관광공사다포함해서전체적으로지역에가서활동할수있는근거를이번에다정리하겠습니다.그래서아마미술관.박물관도수장고에있는것그대로놔두지않고지역을계속순회할수있도록만들것이고요.예술단체는물론입니다.그것지방에있는문화예술회관절대안놀리겠습니다.그래서그런것은저희들이올12월까지모든계획이완료되면상임위의위원님들한테한번제대로다보고를드리고요.예산이없으면없는대로영화예산이고관광예산이고최대한도로우리가여러실.국에서할수있는모든일을다해서지역사업에잘균형될수있도록하겠다는말씀드리겠습니다.",1056,18,0.9,0.8975,PASS,unreviewed,7cbaad046c794e4a52480b4c9e22b3fa9a7db1c15a0905ea2835a95d8748ab7e,A7,,
ANS_053680_T00941_T00941,QA_053680_000396,053680,2023-10-12,MSP_053680_E61C88B9,최응천,청장,문화재,agency_head,053680_T00941,053680_T00941,1,60,60,053680_0060_0062,053680_0060_0081,053680_SEG_TURN_00941,"◯문화재청장 최응천  아까 경기민요 관련은 처

음에 이상헌 위원장님께서 말씀하셨을 때 제가 

한번 답변을 드린 적이 있습니다만 처음 1975년 

지정 당시부터 12잡가 전곡을 전승 대상으로 지

정한 종목입니다. 그러다 보니까 유파를 인정 안 

한 것이 사실이고요.

  그리고 또 하나, 제일 어려운 것이 저희가 사

람이 사람을 지정하는 이러한 어려운 시점에서 

우선적으로 염두에 두는 것은 심사에 대한 기량

평가입니다. 기량평가의 우선순위에서, 솔직히 말

씀드리면 이번에 지정되지 못하신 분들이 기량평

가에서 범위 밖으로 벗어났기 때문에, 그러니까 

그것은 아까 말씀하신 대로 유파로 인정하면 기

량이 떨어지더라도 그쪽에서 다시 심사를 받을 

수가 있습니다만 이것을 인정하지 않는 바람에 

조금 부족한 상황에서 거기에 포함이 안 됐던 것

으로 파악을 하고 있습니다.

  그래서 무슨 말씀인지 제가 잘 파악을 해서요 

빠른 시간에 여러 가지 보완 대책을 마련토록 하

겠습니다.
","◯문화재청장 최응천 아까 경기민요 관련은 처 음에 이상헌 위원장님께서 말씀하셨을 때 제가 한번 답변을 드린 적이 있습니다만 처음 1975년 지정 당시부터 12잡가 전곡을 전승 대상으로 지 정한 종목입니다. 그러다 보니까 유파를 인정 안 한 것이 사실이고요. 그리고 또 하나, 제일 어려운 것이 저희가 사 람이 사람을 지정하는 이러한 어려운 시점에서 우선적으로 염두에 두는 것은 심사에 대한 기량 평가입니다. 기량평가의 우선순위에서, 솔직히 말 씀드리면 이번에 지정되지 못하신 분들이 기량평 가에서 범위 밖으로 벗어났기 때문에, 그러니까 그것은 아까 말씀하신 대로 유파로 인정하면 기 량이 떨어지더라도 그쪽에서 다시 심사를 받을 수가 있습니다만 이것을 인정하지 않는 바람에 조금 부족한 상황에서 거기에 포함이 안 됐던 것 으로 파악을 하고 있습니다. 그래서 무슨 말씀인지 제가 잘 파악을 해서요 빠른 시간에 여러 가지 보완 대책을 마련토록 하 겠습니다.","◯문화재청장 최응천 아까 경기민요 관련은 처 음에 이상헌 위원장님께서 말씀하셨을 때 제가 한번 답변을 드린 적이 있습니다만 처음 1975년 지정 당시부터 12잡가 전곡을 전승 대상으로 지 정한 종목입니다. 그러다 보니까 유파를 인정 안 한 것이 사실이고요. 그리고 또 하나, 제일 어려운 것이 저희가 사 람이 사람을 지정하는 이러한 어려운 시점에서 우선적으로 염두에 두는 것은 심사에 대한 기량 평가입니다. 기량평가의 우선순위에서, 솔직히 말 씀드리면 이번에 지정되지 못하신 분들이 기량평 가에서 범위 밖으로 벗어났기 때문에, 그러니까 그것은 아까 말씀하신 대로 유파로 인정하면 기 량이 떨어지더라도 그쪽에서 다시 심사를 받을 수가 있습니다만 이것을 인정하지 않는 바람에 조금 부족한 상황에서 거기에 포함이 안 됐던 것 으로 파악을 하고 있습니다. 그래서 무슨 말씀인지 제가 잘 파악을 해서요 빠른 시간에 여러 가지 보완 대책을 마련토록 하 겠습니다.","◯문화재청장최응천아까경기민요관련은처음에이상헌위원장님께서말씀하셨을때제가한번답변을드린적이있습니다만처음1975년지정당시부터12잡가전곡을전승대상으로지정한종목입니다.그러다보니까유파를인정안한것이사실이고요.그리고또하나,제일어려운것이저희가사람이사람을지정하는이러한어려운시점에서우선적으로염두에두는것은심사에대한기량평가입니다.기량평가의우선순위에서,솔직히말씀드리면이번에지정되지못하신분들이기량평가에서범위밖으로벗어났기때문에,그러니까그것은아까말씀하신대로유파로인정하면기량이떨어지더라도그쪽에서다시심사를받을수가있습니다만이것을인정하지않는바람에조금부족한상황에서거기에포함이안됐던것으로파악을하고있습니다.그래서무슨말씀인지제가잘파악을해서요빠른시간에여러가지보완대책을마련토록하겠습니다.",476,5,0.9,0.8975,PASS,unreviewed,8ef21c9bab66df5ac7148e6a4f2343c890bda2cb626d898e2a62dffc9201de80,A7,,
ANS_054269_T01036_T01036,QA_054269_000450,054269,2024-10-10,MSP_054269_881471F9,최응천,청장,국가유산,agency_head,054269_T01036,054269_T01036,1,84,84,054269_0084_0026,054269_0084_0029,054269_SEG_TURN_01036,"◯국가유산청장최응천
아까위원님지적하신중에지금가장시급한문제가공개구입

이라는경우가있습니다. 공개구입은투명한절차로공고를내고하기때문에더큰문

제가없는데이렇게그때그때필요할때구입했을때이러한현상이발생되는것을제가

보고서문화유산국민신탁은이것을아예제도를없애는방향으로바로추진하겠습니다.
",◯국가유산청장최응천 아까위원님지적하신중에지금가장시급한문제가공개구입 이라는경우가있습니다. 공개구입은투명한절차로공고를내고하기때문에더큰문 제가없는데이렇게그때그때필요할때구입했을때이러한현상이발생되는것을제가 보고서문화유산국민신탁은이것을아예제도를없애는방향으로바로추진하겠습니다.,◯국가유산청장최응천 아까위원님지적하신중에지금가장시급한문제가공개구입 이라는경우가있습니다. 공개구입은투명한절차로공고를내고하기때문에더큰문 제가없는데이렇게그때그때필요할때구입했을때이러한현상이발생되는것을제가 보고서문화유산국민신탁은이것을아예제도를없애는방향으로바로추진하겠습니다.,◯국가유산청장최응천아까위원님지적하신중에지금가장시급한문제가공개구입이라는경우가있습니다.공개구입은투명한절차로공고를내고하기때문에더큰문제가없는데이렇게그때그때필요할때구입했을때이러한현상이발생되는것을제가보고서문화유산국민신탁은이것을아예제도를없애는방향으로바로추진하겠습니다.,147,2,0.9,0.8975,PASS,unreviewed,009a8d948e8b73fa574d4e3f2adf1d6b5a5934673864f997753668a2f5f7910f,A7,,
ANS_054576_T03129_T03129,QA_054576_001375,054576,2024-10-22,MSP_054576_FBA518B9,이정우,국장,문화체육관광부체육,agency_official,054576_T03129,054576_T03129,1,196,196,054576_0196_0028,054576_0196_0028,054576_SEG_TURN_03129,"◯문화체육관광부체육국장이정우
예, 개선하겠습니다.
","◯문화체육관광부체육국장이정우 예, 개선하겠습니다.","◯문화체육관광부체육국장이정우 예, 개선하겠습니다.","◯문화체육관광부체육국장이정우예,개선하겠습니다.",27,1,0.9,0.8975,PASS,unreviewed,9154e3bb77e7c734755be71e960d4c8b40f633c95a9238857c68f3813161782f,A7,,
ANS_N053479_T00095_T00095,QA_N053479_000032,N053479,2025-10-14,MSP_N053479_EF714437,관최휘영,부장,문화체육관광,agency_official,N053479_T00095,N053479_T00095,1,17,17,N053479_0017_0025,N053479_0017_0025,N053479_SEG_TURN_00095,"◯문화체육관광부장관최휘영
예, 말씀하신대로그렇게추진하겠습니다.
","◯문화체육관광부장관최휘영 예, 말씀하신대로그렇게추진하겠습니다.","◯문화체육관광부장관최휘영 예, 말씀하신대로그렇게추진하겠습니다.","◯문화체육관광부장관최휘영예,말씀하신대로그렇게추진하겠습니다.",34,1,0.9,0.8975,PASS,unreviewed,8c8d8fc370f1448ee35d7ba0ec65982649a8ad1aaab6acadf8ea599cb8f61f92,A7,,
ANS_N053479_T00957_T00957,QA_N053479_000367,N053479,2025-10-14,MSP_N053479_EF714437,관최휘영,부장,문화체육관광,agency_official,N053479_T00957,N053479_T00957,1,91,91,N053479_0091_0014,N053479_0091_0015,N053479_SEG_TURN_00957,"◯문화체육관광부장관최휘영
1000석이상부분은2026년5월까지지금하기로돼있

는데그부분은……
",◯문화체육관광부장관최휘영 1000석이상부분은2026년5월까지지금하기로돼있 는데그부분은......,◯문화체육관광부장관최휘영 1000석이상부분은2026년5월까지지금하기로돼있 는데그부분은......,◯문화체육관광부장관최휘영1000석이상부분은2026년5월까지지금하기로돼있는데그부분은......,53,1,0.9,0.8975,PASS,unreviewed,00b7ac13ebdfd370ece38d2abb434597838908d31435b60753201521b0084a45,A7,,
ANS_N053481_T00190_T00190,QA_N053481_000082,N053481,2025-10-16,MSP_N053481_C33CDEBC,허민,청장,국가유산,agency_head,N053481_T00190,N053481_T00190,1,20,20,N053481_0020_0020,N053481_0020_0021,N053481_SEG_TURN_00190,"◯국가유산청장허민
위원에대해서도내년5월까지저희들이전체적으로세대혁신하

고자지금바꾸고있습니다.
",◯국가유산청장허민 위원에대해서도내년5월까지저희들이전체적으로세대혁신하 고자지금바꾸고있습니다.,◯국가유산청장허민 위원에대해서도내년5월까지저희들이전체적으로세대혁신하 고자지금바꾸고있습니다.,◯국가유산청장허민위원에대해서도내년5월까지저희들이전체적으로세대혁신하고자지금바꾸고있습니다.,50,1,0.9,0.8975,PASS,unreviewed,e7c5e877567571c59e9fe36056252842afb86d71bfdc3e0aff1ea5bd72369fbf,A7,,
ANS_N053483_T00043_T00043,QA_N053483_000008,N053483,2025-10-23,MSP_N053483_A916A600,정향미,국장,문화체육관광부저작권,agency_official,N053483_T00043,N053483_T00043,1,11,11,N053483_0011_0014,N053483_0011_0017,N053483_SEG_TURN_00043,"◯문화체육관광부저작권국장정향미
마련을해보겠습니다. 지금주신말씀굉장히옳

으신지적이고요. 저희가자문내역이나이런부분들에대해서인지를했고그리고그

자문이어떠한, 그러니까통상의보수보다더많이됐는지그리고자문의범위가어디였

는지낱낱이조사를해서거기에합당한대책을마련하도록하겠습니다.
","◯문화체육관광부저작권국장정향미 마련을해보겠습니다. 지금주신말씀굉장히옳 으신지적이고요. 저희가자문내역이나이런부분들에대해서인지를했고그리고그 자문이어떠한, 그러니까통상의보수보다더많이됐는지그리고자문의범위가어디였 는지낱낱이조사를해서거기에합당한대책을마련하도록하겠습니다.","◯문화체육관광부저작권국장정향미 마련을해보겠습니다. 지금주신말씀굉장히옳 으신지적이고요. 저희가자문내역이나이런부분들에대해서인지를했고그리고그 자문이어떠한, 그러니까통상의보수보다더많이됐는지그리고자문의범위가어디였 는지낱낱이조사를해서거기에합당한대책을마련하도록하겠습니다.","◯문화체육관광부저작권국장정향미마련을해보겠습니다.지금주신말씀굉장히옳으신지적이고요.저희가자문내역이나이런부분들에대해서인지를했고그리고그자문이어떠한,그러니까통상의보수보다더많이됐는지그리고자문의범위가어디였는지낱낱이조사를해서거기에합당한대책을마련하도록하겠습니다.",144,3,0.9,0.8975,PASS,unreviewed,f4a2935f388f34eaaa1b3c80f2f5d10c936c2af668d3edd35d038b86509776da,A7,,
ANS_N053485_T01795_T01795,QA_N053485_000607,N053485,2025-10-27,MSP_N053485_FF2581A0,강수상,국장,문화체육관광부체육,agency_official,N053485_T01795,N053485_T01795,1,135,135,N053485_0135_0011,N053485_0135_0012,N053485_SEG_TURN_01795,"◯문화체육관광부체육국장강수상
마련된이후에철거를할계획이고요. 제가말씀드린

건2026년12월까지철거와이전계획을저희가유네스코에보고하게돼있습니다.
",◯문화체육관광부체육국장강수상 마련된이후에철거를할계획이고요. 제가말씀드린 건2026년12월까지철거와이전계획을저희가유네스코에보고하게돼있습니다.,◯문화체육관광부체육국장강수상 마련된이후에철거를할계획이고요. 제가말씀드린 건2026년12월까지철거와이전계획을저희가유네스코에보고하게돼있습니다.,◯문화체육관광부체육국장강수상마련된이후에철거를할계획이고요.제가말씀드린건2026년12월까지철거와이전계획을저희가유네스코에보고하게돼있습니다.,77,2,0.9,0.8975,PASS,unreviewed,6716702ed9a2c467e09be3b7fba59fa7d48456b5ba44bde2582ab3a46ea9ad41,A7,,
ANS_N053487_T00398_T00398,QA_N053487_000143,N053487,2025-10-29,MSP_N053487_C33CDEBC,허민,청장,국가유산,agency_head,N053487_T00398,N053487_T00398,1,39,39,N053487_0039_0016,N053487_0039_0019,N053487_SEG_TURN_00398,"◯국가유산청장허민
태권도는저희국민의가장큰자존심적인문제라서제가취임하

고나서여러분야의많은분들을만났습니다. 모시고협의를했고. 지금저희들은문체

부와상의를하고같이협의회를구성하고있습니다마는이번12월까지공모를거쳐서

내년3월에우리가선정이되면선정을해서바로유네스코에신청하도록하겠습니다.
",◯국가유산청장허민 태권도는저희국민의가장큰자존심적인문제라서제가취임하 고나서여러분야의많은분들을만났습니다. 모시고협의를했고. 지금저희들은문체 부와상의를하고같이협의회를구성하고있습니다마는이번12월까지공모를거쳐서 내년3월에우리가선정이되면선정을해서바로유네스코에신청하도록하겠습니다.,◯국가유산청장허민 태권도는저희국민의가장큰자존심적인문제라서제가취임하 고나서여러분야의많은분들을만났습니다. 모시고협의를했고. 지금저희들은문체 부와상의를하고같이협의회를구성하고있습니다마는이번12월까지공모를거쳐서 내년3월에우리가선정이되면선정을해서바로유네스코에신청하도록하겠습니다.,◯국가유산청장허민태권도는저희국민의가장큰자존심적인문제라서제가취임하고나서여러분야의많은분들을만났습니다.모시고협의를했고.지금저희들은문체부와상의를하고같이협의회를구성하고있습니다마는이번12월까지공모를거쳐서내년3월에우리가선정이되면선정을해서바로유네스코에신청하도록하겠습니다.,149,3,0.9,0.8975,PASS,unreviewed,a77ed39186985ea2e7de809f57a2238dc616c39cee043e3a1c31a1a0ee66a774,A7,,
ANS_050308_T00663_T00664,QA_050308_000234,050308,2020-10-07,MSP_050308_64CA9D06,관박양우,부장,문화체육관광,agency_official,050308_T00663,050308_T00664,2,60,60,050308_0060_0048,050308_0060_0073,050308_SEG_TURN_00663,"◯문화체육관광부장관박양우
예.
◯박정위원
상담건수를보면1월에서8월까지

약1만2000건이걸렸는데지난해대비해서2.4

배가증가했고응대하지못한것도건수가2배를

넘었습니다.

그리고자살을보면진짜불행한통계인데세

계1위로서하루에37.5명꼴로1만3670명이지
금자살하고있습니다.

자살통계는그사건이있은이후에1년후에

더증가하거든요. 그래서이런것들을극복해내

기위해서여러가지예산도필요하고정책도필

요할텐데, 코로나우울은진짜개인적인문제뿐

만아니라이게우울이깊어져서절망에빠지면

비난대상을찾아서분노를터뜨리고결국은이게

사회적약자를대상으로한혐오와비난이증가

하게된답니다.

그래서이런혐오와비난이결국사회적문제

가되는데, 그래서이런점을정부가대응하기

위해서의료적접근뿐만아니라문화적접근도
해야된다, 그래서WHO 유럽사무소에서는예술

활동이스트레스감소나자존감, 사회적관계의

향상, 정신적질병에대한저항력이증가한다고

보고가됐고요.

가장중요한게우리문체부에서다루는문

화․예술․체육․관광분야입니다. 관광은지금
어려운상황이지만국내관광으로대체할수가있

고요.

그래서지금문체부에서준비하는게, 문화돌

봄사업을계획했었지요?

◯문화체육관광부장관박양우
예, 그렇습니다.
","◯문화체육관광부장관박양우 예. ◯박정위원 상담건수를보면1월에서8월까지 약1만2000건이걸렸는데지난해대비해서2.4 배가증가했고응대하지못한것도건수가2배를 넘었습니다. 그리고자살을보면진짜불행한통계인데세 계1위로서하루에37.5명꼴로1만3670명이지 금자살하고있습니다. 자살통계는그사건이있은이후에1년후에 더증가하거든요. 그래서이런것들을극복해내 기위해서여러가지예산도필요하고정책도필 요할텐데, 코로나우울은진짜개인적인문제뿐 만아니라이게우울이깊어져서절망에빠지면 비난대상을찾아서분노를터뜨리고결국은이게 사회적약자를대상으로한혐오와비난이증가 하게된답니다. 그래서이런혐오와비난이결국사회적문제 가되는데, 그래서이런점을정부가대응하기 위해서의료적접근뿐만아니라문화적접근도 해야된다, 그래서WHO 유럽사무소에서는예술 활동이스트레스감소나자존감, 사회적관계의 향상, 정신적질병에대한저항력이증가한다고 보고가됐고요. 가장중요한게우리문체부에서다루는문 화.예술.체육.관광분야입니다. 관광은지금 어려운상황이지만국내관광으로대체할수가있 고요. 그래서지금문체부에서준비하는게, 문화돌 봄사업을계획했었지요? ◯문화체육관광부장관박양우 예, 그렇습니다.","◯문화체육관광부장관박양우 예. ◯박정위원 상담건수를보면1월에서8월까지 약1만2000건이걸렸는데지난해대비해서2.4 배가증가했고응대하지못한것도건수가2배를 넘었습니다. 그리고자살을보면진짜불행한통계인데세 계1위로서하루에37.5명꼴로1만3670명이지 금자살하고있습니다. 자살통계는그사건이있은이후에1년후에 더증가하거든요. 그래서이런것들을극복해내 기위해서여러가지예산도필요하고정책도필 요할텐데, 코로나우울은진짜개인적인문제뿐 만아니라이게우울이깊어져서절망에빠지면 비난대상을찾아서분노를터뜨리고결국은이게 사회적약자를대상으로한혐오와비난이증가 하게된답니다. 그래서이런혐오와비난이결국사회적문제 가되는데, 그래서이런점을정부가대응하기 위해서의료적접근뿐만아니라문화적접근도 해야된다, 그래서WHO 유럽사무소에서는예술 활동이스트레스감소나자존감, 사회적관계의 향상, 정신적질병에대한저항력이증가한다고 보고가됐고요. 가장중요한게우리문체부에서다루는문 화.예술.체육.관광분야입니다. 관광은지금 어려운상황이지만국내관광으로대체할수가있 고요. 그래서지금문체부에서준비하는게, 문화돌 봄사업을계획했었지요? ◯문화체육관광부장관박양우 예, 그렇습니다.","◯문화체육관광부장관박양우예.◯박정위원상담건수를보면1월에서8월까지약1만2000건이걸렸는데지난해대비해서2.4배가증가했고응대하지못한것도건수가2배를넘었습니다.그리고자살을보면진짜불행한통계인데세계1위로서하루에37.5명꼴로1만3670명이지금자살하고있습니다.자살통계는그사건이있은이후에1년후에더증가하거든요.그래서이런것들을극복해내기위해서여러가지예산도필요하고정책도필요할텐데,코로나우울은진짜개인적인문제뿐만아니라이게우울이깊어져서절망에빠지면비난대상을찾아서분노를터뜨리고결국은이게사회적약자를대상으로한혐오와비난이증가하게된답니다.그래서이런혐오와비난이결국사회적문제가되는데,그래서이런점을정부가대응하기위해서의료적접근뿐만아니라문화적접근도해야된다,그래서WHO유럽사무소에서는예술활동이스트레스감소나자존감,사회적관계의향상,정신적질병에대한저항력이증가한다고보고가됐고요.가장중요한게우리문체부에서다루는문화.예술.체육.관광분야입니다.관광은지금어려운상황이지만국내관광으로대체할수가있고요.그래서지금문체부에서준비하는게,문화돌봄사업을계획했었지요?◯문화체육관광부장관박양우예,그렇습니다.",556,10,0.9,0.8975,PASS,unreviewed,d954303dcccb570f53b448cfb7bffcfe57b35b7ac2b3431d7029c7e1564a82fb,A8,,
ANS_050350_T00118_T00118,QA_050350_000041,050350,2020-10-12,MSP_050350_F366C4B4,정재숙,청장,문화재,agency_head,050350_T00118,050350_T00118,1,16,16,050350_0016_0061,050350_0016_0063,050350_SEG_TURN_00118,"◯문화재청장 정재숙  제가 이것을 적산가옥은 

46건이고요 기타 여러 가지로 합쳐서 한 530여 

건 있는 것으로 알고 있습니다.
",◯문화재청장 정재숙 제가 이것을 적산가옥은 46건이고요 기타 여러 가지로 합쳐서 한 530여 건 있는 것으로 알고 있습니다.,◯문화재청장 정재숙 제가 이것을 적산가옥은 46건이고요 기타 여러 가지로 합쳐서 한 530여 건 있는 것으로 알고 있습니다.,◯문화재청장정재숙제가이것을적산가옥은46건이고요기타여러가지로합쳐서한530여건있는것으로알고있습니다.,69,1,0.9,0.8975,PASS,unreviewed,14ec952df7b951f349f5728bb7f733e09fd37a804dd1f2d1c313cb27cebefa88,A8,,
ANS_050350_T00971_T00971,QA_050350_000423,050350,2020-10-12,MSP_050350_F366C4B4,정재숙,청장,문화재,agency_head,050350_T00971,050350_T00971,1,63,63,050350_0063_0019,050350_0063_0021,050350_SEG_TURN_00971,"◯문화재청장 정재숙  지금 한 28%인가…… 제

가 지금 정확한 수치는 안 갖고 있는데요, 그 정

도 되는 것 같습니다.
","◯문화재청장 정재숙 지금 한 28%인가...... 제 가 지금 정확한 수치는 안 갖고 있는데요, 그 정 도 되는 것 같습니다.","◯문화재청장 정재숙 지금 한 28%인가...... 제 가 지금 정확한 수치는 안 갖고 있는데요, 그 정 도 되는 것 같습니다.","◯문화재청장정재숙지금한28%인가......제가지금정확한수치는안갖고있는데요,그정도되는것같습니다.",70,2,0.9,0.8975,PASS,unreviewed,b0912449fa81accc51a2c199c35e29de17752dfbbabf960250a9ab2034c9b3b0,A8,,
ANS_050430_T00428_T00428,QA_050430_000184,050430,2020-10-26,MSP_050430_64CA9D06,관박양우,부장,문화체육관광,agency_official,050430_T00428,050430_T00428,1,41,41,050430_0041_0004,050430_0041_0013,050430_SEG_TURN_00428,"◯문화체육관광부장관 박양우  위원님 잘 아시다

시피 콘텐츠분쟁조정위원회가 연간 한 4500건 정

도 조정을 시도하고 있거든요. 대체적으로 분쟁 

해결기관으로서 역할은 해 오고 있는데 방금 말

씀하신 것처럼 실제로 조정위원회가 준사법적인 

그런 것을 완전히 갖고 있는 것은 아니어서 이런 

문제는 현재 있는 대한상사중재원과 연계하는 문

제 아니면 별도의 중재기능을 둬야 되는 문제들

을 종합적으로 검토해서 필요하면 관계기관과도 

협의하도록 그렇게 하겠습니다.
",◯문화체육관광부장관 박양우 위원님 잘 아시다 시피 콘텐츠분쟁조정위원회가 연간 한 4500건 정 도 조정을 시도하고 있거든요. 대체적으로 분쟁 해결기관으로서 역할은 해 오고 있는데 방금 말 씀하신 것처럼 실제로 조정위원회가 준사법적인 그런 것을 완전히 갖고 있는 것은 아니어서 이런 문제는 현재 있는 대한상사중재원과 연계하는 문 제 아니면 별도의 중재기능을 둬야 되는 문제들 을 종합적으로 검토해서 필요하면 관계기관과도 협의하도록 그렇게 하겠습니다.,◯문화체육관광부장관 박양우 위원님 잘 아시다 시피 콘텐츠분쟁조정위원회가 연간 한 4500건 정 도 조정을 시도하고 있거든요. 대체적으로 분쟁 해결기관으로서 역할은 해 오고 있는데 방금 말 씀하신 것처럼 실제로 조정위원회가 준사법적인 그런 것을 완전히 갖고 있는 것은 아니어서 이런 문제는 현재 있는 대한상사중재원과 연계하는 문 제 아니면 별도의 중재기능을 둬야 되는 문제들 을 종합적으로 검토해서 필요하면 관계기관과도 협의하도록 그렇게 하겠습니다.,◯문화체육관광부장관박양우위원님잘아시다시피콘텐츠분쟁조정위원회가연간한4500건정도조정을시도하고있거든요.대체적으로분쟁해결기관으로서역할은해오고있는데방금말씀하신것처럼실제로조정위원회가준사법적인그런것을완전히갖고있는것은아니어서이런문제는현재있는대한상사중재원과연계하는문제아니면별도의중재기능을둬야되는문제들을종합적으로검토해서필요하면관계기관과도협의하도록그렇게하겠습니다.,250,2,0.9,0.8975,PASS,unreviewed,aa39934e514c4493e220b073bb66c827f3226c430aa634927b574dc8cd5e3f3d,A8,,
ANS_050430_T00836_T00836,QA_050430_000347,050430,2020-10-26,MSP_050430_64CA9D06,관박양우,부장,문화체육관광,agency_official,050430_T00836,050430_T00836,1,71,71,050430_0071_0047,050430_0071_0061,050430_SEG_TURN_00836,"◯문화체육관광부장관 박양우  서면계약 체결률 

37% 2018년도 그것 맞고요. 21년도에 저희가 전

반적으로 다시 조사를 하겠지만 최근에 영화 같

은 경우는 77.4% 그다음에 방송은 81.6%까지 올

라가고 있거든요. 왜냐하면 저희가 표준계약서를 

사용하도록 권고하고 있고 만약에 정부에서 조금

이라도 지원하는 경우는 그것 없으면 지원을 안 

하고 있기 때문에 계속해서 그걸 강화하도록 하

고요. 또 신고창구도 저희들이 개설해서 하겠습

니다. 또 과태료나 이런, 만약에 하지 않았을 때 

이른바 페널티를 주는 이런 것들도 저희들이 강

화해서 피해구제를 하도록, 정말 이건 저희들이 

표준계약서 요새 강화하면서 집중적으로 하고 있

는데 계속하겠습니다.

    (이달곤 간사, 도종환 위원장과 사회교대)
","◯문화체육관광부장관 박양우 서면계약 체결률 37% 2018년도 그것 맞고요. 21년도에 저희가 전 반적으로 다시 조사를 하겠지만 최근에 영화 같 은 경우는 77.4% 그다음에 방송은 81.6%까지 올 라가고 있거든요. 왜냐하면 저희가 표준계약서를 사용하도록 권고하고 있고 만약에 정부에서 조금 이라도 지원하는 경우는 그것 없으면 지원을 안 하고 있기 때문에 계속해서 그걸 강화하도록 하 고요. 또 신고창구도 저희들이 개설해서 하겠습 니다. 또 과태료나 이런, 만약에 하지 않았을 때 이른바 페널티를 주는 이런 것들도 저희들이 강 화해서 피해구제를 하도록, 정말 이건 저희들이 표준계약서 요새 강화하면서 집중적으로 하고 있 는데 계속하겠습니다. (이달곤 간사, 도종환 위원장과 사회교대)","◯문화체육관광부장관 박양우 서면계약 체결률 37% 2018년도 그것 맞고요. 21년도에 저희가 전 반적으로 다시 조사를 하겠지만 최근에 영화 같 은 경우는 77.4% 그다음에 방송은 81.6%까지 올 라가고 있거든요. 왜냐하면 저희가 표준계약서를 사용하도록 권고하고 있고 만약에 정부에서 조금 이라도 지원하는 경우는 그것 없으면 지원을 안 하고 있기 때문에 계속해서 그걸 강화하도록 하 고요. 또 신고창구도 저희들이 개설해서 하겠습 니다. 또 과태료나 이런, 만약에 하지 않았을 때 이른바 페널티를 주는 이런 것들도 저희들이 강 화해서 피해구제를 하도록, 정말 이건 저희들이 표준계약서 요새 강화하면서 집중적으로 하고 있 는데 계속하겠습니다. (이달곤 간사, 도종환 위원장과 사회교대)","◯문화체육관광부장관박양우서면계약체결률37%2018년도그것맞고요.21년도에저희가전반적으로다시조사를하겠지만최근에영화같은경우는77.4%그다음에방송은81.6%까지올라가고있거든요.왜냐하면저희가표준계약서를사용하도록권고하고있고만약에정부에서조금이라도지원하는경우는그것없으면지원을안하고있기때문에계속해서그걸강화하도록하고요.또신고창구도저희들이개설해서하겠습니다.또과태료나이런,만약에하지않았을때이른바페널티를주는이런것들도저희들이강화해서피해구제를하도록,정말이건저희들이표준계약서요새강화하면서집중적으로하고있는데계속하겠습니다.(이달곤간사,도종환위원장과사회교대)",383,6,0.9,0.8975,PASS,unreviewed,0ba43acc9adc1dd8805e51dd37dc3daac371e15bf05a89c597325131d50d0f05,A8,,
ANS_050492_T01311_T01311,QA_050492_000529,050492,2020-10-15,MSP_050492_135FD702,이기흥,회장,대한체육,agency_head,050492_T01311,050492_T01311,1,73,73,050492_0073_0045,050492_0073_0046,050492_SEG_TURN_01311,"◯대한체육회장 이기흥  지금 이사회를 기준으로 

아마 한 20% 정도……
",◯대한체육회장 이기흥 지금 이사회를 기준으로 아마 한 20% 정도......,◯대한체육회장 이기흥 지금 이사회를 기준으로 아마 한 20% 정도......,◯대한체육회장이기흥지금이사회를기준으로아마한20%정도......,42,1,0.9,0.8975,PASS,unreviewed,5bf72a90c91a4f8daec3d4e1a01bf6286ddda28a30113f1c4ca3ac74d5598bd5,A8,,
ANS_050606_T01649_T01649,QA_050606_000600,050606,2020-10-22,MSP_050606_1E5F2332,이승열,사장,국제방송교류재단,agency_head,050606_T01649,050606_T01649,1,98,98,050606_0098_0068,050606_0098_0070,050606_SEG_TURN_01649,"◯국제방송교류재단사장 이승열 
 KI지수 
같은 

경우는 지상파가 평균이 70% 정도로 하는 것으

로 알고 있습니다. 저희는 84%……
",◯국제방송교류재단사장 이승열 KI지수 같은 경우는 지상파가 평균이 70% 정도로 하는 것으 로 알고 있습니다. 저희는 84%......,◯국제방송교류재단사장 이승열 KI지수 같은 경우는 지상파가 평균이 70% 정도로 하는 것으 로 알고 있습니다. 저희는 84%......,◯국제방송교류재단사장이승열KI지수같은경우는지상파가평균이70%정도로하는것으로알고있습니다.저희는84%......,75,2,0.9,0.8975,PASS,unreviewed,95f8aa15c09aeda0546a4c66d8ea64859d0c8cedff49e3b943822008c8d3c345,A8,,
ANS_050615_T01429_T01429,QA_050615_000560,050615,2020-10-16,MSP_050615_83DA572C,유태열,사장,그랜드코리아레저(주),agency_head,050615_T01429,050615_T01429,1,90,90,050615_0090_0029,050615_0090_0033,050615_SEG_TURN_01429,"◯그랜드코리아레저㈜사장 유태열  아니요, 돈을 

칩으로 바꿔 가지고 손님이 게임을 하면 10% 정

도가 매출로 잡힙니다. 우리가 잃을 때도 많고요. 

그래서 우선 그런 부분이 10%에서 많으면 한 

13%까지를 승률로 보거든요. 그런……
","◯그랜드코리아레저(주)사장 유태열 아니요, 돈을 칩으로 바꿔 가지고 손님이 게임을 하면 10% 정 도가 매출로 잡힙니다. 우리가 잃을 때도 많고요. 그래서 우선 그런 부분이 10%에서 많으면 한 13%까지를 승률로 보거든요. 그런......","◯그랜드코리아레저(주)사장 유태열 아니요, 돈을 칩으로 바꿔 가지고 손님이 게임을 하면 10% 정 도가 매출로 잡힙니다. 우리가 잃을 때도 많고요. 그래서 우선 그런 부분이 10%에서 많으면 한 13%까지를 승률로 보거든요. 그런......","◯그랜드코리아레저(주)사장유태열아니요,돈을칩으로바꿔가지고손님이게임을하면10%정도가매출로잡힙니다.우리가잃을때도많고요.그래서우선그런부분이10%에서많으면한13%까지를승률로보거든요.그런......",134,4,0.9,0.8975,PASS,unreviewed,1d0f0b662e513f49b5670d4b2986562c535b3664f1ed6b960e66faa3c33698fb,A8,,
ANS_050673_T00190_T00190,QA_050673_000058,050673,2020-10-19,MSP_050673_609D64BC,정희섭,대표이사,(재)한국예술인복지재단,agency_official,050673_T00190,050673_T00190,1,23,23,050673_0023_0034,050673_0023_0036,050673_SEG_TURN_00190,"◯(재)한국예술인복지재단대표이사 정희섭  지금 

정확한 것은 잘 기억이 안 납니다만 한 40～50% 

정도 되는 것으로……
",◯(재)한국예술인복지재단대표이사 정희섭 지금 정확한 것은 잘 기억이 안 납니다만 한 40~50% 정도 되는 것으로......,◯(재)한국예술인복지재단대표이사 정희섭 지금 정확한 것은 잘 기억이 안 납니다만 한 40~50% 정도 되는 것으로......,◯(재)한국예술인복지재단대표이사정희섭지금정확한것은잘기억이안납니다만한40~50%정도되는것으로......,69,1,0.9,0.8975,PASS,unreviewed,bdfb1e9c4f330be7d7791d397d87a755ecef761a6079ee7cf863eade5d37da1b,A8,,
ANS_050673_T01026_T01026,QA_050673_000428,050673,2020-10-19,MSP_050673_8E2F5766,유인택,사장,예술의전당,agency_head,050673_T01026,050673_T01026,1,68,68,050673_0068_0001,050673_0068_0004,050673_SEG_TURN_01026,"◯예술의전당사장 유인택  지금 갑자기…… 

  저희 
인건비 
상승률은 
정부에서 
제시하는 

1.8%고 아마 종부세랑 재산세가 갑자기 한 7, 8

억 늘어났고 아마 그런 것으로 알고 있습니다. 
","◯예술의전당사장 유인택 지금 갑자기...... 저희 인건비 상승률은 정부에서 제시하는 1.8%고 아마 종부세랑 재산세가 갑자기 한 7, 8 억 늘어났고 아마 그런 것으로 알고 있습니다.","◯예술의전당사장 유인택 지금 갑자기...... 저희 인건비 상승률은 정부에서 제시하는 1.8%고 아마 종부세랑 재산세가 갑자기 한 7, 8 억 늘어났고 아마 그런 것으로 알고 있습니다.","◯예술의전당사장유인택지금갑자기......저희인건비상승률은정부에서제시하는1.8%고아마종부세랑재산세가갑자기한7,8억늘어났고아마그런것으로알고있습니다.",103,2,0.9,0.8975,PASS,unreviewed,2875fc02e00b6c123ba775f3281f10dbdd44c0236f2f8adab638fd7fddb20bbb,A8,,
ANS_051381_T00865_T00865,QA_051381_000320,051381,2021-10-05,MSP_051381_EBF826B7,지병목,연구소장,국립문화재,agency_head,051381_T00865,051381_T00865,1,68,68,051381_0068_0029,051381_0068_0043,051381_SEG_TURN_00865,"◯국립문화재연구소장 지병목  제가 현장조사를 

직접 다녀왔습니다. 그래서 서남 모서리 쪽 부분

에 있는 부분하고요, 그다음에 동 성벽의 하단 

쪽 부분을 조사를 했는데, 위성상에서 나타나는 

지점은 거의 확실한 것 같은데 저희가 약간의 굴

착이라고 그럴까요, 그런 것만 살짝 하는 정도밖

에는 못 했습니다.

  수색로 옆에 있어서 옆으로 조금 더 진행을 시

켜서 조사를 하면 좋겠는데 그것은 지뢰라든지 

그런 것 때문에 할 수가 없어서, 그래서 저희가 

현 상황으로서 이게 100% 맞다고는 파악하지는 

못한 상태지만 가능성은 상당히 많이 확인을 했

고요.

  그래서 이 동남 모서리 이 부분에 대한 것을 

유엔사하고 같이……
","◯국립문화재연구소장 지병목 제가 현장조사를 직접 다녀왔습니다. 그래서 서남 모서리 쪽 부분 에 있는 부분하고요, 그다음에 동 성벽의 하단 쪽 부분을 조사를 했는데, 위성상에서 나타나는 지점은 거의 확실한 것 같은데 저희가 약간의 굴 착이라고 그럴까요, 그런 것만 살짝 하는 정도밖 에는 못 했습니다. 수색로 옆에 있어서 옆으로 조금 더 진행을 시 켜서 조사를 하면 좋겠는데 그것은 지뢰라든지 그런 것 때문에 할 수가 없어서, 그래서 저희가 현 상황으로서 이게 100% 맞다고는 파악하지는 못한 상태지만 가능성은 상당히 많이 확인을 했 고요. 그래서 이 동남 모서리 이 부분에 대한 것을 유엔사하고 같이......","◯국립문화재연구소장 지병목 제가 현장조사를 직접 다녀왔습니다. 그래서 서남 모서리 쪽 부분 에 있는 부분하고요, 그다음에 동 성벽의 하단 쪽 부분을 조사를 했는데, 위성상에서 나타나는 지점은 거의 확실한 것 같은데 저희가 약간의 굴 착이라고 그럴까요, 그런 것만 살짝 하는 정도밖 에는 못 했습니다. 수색로 옆에 있어서 옆으로 조금 더 진행을 시 켜서 조사를 하면 좋겠는데 그것은 지뢰라든지 그런 것 때문에 할 수가 없어서, 그래서 저희가 현 상황으로서 이게 100% 맞다고는 파악하지는 못한 상태지만 가능성은 상당히 많이 확인을 했 고요. 그래서 이 동남 모서리 이 부분에 대한 것을 유엔사하고 같이......","◯국립문화재연구소장지병목제가현장조사를직접다녀왔습니다.그래서서남모서리쪽부분에있는부분하고요,그다음에동성벽의하단쪽부분을조사를했는데,위성상에서나타나는지점은거의확실한것같은데저희가약간의굴착이라고그럴까요,그런것만살짝하는정도밖에는못했습니다.수색로옆에있어서옆으로조금더진행을시켜서조사를하면좋겠는데그것은지뢰라든지그런것때문에할수가없어서,그래서저희가현상황으로서이게100%맞다고는파악하지는못한상태지만가능성은상당히많이확인을했고요.그래서이동남모서리이부분에대한것을유엔사하고같이......",342,4,0.9,0.8975,PASS,unreviewed,89c19833886f8c5897c15774717a8dbe1d87e39c9dc9140f6cee5cb568027e56,A8,,
ANS_051402_T00800_T00800,QA_051402_000347,051402,2021-10-21,MSP_051402_E33CEE73,박종관,위원장,한국문화예술,agency_head,051402_T00800,051402_T00800,1,55,55,051402_0055_0037,051402_0055_0048,051402_SEG_TURN_00800,"◯한국문화예술위원장 박종관  예술 현장에서는 

폐지 의견이 다수이고 위원회에서는 적극적으로 

현장과의 소통을 통해서 보다 합리적인 심의 방

식이 정착될 수 있도록 최선의 노력을 다하겠습

니다. 

  위원님, 다만 제가 더 큰 걱정이 있습니다. 이

게 내년도 정부 예산안을 만들면서 그 다원심의

제도가 올해 심의 선정률이 7.8%, 그냥 한 8% 

정도 되는데 100건 신청하면 8건 됐다는 이야기

입니다, 간단히 설명드리면. 그런데 내년에 이 조

건으로는……
","◯한국문화예술위원장 박종관 예술 현장에서는 폐지 의견이 다수이고 위원회에서는 적극적으로 현장과의 소통을 통해서 보다 합리적인 심의 방 식이 정착될 수 있도록 최선의 노력을 다하겠습 니다. 위원님, 다만 제가 더 큰 걱정이 있습니다. 이 게 내년도 정부 예산안을 만들면서 그 다원심의 제도가 올해 심의 선정률이 7.8%, 그냥 한 8% 정도 되는데 100건 신청하면 8건 됐다는 이야기 입니다, 간단히 설명드리면. 그런데 내년에 이 조 건으로는......","◯한국문화예술위원장 박종관 예술 현장에서는 폐지 의견이 다수이고 위원회에서는 적극적으로 현장과의 소통을 통해서 보다 합리적인 심의 방 식이 정착될 수 있도록 최선의 노력을 다하겠습 니다. 위원님, 다만 제가 더 큰 걱정이 있습니다. 이 게 내년도 정부 예산안을 만들면서 그 다원심의 제도가 올해 심의 선정률이 7.8%, 그냥 한 8% 정도 되는데 100건 신청하면 8건 됐다는 이야기 입니다, 간단히 설명드리면. 그런데 내년에 이 조 건으로는......","◯한국문화예술위원장박종관예술현장에서는폐지의견이다수이고위원회에서는적극적으로현장과의소통을통해서보다합리적인심의방식이정착될수있도록최선의노력을다하겠습니다.위원님,다만제가더큰걱정이있습니다.이게내년도정부예산안을만들면서그다원심의제도가올해심의선정률이7.8%,그냥한8%정도되는데100건신청하면8건됐다는이야기입니다,간단히설명드리면.그런데내년에이조건으로는......",253,4,0.9,0.8975,PASS,unreviewed,249c3b3692d851eca517b9093c4e748f73a41ca5c24f41b8fc2ba4eaa85f05fc,A8,,
ANS_051487_T01000_T01000,QA_051487_000337,051487,2021-10-14,MSP_051487_F500C77D,박주환,원장,한국저작권보호,agency_head,051487_T01000,051487_T01000,1,69,70,051487_0069_0069,051487_0070_0012,051487_SEG_TURN_01000,"◯한국저작권보호원장박주환
예.
◯임오경위원
있다고생각하세요?

저희보좌진이직접검증한번해봤습니다.

잠깐영상한번보시지요.

(영상자료재생)

불법웹툰사이트에접속하는데딱10초걸렸

어요. 22% 예산증액시켜준다고했을때효과

가있다고지금분명히말씀하셨습니다. 검색창

에‘무료웹툰’ 딱네글자면되는데저많은예

산이무슨의미가있을까요? 있습니까? 아니, 10

초밖에안걸려요. 깜짝놀랐습니다. 제가직접

비서를앞에다앉혀놓고제눈으로확인하는데

너무나놀랐어요.

전세계피해작품수1위, 3183억원의피해

추산액, 웹소설분야나작가들의처우개선까지

생각하면한류웹툰의현주소는처참합니다.

화면한번보시지요.

잘한것으로1위를해야되는데어떻게처참한

것으로1위를하고있습니까? 지금세계한류

BTS부터시작해서우리영화‘기생충’ ‘미나리’

세계의탑으로오르고있어요. 그런데어떻게잘

한것으로1위를해도지금될까말까인데이렇
게처참한것으로1위를하고있냐라는겁니다.

내년에300억원이넘는예산을가지고더이상

은‘기술적한계가있다. 해외사이트차단에어

려움이있다’ 등의핑계만대지않기를진심으로

바랍니다.

원장님, 저작권보호없는콘텐츠강국은없다
라는차원에서이용자중심의저작권보호어떻

게해나가실건지계획을한번말씀해보세요.
","◯한국저작권보호원장박주환 예. ◯임오경위원 있다고생각하세요? 저희보좌진이직접검증한번해봤습니다. 잠깐영상한번보시지요. (영상자료재생) 불법웹툰사이트에접속하는데딱10초걸렸 어요. 22% 예산증액시켜준다고했을때효과 가있다고지금분명히말씀하셨습니다. 검색창 에‘무료웹툰’ 딱네글자면되는데저많은예 산이무슨의미가있을까요? 있습니까? 아니, 10 초밖에안걸려요. 깜짝놀랐습니다. 제가직접 비서를앞에다앉혀놓고제눈으로확인하는데 너무나놀랐어요. 전세계피해작품수1위, 3183억원의피해 추산액, 웹소설분야나작가들의처우개선까지 생각하면한류웹툰의현주소는처참합니다. 화면한번보시지요. 잘한것으로1위를해야되는데어떻게처참한 것으로1위를하고있습니까? 지금세계한류 BTS부터시작해서우리영화‘기생충’ ‘미나리’ 세계의탑으로오르고있어요. 그런데어떻게잘 한것으로1위를해도지금될까말까인데이렇 게처참한것으로1위를하고있냐라는겁니다. 내년에300억원이넘는예산을가지고더이상 은‘기술적한계가있다. 해외사이트차단에어 려움이있다’ 등의핑계만대지않기를진심으로 바랍니다. 원장님, 저작권보호없는콘텐츠강국은없다 라는차원에서이용자중심의저작권보호어떻 게해나가실건지계획을한번말씀해보세요.","◯한국저작권보호원장박주환 예. ◯임오경위원 있다고생각하세요? 저희보좌진이직접검증한번해봤습니다. 잠깐영상한번보시지요. (영상자료재생) 불법웹툰사이트에접속하는데딱10초걸렸 어요. 22% 예산증액시켜준다고했을때효과 가있다고지금분명히말씀하셨습니다. 검색창 에‘무료웹툰’ 딱네글자면되는데저많은예 산이무슨의미가있을까요? 있습니까? 아니, 10 초밖에안걸려요. 깜짝놀랐습니다. 제가직접 비서를앞에다앉혀놓고제눈으로확인하는데 너무나놀랐어요. 전세계피해작품수1위, 3183억원의피해 추산액, 웹소설분야나작가들의처우개선까지 생각하면한류웹툰의현주소는처참합니다. 화면한번보시지요. 잘한것으로1위를해야되는데어떻게처참한 것으로1위를하고있습니까? 지금세계한류 BTS부터시작해서우리영화‘기생충’ ‘미나리’ 세계의탑으로오르고있어요. 그런데어떻게잘 한것으로1위를해도지금될까말까인데이렇 게처참한것으로1위를하고있냐라는겁니다. 내년에300억원이넘는예산을가지고더이상 은‘기술적한계가있다. 해외사이트차단에어 려움이있다’ 등의핑계만대지않기를진심으로 바랍니다. 원장님, 저작권보호없는콘텐츠강국은없다 라는차원에서이용자중심의저작권보호어떻 게해나가실건지계획을한번말씀해보세요.","◯한국저작권보호원장박주환예.◯임오경위원있다고생각하세요?저희보좌진이직접검증한번해봤습니다.잠깐영상한번보시지요.(영상자료재생)불법웹툰사이트에접속하는데딱10초걸렸어요.22%예산증액시켜준다고했을때효과가있다고지금분명히말씀하셨습니다.검색창에‘무료웹툰’딱네글자면되는데저많은예산이무슨의미가있을까요?있습니까?아니,10초밖에안걸려요.깜짝놀랐습니다.제가직접비서를앞에다앉혀놓고제눈으로확인하는데너무나놀랐어요.전세계피해작품수1위,3183억원의피해추산액,웹소설분야나작가들의처우개선까지생각하면한류웹툰의현주소는처참합니다.화면한번보시지요.잘한것으로1위를해야되는데어떻게처참한것으로1위를하고있습니까?지금세계한류BTS부터시작해서우리영화‘기생충’‘미나리’세계의탑으로오르고있어요.그런데어떻게잘한것으로1위를해도지금될까말까인데이렇게처참한것으로1위를하고있냐라는겁니다.내년에300억원이넘는예산을가지고더이상은‘기술적한계가있다.해외사이트차단에어려움이있다’등의핑계만대지않기를진심으로바랍니다.원장님,저작권보호없는콘텐츠강국은없다라는차원에서이용자중심의저작권보호어떻게해나가실건지계획을한번말씀해보세요.",572,19,0.9,0.8975,PASS,unreviewed,a12fb6fcf85a8f29d83671dd485e5347f981810024c23f431acc2a74ea229a7b,A8,,
ANS_051535_T00103_T00103,QA_051535_000013,051535,2021-10-19,MSP_051535_72A553FE,장소원,원장,국립국어,agency_head,051535_T00103,051535_T00103,1,10,10,051535_0010_0056,051535_0010_0063,051535_SEG_TURN_00103,"◯국립국어원장 장소원  사전이 두 종류가 있습

니다. 표준국어대사전은 종이 사전이어서 특별히 

오류가 있지 않은 한 전면적인 어휘 추가는 없습

니다. 그리고 우리말샘이 있는데요. 우리말샘은 

국민 참여형 사전이어서 국민들이 매년 18만 건 

정도를 올리고 있습니다. 그것에 대해서 저희가 

감수를 해서 전문가 감수가 된 것은 3만 4000건 

정도입니다. 
",◯국립국어원장 장소원 사전이 두 종류가 있습 니다. 표준국어대사전은 종이 사전이어서 특별히 오류가 있지 않은 한 전면적인 어휘 추가는 없습 니다. 그리고 우리말샘이 있는데요. 우리말샘은 국민 참여형 사전이어서 국민들이 매년 18만 건 정도를 올리고 있습니다. 그것에 대해서 저희가 감수를 해서 전문가 감수가 된 것은 3만 4000건 정도입니다.,◯국립국어원장 장소원 사전이 두 종류가 있습 니다. 표준국어대사전은 종이 사전이어서 특별히 오류가 있지 않은 한 전면적인 어휘 추가는 없습 니다. 그리고 우리말샘이 있는데요. 우리말샘은 국민 참여형 사전이어서 국민들이 매년 18만 건 정도를 올리고 있습니다. 그것에 대해서 저희가 감수를 해서 전문가 감수가 된 것은 3만 4000건 정도입니다.,◯국립국어원장장소원사전이두종류가있습니다.표준국어대사전은종이사전이어서특별히오류가있지않은한전면적인어휘추가는없습니다.그리고우리말샘이있는데요.우리말샘은국민참여형사전이어서국민들이매년18만건정도를올리고있습니다.그것에대해서저희가감수를해서전문가감수가된것은3만4000건정도입니다.,192,5,0.9,0.8975,PASS,unreviewed,c6bdd1b4064c9183f14568e1ec2ca48c8aac66f5eec3cec206cc850fdca1f2c7,A8,,
ANS_051558_T00337_T00337,QA_051558_000146,051558,2021-10-07,MSP_051558_626DFEB6,민병찬,관장,국립중앙박물,agency_head,051558_T00337,051558_T00337,1,26,26,051558_0026_0003,051558_0026_0008,051558_SEG_TURN_00337,"◯국립중앙박물관장 민병찬  그전 중앙박물관의 

수의계약 조사 건은 제가 잘 파악 못 하고 있었

고 그 뒤에 문화체육관광부에서 수의계약에 대한 

감사를 실시해서 28건의 잘못된 수의계약이 이루

어졌었고 그것에 대해서 모두 다 기관 권고 조치

했다라는 보고는 받았습니다.
",◯국립중앙박물관장 민병찬 그전 중앙박물관의 수의계약 조사 건은 제가 잘 파악 못 하고 있었 고 그 뒤에 문화체육관광부에서 수의계약에 대한 감사를 실시해서 28건의 잘못된 수의계약이 이루 어졌었고 그것에 대해서 모두 다 기관 권고 조치 했다라는 보고는 받았습니다.,◯국립중앙박물관장 민병찬 그전 중앙박물관의 수의계약 조사 건은 제가 잘 파악 못 하고 있었 고 그 뒤에 문화체육관광부에서 수의계약에 대한 감사를 실시해서 28건의 잘못된 수의계약이 이루 어졌었고 그것에 대해서 모두 다 기관 권고 조치 했다라는 보고는 받았습니다.,◯국립중앙박물관장민병찬그전중앙박물관의수의계약조사건은제가잘파악못하고있었고그뒤에문화체육관광부에서수의계약에대한감사를실시해서28건의잘못된수의계약이이루어졌었고그것에대해서모두다기관권고조치했다라는보고는받았습니다.,146,1,0.9,0.8975,PASS,unreviewed,435871afc758e9417c7b3342e6b4158354da3978846427084ed1e1aa3c93afac,A8,,
ANS_052229_T00749_T00749,QA_052229_000290,052229,2022-10-05,MSP_052229_A34C4732,관박보균,부장,문화체육관광,agency_official,052229_T00749,052229_T00749,1,58,58,052229_0058_0051,052229_0058_0053,052229_SEG_TURN_00749,"◯문화체육관광부장관 박보균  문체부가 8건에 1

억 8000만 원을 수의계약해서 했습니다. 그런데 

과거 지난, 긴급……
","◯문화체육관광부장관 박보균 문체부가 8건에 1 억 8000만 원을 수의계약해서 했습니다. 그런데 과거 지난, 긴급......","◯문화체육관광부장관 박보균 문체부가 8건에 1 억 8000만 원을 수의계약해서 했습니다. 그런데 과거 지난, 긴급......","◯문화체육관광부장관박보균문체부가8건에1억8000만원을수의계약해서했습니다.그런데과거지난,긴급......",69,2,0.9,0.8975,PASS,unreviewed,3c2ecbe810f3ba8fbd74b701ec6ce75f034b0d240d0d97072dd6ef6aa720e3da,A8,,
ANS_052280_T00308_T00308,QA_052280_000138,052280,2022-10-11,MSP_052280_E61C88B9,최응천,청장,문화재,agency_head,052280_T00308,052280_T00308,1,22,22,052280_0022_0045,052280_0022_0047,052280_SEG_TURN_00308,"◯문화재청장 최응천  재방문 의사가 많고요. 83% 

가까이가 굉장히 만족도를 가지고 있는 것으로 

파악하고 있습니다.
",◯문화재청장 최응천 재방문 의사가 많고요. 83% 가까이가 굉장히 만족도를 가지고 있는 것으로 파악하고 있습니다.,◯문화재청장 최응천 재방문 의사가 많고요. 83% 가까이가 굉장히 만족도를 가지고 있는 것으로 파악하고 있습니다.,◯문화재청장최응천재방문의사가많고요.83%가까이가굉장히만족도를가지고있는것으로파악하고있습니다.,63,2,0.9,0.8975,PASS,unreviewed,5ccd24fec6194de80368705eb2eb36b61740481b463ff80e5dc558389d746985,A8,,
ANS_052280_T00549_T00549,QA_052280_000231,052280,2022-10-11,MSP_052280_E61C88B9,최응천,청장,문화재,agency_head,052280_T00549,052280_T00549,1,35,35,052280_0035_0037,052280_0035_0038,052280_SEG_TURN_00549,"◯문화재청장 최응천  20건이 고발 조치당한 것

은 파악하고 있습니다. 
",◯문화재청장 최응천 20건이 고발 조치당한 것 은 파악하고 있습니다.,◯문화재청장 최응천 20건이 고발 조치당한 것 은 파악하고 있습니다.,◯문화재청장최응천20건이고발조치당한것은파악하고있습니다.,38,1,0.9,0.8975,PASS,unreviewed,fafa0db5f37979c9fd326ae1acff7e23188266a4008e943ef360133d59e81637,A8,,
ANS_052556_T00247_T00247,QA_052556_000107,052556,2022-10-19,MSP_052556_B5954410,위원장,감독,사행산업통합,agency_official,052556_T00247,052556_T00247,1,19,19,052556_0019_0027,052556_0019_0028,052556_SEG_TURN_00247,"◯사행산업통합감독위원장 김춘순  5.3～5.4% 정

도 됩니다.
",◯사행산업통합감독위원장 김춘순 5.3~5.4% 정 도 됩니다.,◯사행산업통합감독위원장 김춘순 5.3~5.4% 정 도 됩니다.,◯사행산업통합감독위원장김춘순5.3~5.4%정도됩니다.,34,1,0.9,0.8975,PASS,unreviewed,604ffa3d8209d711d8957da618325a9cc156b3d13c48ae2892dffc4fd471d34e,A8,,
ANS_053389_T00757_T00757,QA_053389_000296,053389,2023-10-26,MSP_053389_B01AB979,관유인촌,부장,문화체육관광,agency_official,053389_T00757,053389_T00757,1,52,52,053389_0052_0006,053389_0052_0022,053389_SEG_TURN_00757,"◯문화체육관광부장관 유인촌  이 예술강사 문제

는 아마 전년 대비해서 이번에 50% 정도 삭감된 

것으로 알고 있거든요. 그래서 이 부분이 지금 

말씀하신 것처럼 지방교육청 예산하고 합쳐서 하

는 것으로 하면서 이게 삭감이 된 것인데요. 지

금 지방교육청 저희들이 열심히 연결을 하고 있

습니다. 그런데 전년 대비 30% 정도는 유지하겠

다 이렇게 얘기를 하고 있어요. 그래서 사실 아

마 예산을 다시 올리기가 쉽지 않을 것 같은 생

각이 듭니다, 저희들도.

  그래서 현재 저희들이 갖고 있는 예술교육진흥

원에서 하는 사업 중에, 여기 있습니다만 꿈의 

극단이라든지 꿈의 무용단이라든지 꿈의 오케스

트라라든지 여기에도 상당히 많은 예술가들이 투

입되어야 되고요. 또 그 외 교육부하고 함께하는 

늘봄교육 여기도 대체 인력으로 그분들이 많이 

수요가 될 거라고 생각을 합니다.
","◯문화체육관광부장관 유인촌 이 예술강사 문제 는 아마 전년 대비해서 이번에 50% 정도 삭감된 것으로 알고 있거든요. 그래서 이 부분이 지금 말씀하신 것처럼 지방교육청 예산하고 합쳐서 하 는 것으로 하면서 이게 삭감이 된 것인데요. 지 금 지방교육청 저희들이 열심히 연결을 하고 있 습니다. 그런데 전년 대비 30% 정도는 유지하겠 다 이렇게 얘기를 하고 있어요. 그래서 사실 아 마 예산을 다시 올리기가 쉽지 않을 것 같은 생 각이 듭니다, 저희들도. 그래서 현재 저희들이 갖고 있는 예술교육진흥 원에서 하는 사업 중에, 여기 있습니다만 꿈의 극단이라든지 꿈의 무용단이라든지 꿈의 오케스 트라라든지 여기에도 상당히 많은 예술가들이 투 입되어야 되고요. 또 그 외 교육부하고 함께하는 늘봄교육 여기도 대체 인력으로 그분들이 많이 수요가 될 거라고 생각을 합니다.","◯문화체육관광부장관 유인촌 이 예술강사 문제 는 아마 전년 대비해서 이번에 50% 정도 삭감된 것으로 알고 있거든요. 그래서 이 부분이 지금 말씀하신 것처럼 지방교육청 예산하고 합쳐서 하 는 것으로 하면서 이게 삭감이 된 것인데요. 지 금 지방교육청 저희들이 열심히 연결을 하고 있 습니다. 그런데 전년 대비 30% 정도는 유지하겠 다 이렇게 얘기를 하고 있어요. 그래서 사실 아 마 예산을 다시 올리기가 쉽지 않을 것 같은 생 각이 듭니다, 저희들도. 그래서 현재 저희들이 갖고 있는 예술교육진흥 원에서 하는 사업 중에, 여기 있습니다만 꿈의 극단이라든지 꿈의 무용단이라든지 꿈의 오케스 트라라든지 여기에도 상당히 많은 예술가들이 투 입되어야 되고요. 또 그 외 교육부하고 함께하는 늘봄교육 여기도 대체 인력으로 그분들이 많이 수요가 될 거라고 생각을 합니다.","◯문화체육관광부장관유인촌이예술강사문제는아마전년대비해서이번에50%정도삭감된것으로알고있거든요.그래서이부분이지금말씀하신것처럼지방교육청예산하고합쳐서하는것으로하면서이게삭감이된것인데요.지금지방교육청저희들이열심히연결을하고있습니다.그런데전년대비30%정도는유지하겠다이렇게얘기를하고있어요.그래서사실아마예산을다시올리기가쉽지않을것같은생각이듭니다,저희들도.그래서현재저희들이갖고있는예술교육진흥원에서하는사업중에,여기있습니다만꿈의극단이라든지꿈의무용단이라든지꿈의오케스트라라든지여기에도상당히많은예술가들이투입되어야되고요.또그외교육부하고함께하는늘봄교육여기도대체인력으로그분들이많이수요가될거라고생각을합니다.",426,7,0.9,0.8975,PASS,unreviewed,c7cdf17d84ed751c51d1620c34ff113ccd1c26ea42abd4bd31e6b8f4dc48b98b,A8,,
ANS_053740_T00941_T00941,QA_053740_000402,053740,2023-10-23,MSP_053740_6263A5E6,김성희,관장,국립현대미술,agency_head,053740_T00941,053740_T00941,1,53,54,053740_0053_0080,053740_0054_0004,053740_SEG_TURN_00941,"◯국립현대미술관장 김성희  아마 제가 보고받기

로는, 제가 확실한 기억인지는 모르겠습니다마는 

2억으로 높여진 것은 결국은 소장자가 반대를 해

서 결국 구입을 못 했다고, 결정적으로는 못 했

다고 제가 보고를 들었고요. 사실 이게 굉장히 

문제시되고 있고 사실은 저희 국립현대미술관에

서 기준 데이터가 없었습니다. 그러니까 아마 그

냥 시장, 유통시장에서 활동하는 전문가들이 와서 

그것을 판단해 주고 그것을 100% 수용한 걸로 

알고 있는데요. 저희 자체 내 옥션 데이터나 또는 

시장조사를 통해서 기준 데이터가 꼭 필요하다는 

생각이 듭니다. 그래야 이런 문제가 다시는 일어

나지 않을 걸로 생각됩니다. 그래서 그런 부분을 

저희 담당 큐레이터들하고 지금 상의 중에 있습

니다.
","◯국립현대미술관장 김성희 아마 제가 보고받기 로는, 제가 확실한 기억인지는 모르겠습니다마는 2억으로 높여진 것은 결국은 소장자가 반대를 해 서 결국 구입을 못 했다고, 결정적으로는 못 했 다고 제가 보고를 들었고요. 사실 이게 굉장히 문제시되고 있고 사실은 저희 국립현대미술관에 서 기준 데이터가 없었습니다. 그러니까 아마 그 냥 시장, 유통시장에서 활동하는 전문가들이 와서 그것을 판단해 주고 그것을 100% 수용한 걸로 알고 있는데요. 저희 자체 내 옥션 데이터나 또는 시장조사를 통해서 기준 데이터가 꼭 필요하다는 생각이 듭니다. 그래야 이런 문제가 다시는 일어 나지 않을 걸로 생각됩니다. 그래서 그런 부분을 저희 담당 큐레이터들하고 지금 상의 중에 있습 니다.","◯국립현대미술관장 김성희 아마 제가 보고받기 로는, 제가 확실한 기억인지는 모르겠습니다마는 2억으로 높여진 것은 결국은 소장자가 반대를 해 서 결국 구입을 못 했다고, 결정적으로는 못 했 다고 제가 보고를 들었고요. 사실 이게 굉장히 문제시되고 있고 사실은 저희 국립현대미술관에 서 기준 데이터가 없었습니다. 그러니까 아마 그 냥 시장, 유통시장에서 활동하는 전문가들이 와서 그것을 판단해 주고 그것을 100% 수용한 걸로 알고 있는데요. 저희 자체 내 옥션 데이터나 또는 시장조사를 통해서 기준 데이터가 꼭 필요하다는 생각이 듭니다. 그래야 이런 문제가 다시는 일어 나지 않을 걸로 생각됩니다. 그래서 그런 부분을 저희 담당 큐레이터들하고 지금 상의 중에 있습 니다.","◯국립현대미술관장김성희아마제가보고받기로는,제가확실한기억인지는모르겠습니다마는2억으로높여진것은결국은소장자가반대를해서결국구입을못했다고,결정적으로는못했다고제가보고를들었고요.사실이게굉장히문제시되고있고사실은저희국립현대미술관에서기준데이터가없었습니다.그러니까아마그냥시장,유통시장에서활동하는전문가들이와서그것을판단해주고그것을100%수용한걸로알고있는데요.저희자체내옥션데이터나또는시장조사를통해서기준데이터가꼭필요하다는생각이듭니다.그래야이런문제가다시는일어나지않을걸로생각됩니다.그래서그런부분을저희담당큐레이터들하고지금상의중에있습니다.",374,6,0.9,0.8975,PASS,unreviewed,49d4b511e8e01cbd97014d8e0704c50f03fc3172ee9517c606967aa9e3fc2a34,A8,,
ANS_054435_T00586_T00586,QA_054435_000188,054435,2024-10-17,MSP_054435_CB592645,박정렬,원장,한국저작권보호,agency_head,054435_T00586,054435_T00586,1,45,45,054435_0045_0012,054435_0045_0015,054435_SEG_TURN_00586,"◯한국저작권보호원장박정렬
저희들이작년부터주목해서모니터링해왔고요. 그래서

작년에출판인단체와같이협의도해서출판인단체협의회소속사들한테저희들이1만

6000건에달하는책에대해서정보를다줘서, 미국의저작권법에의해서권리자들이신

청하게돼있습니다. 양식이있습니다. 이메일양식이있어서그걸안내했습니다.
","◯한국저작권보호원장박정렬 저희들이작년부터주목해서모니터링해왔고요. 그래서 작년에출판인단체와같이협의도해서출판인단체협의회소속사들한테저희들이1만 6000건에달하는책에대해서정보를다줘서, 미국의저작권법에의해서권리자들이신 청하게돼있습니다. 양식이있습니다. 이메일양식이있어서그걸안내했습니다.","◯한국저작권보호원장박정렬 저희들이작년부터주목해서모니터링해왔고요. 그래서 작년에출판인단체와같이협의도해서출판인단체협의회소속사들한테저희들이1만 6000건에달하는책에대해서정보를다줘서, 미국의저작권법에의해서권리자들이신 청하게돼있습니다. 양식이있습니다. 이메일양식이있어서그걸안내했습니다.","◯한국저작권보호원장박정렬저희들이작년부터주목해서모니터링해왔고요.그래서작년에출판인단체와같이협의도해서출판인단체협의회소속사들한테저희들이1만6000건에달하는책에대해서정보를다줘서,미국의저작권법에의해서권리자들이신청하게돼있습니다.양식이있습니다.이메일양식이있어서그걸안내했습니다.",154,4,0.9,0.8975,PASS,unreviewed,a864d8c29ad905de4855e81bab23ace57dfa128d71a38c6d9d2a0f29eee353f7,A8,,
ANS_054576_T01021_T01021,QA_054576_000432,054576,2024-10-22,MSP_054576_6FB3441A,김민수,증인,,witness,054576_T01021,054576_T01021,1,73,73,054576_0073_0011,054576_0073_0015,054576_SEG_TURN_01021,"◯증인김민수
먼저아까기부금20%라고말씀하셨는데요. 저희가정관24조의2에회

장을비롯한비상근임원은보수를받을수가없도록명시되어있습니다. 그런데20%의

기부금을대납한부분에있어서는그분들이업체를모셔왔다고하더라도그20%를받

고본인이름으로기부를했다는것은세금혜택을받은부분도문제가좀의심이됩니

다.
",◯증인김민수 먼저아까기부금20%라고말씀하셨는데요. 저희가정관24조의2에회 장을비롯한비상근임원은보수를받을수가없도록명시되어있습니다. 그런데20%의 기부금을대납한부분에있어서는그분들이업체를모셔왔다고하더라도그20%를받 고본인이름으로기부를했다는것은세금혜택을받은부분도문제가좀의심이됩니 다.,◯증인김민수 먼저아까기부금20%라고말씀하셨는데요. 저희가정관24조의2에회 장을비롯한비상근임원은보수를받을수가없도록명시되어있습니다. 그런데20%의 기부금을대납한부분에있어서는그분들이업체를모셔왔다고하더라도그20%를받 고본인이름으로기부를했다는것은세금혜택을받은부분도문제가좀의심이됩니 다.,◯증인김민수먼저아까기부금20%라고말씀하셨는데요.저희가정관24조의2에회장을비롯한비상근임원은보수를받을수가없도록명시되어있습니다.그런데20%의기부금을대납한부분에있어서는그분들이업체를모셔왔다고하더라도그20%를받고본인이름으로기부를했다는것은세금혜택을받은부분도문제가좀의심이됩니다.,154,3,0.9,0.8975,PASS,unreviewed,b245ed93347e532a8d440d20b49a0696b6110e83c1dd632dfd5d4d5e3f87057d,A8,,
ANS_054622_T01167_T01167,QA_054622_000499,054622,2024-10-24,MSP_054622_E3B138D7,정몽규,증인,,witness,054622_T01167,054622_T01167,1,95,95,054622_0095_0006,054622_0095_0007,054622_SEG_TURN_01167,"◯증인정몽규
저희가하는게100% 완벽하다고볼수는없지만항상그규정에맞춰

서잘하려고이렇게노력하고있습니다.
",◯증인정몽규 저희가하는게100% 완벽하다고볼수는없지만항상그규정에맞춰 서잘하려고이렇게노력하고있습니다.,◯증인정몽규 저희가하는게100% 완벽하다고볼수는없지만항상그규정에맞춰 서잘하려고이렇게노력하고있습니다.,◯증인정몽규저희가하는게100%완벽하다고볼수는없지만항상그규정에맞춰서잘하려고이렇게노력하고있습니다.,55,1,0.9,0.8975,PASS,unreviewed,837e8157043dc32465356a58f1b12c21d8620a1a066a491dcfd9e05a21579094,A8,,
ANS_054622_T01820_T01820,QA_054622_000785,054622,2024-10-24,MSP_054622_E3B138D7,정몽규,증인,,witness,054622_T01820,054622_T01820,1,130,130,054622_0130_0036,054622_0130_0038,054622_SEG_TURN_01820,"◯증인정몽규
저희가100% 잘한다고그러지않고요. 우리사회나우리나라조직의하

는정도로한다고생각을하고, 다른체육단체보다는조금더잘한다고생각을하고있

습니다.
","◯증인정몽규 저희가100% 잘한다고그러지않고요. 우리사회나우리나라조직의하 는정도로한다고생각을하고, 다른체육단체보다는조금더잘한다고생각을하고있 습니다.","◯증인정몽규 저희가100% 잘한다고그러지않고요. 우리사회나우리나라조직의하 는정도로한다고생각을하고, 다른체육단체보다는조금더잘한다고생각을하고있 습니다.","◯증인정몽규저희가100%잘한다고그러지않고요.우리사회나우리나라조직의하는정도로한다고생각을하고,다른체육단체보다는조금더잘한다고생각을하고있습니다.",82,2,0.9,0.8975,PASS,unreviewed,d2ff72143d65d00cc95d13bb9905f628cdd594b10260ad0b0c88c3266fb7a887,A8,,
ANS_054622_T01984_T01984,QA_054622_000858,054622,2024-10-24,MSP_054622_E92C8F8B,김태호,증인,,witness,054622_T01984,054622_T01984,1,140,140,054622_0140_0027,054622_0140_0029,054622_SEG_TURN_01984,"◯증인김태호
1%는전체시장에미칠수있는영향이굉장히제한적이긴했으나그것

조차도저희가옳지않다고생각해서앞으로불허하겠다라고명확하게결정하고말씀드

린건입니다.
",◯증인김태호 1%는전체시장에미칠수있는영향이굉장히제한적이긴했으나그것 조차도저희가옳지않다고생각해서앞으로불허하겠다라고명확하게결정하고말씀드 린건입니다.,◯증인김태호 1%는전체시장에미칠수있는영향이굉장히제한적이긴했으나그것 조차도저희가옳지않다고생각해서앞으로불허하겠다라고명확하게결정하고말씀드 린건입니다.,◯증인김태호1%는전체시장에미칠수있는영향이굉장히제한적이긴했으나그것조차도저희가옳지않다고생각해서앞으로불허하겠다라고명확하게결정하고말씀드린건입니다.,80,1,0.9,0.8975,PASS,unreviewed,349569dd0c5dbe33676e401ff341c502fd1f48a8d9a4b1040d15f93365f5d928,A8,,
ANS_N053480_T01477_T01477,QA_N053480_000552,N053480,2025-10-20,MSP_N053480_17DA5862,심오택,위원장,사행산업통합감독,agency_head,N053480_T01477,N053480_T01477,1,110,110,N053480_0110_0024,N053480_0110_0025,N053480_SEG_TURN_01477,"◯사행산업통합감독위원장심오택
예. 그런데잘아시다시피지금현재사이트중에서

불법스포츠도박사이트가거의36%를차지할정도로굉장히증가하고있습니다.
",◯사행산업통합감독위원장심오택 예. 그런데잘아시다시피지금현재사이트중에서 불법스포츠도박사이트가거의36%를차지할정도로굉장히증가하고있습니다.,◯사행산업통합감독위원장심오택 예. 그런데잘아시다시피지금현재사이트중에서 불법스포츠도박사이트가거의36%를차지할정도로굉장히증가하고있습니다.,◯사행산업통합감독위원장심오택예.그런데잘아시다시피지금현재사이트중에서불법스포츠도박사이트가거의36%를차지할정도로굉장히증가하고있습니다.,74,2,0.9,0.8975,PASS,unreviewed,3bbaad98b247dc983b29bc3c06d3c62a86b3f629adf9305da8811c586f85d76e,A8,,
ANS_N053482_T01567_T01567,QA_N053482_000627,N053482,2025-10-22,MSP_N053482_E67B4747,정용욱,대표이사,한국예술인복지재단,agency_official,N053482_T01567,N053482_T01567,1,112,112,N053482_0112_0026,N053482_0112_0027,N053482_SEG_TURN_01567,"◯한국예술인복지재단대표이사정용욱
우선은지금말씀하신대로23.5%밖에가입률이

안된다는지적을해주셨는데……
",◯한국예술인복지재단대표이사정용욱 우선은지금말씀하신대로23.5%밖에가입률이 안된다는지적을해주셨는데......,◯한국예술인복지재단대표이사정용욱 우선은지금말씀하신대로23.5%밖에가입률이 안된다는지적을해주셨는데......,◯한국예술인복지재단대표이사정용욱우선은지금말씀하신대로23.5%밖에가입률이안된다는지적을해주셨는데......,59,1,0.9,0.8975,PASS,unreviewed,2b2bb828d590f7c043438fe4c6d9d320fc295a3b23f01a76763f8a3e1a633c3e,A8,,
ANS_N053485_T01679_T01679,QA_N053485_000554,N053485,2025-10-27,MSP_N053485_07C95173,유승민,회장,대한체육,agency_head,N053485_T01679,N053485_T01679,1,127,127,N053485_0127_0003,N053485_0127_0003,N053485_SEG_TURN_01679,"◯대한체육회장유승민
53.6%가선거에참여했습니다.
",◯대한체육회장유승민 53.6%가선거에참여했습니다.,◯대한체육회장유승민 53.6%가선거에참여했습니다.,◯대한체육회장유승민53.6%가선거에참여했습니다.,27,1,0.9,0.8975,PASS,unreviewed,db81f4b1b64fc6276c27b4b253ebbeda2f6095b61a2e49729cfe9b8812fe8043,A8,,
ANS_N053485_T01685_T01685,QA_N053485_000557,N053485,2025-10-27,MSP_N053485_07C95173,유승민,회장,대한체육,agency_head,N053485_T01685,N053485_T01685,1,127,127,N053485_0127_0015,N053485_0127_0015,N053485_SEG_TURN_01685,"◯대한체육회장유승민
91% 정도나온걸로알고있습니다.
",◯대한체육회장유승민 91% 정도나온걸로알고있습니다.,◯대한체육회장유승민 91% 정도나온걸로알고있습니다.,◯대한체육회장유승민91%정도나온걸로알고있습니다.,28,1,0.9,0.8975,PASS,unreviewed,23dfc60b54ec6490b514b3f8c112cee3c2d5f6c0a4fd90c71500e6603bb5cae9,A8,,
ANS_050350_T00137_T00137,QA_050350_000050,050350,2020-10-12,MSP_050350_F366C4B4,정재숙,청장,문화재,agency_head,050350_T00137,050350_T00137,1,17,18,050350_0017_0082,050350_0018_0001,050350_SEG_TURN_00137,"◯문화재청장 정재숙  예, 저희가 지금 이렇게 

생각을 하고 있습니다. 관계 전문가의 현지조사

를 곧 실시를 해서요, 확인 감사를, 그 진위 여부

를 위원님께 말씀을 드리고요. 그 이후에 이 정

초석을 철거할 의향이 있는지, 한국은행에서 한

다면 우선 서울시에 먼저 신청을 한 다음에 저희

가 그 신청을 받아들여서 문화재위원회 심의를 

거쳐서 그렇게 하겠습니다.
","◯문화재청장 정재숙 예, 저희가 지금 이렇게 생각을 하고 있습니다. 관계 전문가의 현지조사 를 곧 실시를 해서요, 확인 감사를, 그 진위 여부 를 위원님께 말씀을 드리고요. 그 이후에 이 정 초석을 철거할 의향이 있는지, 한국은행에서 한 다면 우선 서울시에 먼저 신청을 한 다음에 저희 가 그 신청을 받아들여서 문화재위원회 심의를 거쳐서 그렇게 하겠습니다.","◯문화재청장 정재숙 예, 저희가 지금 이렇게 생각을 하고 있습니다. 관계 전문가의 현지조사 를 곧 실시를 해서요, 확인 감사를, 그 진위 여부 를 위원님께 말씀을 드리고요. 그 이후에 이 정 초석을 철거할 의향이 있는지, 한국은행에서 한 다면 우선 서울시에 먼저 신청을 한 다음에 저희 가 그 신청을 받아들여서 문화재위원회 심의를 거쳐서 그렇게 하겠습니다.","◯문화재청장정재숙예,저희가지금이렇게생각을하고있습니다.관계전문가의현지조사를곧실시를해서요,확인감사를,그진위여부를위원님께말씀을드리고요.그이후에이정초석을철거할의향이있는지,한국은행에서한다면우선서울시에먼저신청을한다음에저희가그신청을받아들여서문화재위원회심의를거쳐서그렇게하겠습니다.",199,3,0.9,0.8975,PASS,unreviewed,a0c6aa964c381cde9a51b176155f4c58ee134be6403dcfc89e89cdc504b381fc,NO_WEAK_HIT,,
ANS_050350_T01234_T01234,QA_050350_000543,050350,2020-10-12,MSP_050350_F366C4B4,정재숙,청장,문화재,agency_head,050350_T01234,050350_T01234,1,76,76,050350_0076_0054,050350_0076_0062,050350_SEG_TURN_01234,"◯문화재청장 정재숙  점자감각책을 예산이 부족

해서 450부밖에 못 찍었습니다. 제 계획으로는 

앞으로 예산을 더 확보해서 한 5000부 정도 찍어

서 정말 전국의 도서관과 실제로 이 책이 필요하

신 모든 장애인들 그리고 꼭 장애인뿐이 아닙니

다. 비장애인 남녀노소 누구나 즐길 수 있는 책

이라고 저는 생각을 합니다. 앞으로 이런 쪽에 

더 열심히 노력해서 많은 결실을 맺도록 하겠습

니다. 고맙습니다.
",◯문화재청장 정재숙 점자감각책을 예산이 부족 해서 450부밖에 못 찍었습니다. 제 계획으로는 앞으로 예산을 더 확보해서 한 5000부 정도 찍어 서 정말 전국의 도서관과 실제로 이 책이 필요하 신 모든 장애인들 그리고 꼭 장애인뿐이 아닙니 다. 비장애인 남녀노소 누구나 즐길 수 있는 책 이라고 저는 생각을 합니다. 앞으로 이런 쪽에 더 열심히 노력해서 많은 결실을 맺도록 하겠습 니다. 고맙습니다.,◯문화재청장 정재숙 점자감각책을 예산이 부족 해서 450부밖에 못 찍었습니다. 제 계획으로는 앞으로 예산을 더 확보해서 한 5000부 정도 찍어 서 정말 전국의 도서관과 실제로 이 책이 필요하 신 모든 장애인들 그리고 꼭 장애인뿐이 아닙니 다. 비장애인 남녀노소 누구나 즐길 수 있는 책 이라고 저는 생각을 합니다. 앞으로 이런 쪽에 더 열심히 노력해서 많은 결실을 맺도록 하겠습 니다. 고맙습니다.,◯문화재청장정재숙점자감각책을예산이부족해서450부밖에못찍었습니다.제계획으로는앞으로예산을더확보해서한5000부정도찍어서정말전국의도서관과실제로이책이필요하신모든장애인들그리고꼭장애인뿐이아닙니다.비장애인남녀노소누구나즐길수있는책이라고저는생각을합니다.앞으로이런쪽에더열심히노력해서많은결실을맺도록하겠습니다.고맙습니다.,223,5,0.9,0.8975,PASS,unreviewed,8ed9983c4c80e446ad6ae6a6120b4f1b52251f68e8d4332e5a8d096a42dec07f,NO_WEAK_HIT,,
ANS_050430_T00303_T00303,QA_050430_000131,050430,2020-10-26,MSP_050430_64CA9D06,관박양우,부장,문화체육관광,agency_official,050430_T00303,050430_T00303,1,32,32,050430_0032_0014,050430_0032_0016,050430_SEG_TURN_00303,"◯문화체육관광부장관 박양우  예, 지자체 협조

를 얻어서 했는데 다는 아니고요 몇 군데는 협조

를 하고 있고 몇 군데는 협조를 안 해서……
","◯문화체육관광부장관 박양우 예, 지자체 협조 를 얻어서 했는데 다는 아니고요 몇 군데는 협조 를 하고 있고 몇 군데는 협조를 안 해서......","◯문화체육관광부장관 박양우 예, 지자체 협조 를 얻어서 했는데 다는 아니고요 몇 군데는 협조 를 하고 있고 몇 군데는 협조를 안 해서......","◯문화체육관광부장관박양우예,지자체협조를얻어서했는데다는아니고요몇군데는협조를하고있고몇군데는협조를안해서......",80,1,0.9,0.8975,PASS,unreviewed,a93eecc3b05c546633cc3d030db37eece58e6e3e876bda483deef6b9a8707b49,NO_WEAK_HIT,,
ANS_050430_T00420_T00420,QA_050430_000180,050430,2020-10-26,MSP_050430_F366C4B4,정재숙,청장,문화재,agency_head,050430_T00420,050430_T00420,1,40,40,050430_0040_0052,050430_0040_0053,050430_SEG_TURN_00420,"◯문화재청장 정재숙  예, 알고는 있습니다. 그런

데 위원님……
","◯문화재청장 정재숙 예, 알고는 있습니다. 그런 데 위원님......","◯문화재청장 정재숙 예, 알고는 있습니다. 그런 데 위원님......","◯문화재청장정재숙예,알고는있습니다.그런데위원님......",38,2,0.9,0.8975,PASS,unreviewed,64ec0bdda47d7ad0325b2b05b8dfdcefc0560b507b6141fc1cb5ad6815f24c1d,NO_WEAK_HIT,,
ANS_050430_T00444_T00444,QA_050430_000191,050430,2020-10-26,MSP_050430_E3BCE7C5,정기애,관장,국립장애인도서,agency_head,050430_T00444,050430_T00444,1,42,42,050430_0042_0069,050430_0042_0069,050430_SEG_TURN_00444,"◯국립장애인도서관장 정기애  예, 알겠습니다. 
","◯국립장애인도서관장 정기애 예, 알겠습니다.","◯국립장애인도서관장 정기애 예, 알겠습니다.","◯국립장애인도서관장정기애예,알겠습니다.",24,1,0.9,0.8975,PASS,unreviewed,02ae1b1abd7a535cce630c45c494316c64f1c1b903e0589e109a41241645d432,NO_WEAK_HIT,,
ANS_050430_T00784_T00784,QA_050430_000328,050430,2020-10-26,MSP_050430_64CA9D06,관박양우,부장,문화체육관광,agency_official,050430_T00784,050430_T00784,1,68,68,050430_0068_0053,050430_0068_0055,050430_SEG_TURN_00784,"◯문화체육관광부장관 박양우  이것 좀 증액이 

필요하기 
때문에 
위원님의 
도움이 
필요합니다. 

국회에서도 좀 도와주시면 고맙겠습니다.
",◯문화체육관광부장관 박양우 이것 좀 증액이 필요하기 때문에 위원님의 도움이 필요합니다. 국회에서도 좀 도와주시면 고맙겠습니다.,◯문화체육관광부장관 박양우 이것 좀 증액이 필요하기 때문에 위원님의 도움이 필요합니다. 국회에서도 좀 도와주시면 고맙겠습니다.,◯문화체육관광부장관박양우이것좀증액이필요하기때문에위원님의도움이필요합니다.국회에서도좀도와주시면고맙겠습니다.,70,2,0.9,0.8975,PASS,unreviewed,22fb889d88c49c785af85b8c25814717a6ad3a11c3574893efd1707ccefa7ec6,NO_WEAK_HIT,,
ANS_050430_T00910_T00910,QA_050430_000380,050430,2020-10-26,MSP_050430_64CA9D06,관박양우,부장,문화체육관광,agency_official,050430_T00910,050430_T00910,1,76,76,050430_0076_0038,050430_0076_0039,050430_SEG_TURN_00910,"◯문화체육관광부장관 박양우  크런치 모드 말씀

이십니까? 
",◯문화체육관광부장관 박양우 크런치 모드 말씀 이십니까?,◯문화체육관광부장관 박양우 크런치 모드 말씀 이십니까?,◯문화체육관광부장관박양우크런치모드말씀이십니까?,30,1,0.9,0.8975,PASS,unreviewed,d07be332f7794f4938dac3aa8231c5d9185b72e7585de6e6daaadb45b06d2c94,NO_WEAK_HIT,,
ANS_050430_T00987_T00987,QA_050430_000414,050430,2020-10-26,MSP_050430_135FD702,이기흥,회장,대한체육,agency_head,050430_T00987,050430_T00987,1,81,81,050430_0081_0043,050430_0081_0050,050430_SEG_TURN_00987,"◯대한체육회장 이기흥  IOC에서 하는 이야기는 

구성원들의 의견이 좀 존중이 되어야 된다는 얘

기로 그렇게 이해를 합니다. 장관님께서 하신 말

씀은 전에도 말씀드린 바와 같이 전체적으로 체

육계 구조를 이런 모든 문제를 담아서 한번 논의

를 해 보자 그런 취지로 저희는 이해를 하고 있

습니다. 
",◯대한체육회장 이기흥 IOC에서 하는 이야기는 구성원들의 의견이 좀 존중이 되어야 된다는 얘 기로 그렇게 이해를 합니다. 장관님께서 하신 말 씀은 전에도 말씀드린 바와 같이 전체적으로 체 육계 구조를 이런 모든 문제를 담아서 한번 논의 를 해 보자 그런 취지로 저희는 이해를 하고 있 습니다.,◯대한체육회장 이기흥 IOC에서 하는 이야기는 구성원들의 의견이 좀 존중이 되어야 된다는 얘 기로 그렇게 이해를 합니다. 장관님께서 하신 말 씀은 전에도 말씀드린 바와 같이 전체적으로 체 육계 구조를 이런 모든 문제를 담아서 한번 논의 를 해 보자 그런 취지로 저희는 이해를 하고 있 습니다.,◯대한체육회장이기흥IOC에서하는이야기는구성원들의의견이좀존중이되어야된다는얘기로그렇게이해를합니다.장관님께서하신말씀은전에도말씀드린바와같이전체적으로체육계구조를이런모든문제를담아서한번논의를해보자그런취지로저희는이해를하고있습니다.,163,2,0.9,0.8975,PASS,unreviewed,c8ea0f377439971e9b4f5995eb56d3c09062b5fd728fc15eea4ccbe01a4a65b7,NO_WEAK_HIT,,
ANS_050492_T00080_T00080,QA_050492_000027,050492,2020-10-15,MSP_050492_DAEDD9FD,조재기,이사장,서울올림픽기념국민체육진흥공단,agency_head,050492_T00080,050492_T00080,1,13,13,050492_0013_0032,050492_0013_0043,050492_SEG_TURN_00080,"◯서울올림픽기념국민체육진흥공단이사장 조재기  

예, 그런데 저도 과학연구원에 이런 이야기가 있

는데 이게 무슨 이야기냐 하고 제가 질책을 했습

니다. 했더니만 그런 애로사항들이…… 금방 누

군가가 일본어로 번역을 해서 일본에서 그걸 발

표를 해서 우리를 대상으로 같이…… JISS라는 

게 
태릉선수촌을 
벤치마킹한 
단체입니다, 
일본 

스포츠과학연구원이. 그러니까 한국을 계속 견제

를 하는 것, 그걸 대비해서 그랬다는데 앞으로

는…… 그래서 제가 왜 그러냐니까 직접 선수나 

직접 그 팀의 감독이 공유를 하자 하면 언제든지 

제공한다 그럽니다. 
","◯서울올림픽기념국민체육진흥공단이사장 조재기 예, 그런데 저도 과학연구원에 이런 이야기가 있 는데 이게 무슨 이야기냐 하고 제가 질책을 했습 니다. 했더니만 그런 애로사항들이...... 금방 누 군가가 일본어로 번역을 해서 일본에서 그걸 발 표를 해서 우리를 대상으로 같이...... JISS라는 게 태릉선수촌을 벤치마킹한 단체입니다, 일본 스포츠과학연구원이. 그러니까 한국을 계속 견제 를 하는 것, 그걸 대비해서 그랬다는데 앞으로 는...... 그래서 제가 왜 그러냐니까 직접 선수나 직접 그 팀의 감독이 공유를 하자 하면 언제든지 제공한다 그럽니다.","◯서울올림픽기념국민체육진흥공단이사장 조재기 예, 그런데 저도 과학연구원에 이런 이야기가 있 는데 이게 무슨 이야기냐 하고 제가 질책을 했습 니다. 했더니만 그런 애로사항들이...... 금방 누 군가가 일본어로 번역을 해서 일본에서 그걸 발 표를 해서 우리를 대상으로 같이...... JISS라는 게 태릉선수촌을 벤치마킹한 단체입니다, 일본 스포츠과학연구원이. 그러니까 한국을 계속 견제 를 하는 것, 그걸 대비해서 그랬다는데 앞으로 는...... 그래서 제가 왜 그러냐니까 직접 선수나 직접 그 팀의 감독이 공유를 하자 하면 언제든지 제공한다 그럽니다.","◯서울올림픽기념국민체육진흥공단이사장조재기예,그런데저도과학연구원에이런이야기가있는데이게무슨이야기냐하고제가질책을했습니다.했더니만그런애로사항들이......금방누군가가일본어로번역을해서일본에서그걸발표를해서우리를대상으로같이......JISS라는게태릉선수촌을벤치마킹한단체입니다,일본스포츠과학연구원이.그러니까한국을계속견제를하는것,그걸대비해서그랬다는데앞으로는......그래서제가왜그러냐니까직접선수나직접그팀의감독이공유를하자하면언제든지제공한다그럽니다.",309,6,0.9,0.8975,PASS,unreviewed,e25b65631c6f6ec60ca388f8898e0a21223d315532c57a91d799e3ced4197500,NO_WEAK_HIT,,
ANS_050492_T00395_T00395,QA_050492_000174,050492,2020-10-15,MSP_050492_135FD702,이기흥,회장,대한체육,agency_head,050492_T00395,050492_T00395,1,28,28,050492_0028_0086,050492_0028_0086,050492_SEG_TURN_00395,"◯대한체육회장 이기흥  그렇습니다. 
",◯대한체육회장 이기흥 그렇습니다.,◯대한체육회장 이기흥 그렇습니다.,◯대한체육회장이기흥그렇습니다.,18,1,0.9,0.8975,PASS,unreviewed,30b2b9e363c44f56347d8dba692505b313aaa15a8a98fb7f168dbe0914d9651f,NO_WEAK_HIT,,
ANS_050492_T01209_T01209,QA_050492_000503,050492,2020-10-15,MSP_050492_135FD702,이기흥,회장,대한체육,agency_head,050492_T01209,050492_T01209,1,68,68,050492_0068_0076,050492_0068_0077,050492_SEG_TURN_01209,"◯대한체육회장 이기흥  아마 여성 비율을 높이

라는 지적이 있었습니다. 
",◯대한체육회장 이기흥 아마 여성 비율을 높이 라는 지적이 있었습니다.,◯대한체육회장 이기흥 아마 여성 비율을 높이 라는 지적이 있었습니다.,◯대한체육회장이기흥아마여성비율을높이라는지적이있었습니다.,38,1,0.9,0.8975,PASS,unreviewed,dd544bfeaf78f8132553fb29de385df33d833a588e77fd214512e5ee17a8f82b,NO_WEAK_HIT,,
ANS_050606_T00692_T00692,QA_050606_000247,050606,2020-10-22,MSP_050606_45355672,이재홍,위원장,게임물관리,agency_head,050606_T00692,050606_T00692,1,52,52,050606_0052_0014,050606_0052_0014,050606_SEG_TURN_00692,"◯게임물관리위원장 이재홍  예.
",◯게임물관리위원장 이재홍 예.,◯게임물관리위원장 이재홍 예.,◯게임물관리위원장이재홍예.,16,1,0.9,0.8975,PASS,unreviewed,7996f24c36ed3f091f014d917ad0cdda47106170c948e7f93a4a7172c34d7215,NO_WEAK_HIT,,
ANS_050615_T00121_T00121,QA_050615_000023,050615,2020-10-16,MSP_050615_AD73BBB4,직무대행,원장,한국문화정보,agency_head,050615_T00121,050615_T00121,1,18,18,050615_0018_0032,050615_0018_0035,050615_SEG_TURN_00121,"◯한국문화정보원장직무대행 양경모  이사회 제

청 이후에 지금 후보자에 대해서 검증 절차가 진

행되고 있습니다. 그래서 지금 그것 관련되어 가

지고는……
",◯한국문화정보원장직무대행 양경모 이사회 제 청 이후에 지금 후보자에 대해서 검증 절차가 진 행되고 있습니다. 그래서 지금 그것 관련되어 가 지고는......,◯한국문화정보원장직무대행 양경모 이사회 제 청 이후에 지금 후보자에 대해서 검증 절차가 진 행되고 있습니다. 그래서 지금 그것 관련되어 가 지고는......,◯한국문화정보원장직무대행양경모이사회제청이후에지금후보자에대해서검증절차가진행되고있습니다.그래서지금그것관련되어가지고는......,87,2,0.9,0.8975,PASS,unreviewed,802bd10653b976cbed4bb30085b29ad561048aa43ce9422ff1d1cc005a056525,NO_WEAK_HIT,,
ANS_050673_T00335_T00335,QA_050673_000118,050673,2020-10-19,MSP_050673_E33CEE73,박종관,위원장,한국문화예술,agency_head,050673_T00335,050673_T00335,1,31,31,050673_0031_0086,050673_0031_0086,050673_SEG_TURN_00335,"◯한국문화예술위원장 박종관  예. 
",◯한국문화예술위원장 박종관 예.,◯한국문화예술위원장 박종관 예.,◯한국문화예술위원장박종관예.,17,1,0.9,0.8975,PASS,unreviewed,21a31eac465b848fd66faac100b2ca8980e786137e1bb1b2d70fe0e15850a536,NO_WEAK_HIT,,
ANS_050673_T01171_T01171,QA_050673_000484,050673,2020-10-19,MSP_050673_609D64BC,정희섭,대표이사,(재)한국예술인복지재단,agency_official,050673_T01171,050673_T01171,1,76,76,050673_0076_0016,050673_0076_0019,050673_SEG_TURN_01171,"◯(재)한국예술인복지재단대표이사 정희섭  신용

도 문제 때문에 대출을 받지 못한, 융자를 받지 

못하는 일부 예술인들이 있는 안타까운 현실을 

저희도 잘 알고 있습니다.
","◯(재)한국예술인복지재단대표이사 정희섭 신용 도 문제 때문에 대출을 받지 못한, 융자를 받지 못하는 일부 예술인들이 있는 안타까운 현실을 저희도 잘 알고 있습니다.","◯(재)한국예술인복지재단대표이사 정희섭 신용 도 문제 때문에 대출을 받지 못한, 융자를 받지 못하는 일부 예술인들이 있는 안타까운 현실을 저희도 잘 알고 있습니다.","◯(재)한국예술인복지재단대표이사정희섭신용도문제때문에대출을받지못한,융자를받지못하는일부예술인들이있는안타까운현실을저희도잘알고있습니다.",91,1,0.9,0.8975,PASS,unreviewed,3732e0454f2e4776c7e8fafc20336cb88a9b0bc69a6381c596638f4f3ebc4de3,NO_WEAK_HIT,,
ANS_051354_T00099_T00099,QA_051354_000007,051354,2021-10-01,MSP_051354_1903A8A5,관황희,부장,문화체육관광,agency_official,051354_T00099,051354_T00099,1,11,11,051354_0011_0030,051354_0011_0038,051354_SEG_TURN_00099,"◯문화체육관광부장관 황희  위원님, 지금 협회

라든가 소속기관에 대해서는 사실 문체부가 대부

분의 기관과 협회가 지원은 하는데 관여하기는 

조금 애매한 이런 부분도 있거든요. 그럼에도 불

구하고 위원님 지적하신 부분이 매우 의미 있다

고는 봅니다. 그래서 이런 부분을 좀 잘 가르면

서 위원님 지적하시는 부분이 해소될 수 있는 부

분에 대해서는 문체부가 적극적으로 검토하겠습

니다.
","◯문화체육관광부장관 황희 위원님, 지금 협회 라든가 소속기관에 대해서는 사실 문체부가 대부 분의 기관과 협회가 지원은 하는데 관여하기는 조금 애매한 이런 부분도 있거든요. 그럼에도 불 구하고 위원님 지적하신 부분이 매우 의미 있다 고는 봅니다. 그래서 이런 부분을 좀 잘 가르면 서 위원님 지적하시는 부분이 해소될 수 있는 부 분에 대해서는 문체부가 적극적으로 검토하겠습 니다.","◯문화체육관광부장관 황희 위원님, 지금 협회 라든가 소속기관에 대해서는 사실 문체부가 대부 분의 기관과 협회가 지원은 하는데 관여하기는 조금 애매한 이런 부분도 있거든요. 그럼에도 불 구하고 위원님 지적하신 부분이 매우 의미 있다 고는 봅니다. 그래서 이런 부분을 좀 잘 가르면 서 위원님 지적하시는 부분이 해소될 수 있는 부 분에 대해서는 문체부가 적극적으로 검토하겠습 니다.","◯문화체육관광부장관황희위원님,지금협회라든가소속기관에대해서는사실문체부가대부분의기관과협회가지원은하는데관여하기는조금애매한이런부분도있거든요.그럼에도불구하고위원님지적하신부분이매우의미있다고는봅니다.그래서이런부분을좀잘가르면서위원님지적하시는부분이해소될수있는부분에대해서는문체부가적극적으로검토하겠습니다.",211,3,0.9,0.8975,PASS,unreviewed,f6b6f0d2935f250e6ad90993b0a1b427f309d6b7275f1ec44830f6335ad75677,NO_WEAK_HIT,,
ANS_051354_T00431_T00431,QA_051354_000142,051354,2021-10-01,MSP_051354_59E1EA34,이진수,증인,,witness,051354_T00431,051354_T00431,1,39,39,051354_0039_0041,051354_0039_0041,051354_SEG_TURN_00431,"◯증인 이진수  맞습니다. 
",◯증인 이진수 맞습니다.,◯증인 이진수 맞습니다.,◯증인이진수맞습니다.,13,1,0.9,0.8975,PASS,unreviewed,f20313cf89e0543159b7c5a0528d7dc5c74b58de81066c8895ce6d63d3309f6d,NO_WEAK_HIT,,
ANS_051354_T00729_T00729,QA_051354_000267,051354,2021-10-01,MSP_051354_1903A8A5,관황희,부장,문화체육관광,agency_official,051354_T00729,051354_T00729,1,58,58,051354_0058_0001,051354_0058_0001,051354_SEG_TURN_00729,"◯문화체육관광부장관 황희  예.
",◯문화체육관광부장관 황희 예.,◯문화체육관광부장관 황희 예.,◯문화체육관광부장관황희예.,16,1,0.9,0.8975,PASS,unreviewed,ae624e6696117fd5ecd56e2e30be4d06f501cb1480ac4188314e376b724739c0,NO_WEAK_HIT,,
ANS_051354_T01088_T01088,QA_051354_000423,051354,2021-10-01,MSP_051354_1903A8A5,관황희,부장,문화체육관광,agency_official,051354_T01088,051354_T01088,1,80,80,051354_0080_0074,051354_0080_0076,051354_SEG_TURN_01088,"◯문화체육관광부장관 황희  예, 늘 이렇게 조금 

환경이 바뀌다 보니까 위원님 말씀에 공감하는

데, 고민해 보도록 하겠습니다.
","◯문화체육관광부장관 황희 예, 늘 이렇게 조금 환경이 바뀌다 보니까 위원님 말씀에 공감하는 데, 고민해 보도록 하겠습니다.","◯문화체육관광부장관 황희 예, 늘 이렇게 조금 환경이 바뀌다 보니까 위원님 말씀에 공감하는 데, 고민해 보도록 하겠습니다.","◯문화체육관광부장관황희예,늘이렇게조금환경이바뀌다보니까위원님말씀에공감하는데,고민해보도록하겠습니다.",68,1,0.9,0.8975,PASS,unreviewed,d7342792bde66d419bb92409a5e721c4110f3b1cb19b338076bf45a0b967b432,NO_WEAK_HIT,,
ANS_051381_T00078_T00078,QA_051381_000024,051381,2021-10-05,MSP_051381_01D2E8B4,김현모,청장,문화재,agency_head,051381_T00078,051381_T00078,1,15,15,051381_0015_0080,051381_0015_0080,051381_SEG_TURN_00078,"◯문화재청장 김현모  예.
",◯문화재청장 김현모 예.,◯문화재청장 김현모 예.,◯문화재청장김현모예.,13,1,0.9,0.8975,PASS,unreviewed,249808514a3a3ceea89d1e84c78dbb757613431e975f21cc14e3d0c05520dac1,NO_WEAK_HIT,,
ANS_051381_T00616_T00616,QA_051381_000223,051381,2021-10-05,MSP_051381_01D2E8B4,김현모,청장,문화재,agency_head,051381_T00616,051381_T00616,1,49,49,051381_0049_0088,051381_0049_0088,051381_SEG_TURN_00616,"◯문화재청장 김현모  예.
",◯문화재청장 김현모 예.,◯문화재청장 김현모 예.,◯문화재청장김현모예.,13,1,0.9,0.8975,PASS,unreviewed,249808514a3a3ceea89d1e84c78dbb757613431e975f21cc14e3d0c05520dac1,NO_WEAK_HIT,,
ANS_051381_T00859_T00859,QA_051381_000318,051381,2021-10-05,MSP_051381_01D2E8B4,김현모,청장,문화재,agency_head,051381_T00859,051381_T00859,1,67,67,051381_0067_0077,051381_0067_0090,051381_SEG_TURN_00859,"◯문화재청장 김현모  먼저 태릉선수촌 보존에 

관한 건은 세계유산센터에 저희 의견이 가 있고, 

저희가 예측하기로 1개월 이내에 의견이 올 것으

로 지금 보고 있습니다. 그래서 조속히 정리하도

록 하겠습니다.

  그리고 친일 작가 지정 해제 건은 문체부의 영

정․동상심의위원회가 있는데 지금 여기에 저희

가 계속 촉구를 하고 있고 문체부와 협의해서 빨

리 해결되도록 하겠습니다.

  그리고 상주본 회수에 대해서는 저희는 배익기 

씨를 통한 자진 반납 그걸 계속 유도를 하고 있

지만 형사처벌 그런 조치까지 해서 최근에 저희

가 다각도로 접촉을 하고 있고 이 내용은 정리해

서 보고를 드리겠습니다.
","◯문화재청장 김현모 먼저 태릉선수촌 보존에 관한 건은 세계유산센터에 저희 의견이 가 있고, 저희가 예측하기로 1개월 이내에 의견이 올 것으 로 지금 보고 있습니다. 그래서 조속히 정리하도 록 하겠습니다. 그리고 친일 작가 지정 해제 건은 문체부의 영 정.동상심의위원회가 있는데 지금 여기에 저희 가 계속 촉구를 하고 있고 문체부와 협의해서 빨 리 해결되도록 하겠습니다. 그리고 상주본 회수에 대해서는 저희는 배익기 씨를 통한 자진 반납 그걸 계속 유도를 하고 있 지만 형사처벌 그런 조치까지 해서 최근에 저희 가 다각도로 접촉을 하고 있고 이 내용은 정리해 서 보고를 드리겠습니다.","◯문화재청장 김현모 먼저 태릉선수촌 보존에 관한 건은 세계유산센터에 저희 의견이 가 있고, 저희가 예측하기로 1개월 이내에 의견이 올 것으 로 지금 보고 있습니다. 그래서 조속히 정리하도 록 하겠습니다. 그리고 친일 작가 지정 해제 건은 문체부의 영 정.동상심의위원회가 있는데 지금 여기에 저희 가 계속 촉구를 하고 있고 문체부와 협의해서 빨 리 해결되도록 하겠습니다. 그리고 상주본 회수에 대해서는 저희는 배익기 씨를 통한 자진 반납 그걸 계속 유도를 하고 있 지만 형사처벌 그런 조치까지 해서 최근에 저희 가 다각도로 접촉을 하고 있고 이 내용은 정리해 서 보고를 드리겠습니다.","◯문화재청장김현모먼저태릉선수촌보존에관한건은세계유산센터에저희의견이가있고,저희가예측하기로1개월이내에의견이올것으로지금보고있습니다.그래서조속히정리하도록하겠습니다.그리고친일작가지정해제건은문체부의영정.동상심의위원회가있는데지금여기에저희가계속촉구를하고있고문체부와협의해서빨리해결되도록하겠습니다.그리고상주본회수에대해서는저희는배익기씨를통한자진반납그걸계속유도를하고있지만형사처벌그런조치까지해서최근에저희가다각도로접촉을하고있고이내용은정리해서보고를드리겠습니다.",325,4,0.9,0.8975,PASS,unreviewed,e0eaa28878a6e99016ae3e9b004a9bd1e9f0b0a8a008a9446ae554c1cd1309a8,NO_WEAK_HIT,,
ANS_051402_T00235_T00235,QA_051402_000106,051402,2021-10-21,MSP_051402_1903A8A5,관황희,부장,문화체육관광,agency_official,051402_T00235,051402_T00235,1,22,23,051402_0022_0084,051402_0023_0020,051402_SEG_TURN_00235,"◯문화체육관광부장관 황희  예, 위원님. 특히 지

적하신 중에 청소년 체력 향상에 대해서는 체육

활동을 많이 한 아이들이 공부를 더 효율적으로 

잘한다라는 하버드대학교 연구용역 발표도 있었

는데요. 저희가 내년에 한 500억 정도 공공스포

츠클럽이라든가 방과 후 스포츠 프로그램이라든

가 유소년 주말리그 이런 쪽에 하는데 이것 갖고

도 부족하지요. 그래서 위원님 지적하신 전반적

인 
정책도 
세우고 
교육부하고 
협업하겠습니다. 

협업해서 나가고요. 

  그다음에 지방체육회 관련해서는 문체부는 선

명합니다. 
정치와 
체육은 
분리되어야 
된다라는 

원칙은 명확하게 가지고 있고요. 

  정부광고 지표 개선안 관련해서 무가지 관련해

서 저희도 좀 골머리입니다. 이 부분에 있어서 

어느 언론사를 페널티하고자 이런 것도 아니고, 

이미 제가 언론사들 다 만났는데 과거의 부수 중

심으로 하는 것은 우리도 아닌 것 같다, 그러면 

새로운 지표를 만드는 데 있어서 정부는 광고 전

달력이 제일 중요합니다. 

  그래서 이 부분에 있어서 뭔가 좀 탈법․불법 

하지 말고 정확하게 정부광고의 전달력이 높고 

효율성이 높은 방안들을 투명하게 조사하는 거거

든요. 그래서 무가지 부분에 대해서도 경로 조사

라든가 이런 부분에 있어서 회피할 수 있는 그래

서 실제로 언론재단과 언론사와 출입기자와 여러 

분야에서 수차례에 걸쳐서 간담회를 한 다음에 

정부광고 지표를 만들어 갈 계획입니다. 
","◯문화체육관광부장관 황희 예, 위원님. 특히 지 적하신 중에 청소년 체력 향상에 대해서는 체육 활동을 많이 한 아이들이 공부를 더 효율적으로 잘한다라는 하버드대학교 연구용역 발표도 있었 는데요. 저희가 내년에 한 500억 정도 공공스포 츠클럽이라든가 방과 후 스포츠 프로그램이라든 가 유소년 주말리그 이런 쪽에 하는데 이것 갖고 도 부족하지요. 그래서 위원님 지적하신 전반적 인 정책도 세우고 교육부하고 협업하겠습니다. 협업해서 나가고요. 그다음에 지방체육회 관련해서는 문체부는 선 명합니다. 정치와 체육은 분리되어야 된다라는 원칙은 명확하게 가지고 있고요. 정부광고 지표 개선안 관련해서 무가지 관련해 서 저희도 좀 골머리입니다. 이 부분에 있어서 어느 언론사를 페널티하고자 이런 것도 아니고, 이미 제가 언론사들 다 만났는데 과거의 부수 중 심으로 하는 것은 우리도 아닌 것 같다, 그러면 새로운 지표를 만드는 데 있어서 정부는 광고 전 달력이 제일 중요합니다. 그래서 이 부분에 있어서 뭔가 좀 탈법.불법 하지 말고 정확하게 정부광고의 전달력이 높고 효율성이 높은 방안들을 투명하게 조사하는 거거 든요. 그래서 무가지 부분에 대해서도 경로 조사 라든가 이런 부분에 있어서 회피할 수 있는 그래 서 실제로 언론재단과 언론사와 출입기자와 여러 분야에서 수차례에 걸쳐서 간담회를 한 다음에 정부광고 지표를 만들어 갈 계획입니다.","◯문화체육관광부장관 황희 예, 위원님. 특히 지 적하신 중에 청소년 체력 향상에 대해서는 체육 활동을 많이 한 아이들이 공부를 더 효율적으로 잘한다라는 하버드대학교 연구용역 발표도 있었 는데요. 저희가 내년에 한 500억 정도 공공스포 츠클럽이라든가 방과 후 스포츠 프로그램이라든 가 유소년 주말리그 이런 쪽에 하는데 이것 갖고 도 부족하지요. 그래서 위원님 지적하신 전반적 인 정책도 세우고 교육부하고 협업하겠습니다. 협업해서 나가고요. 그다음에 지방체육회 관련해서는 문체부는 선 명합니다. 정치와 체육은 분리되어야 된다라는 원칙은 명확하게 가지고 있고요. 정부광고 지표 개선안 관련해서 무가지 관련해 서 저희도 좀 골머리입니다. 이 부분에 있어서 어느 언론사를 페널티하고자 이런 것도 아니고, 이미 제가 언론사들 다 만났는데 과거의 부수 중 심으로 하는 것은 우리도 아닌 것 같다, 그러면 새로운 지표를 만드는 데 있어서 정부는 광고 전 달력이 제일 중요합니다. 그래서 이 부분에 있어서 뭔가 좀 탈법.불법 하지 말고 정확하게 정부광고의 전달력이 높고 효율성이 높은 방안들을 투명하게 조사하는 거거 든요. 그래서 무가지 부분에 대해서도 경로 조사 라든가 이런 부분에 있어서 회피할 수 있는 그래 서 실제로 언론재단과 언론사와 출입기자와 여러 분야에서 수차례에 걸쳐서 간담회를 한 다음에 정부광고 지표를 만들어 갈 계획입니다.","◯문화체육관광부장관황희예,위원님.특히지적하신중에청소년체력향상에대해서는체육활동을많이한아이들이공부를더효율적으로잘한다라는하버드대학교연구용역발표도있었는데요.저희가내년에한500억정도공공스포츠클럽이라든가방과후스포츠프로그램이라든가유소년주말리그이런쪽에하는데이것갖고도부족하지요.그래서위원님지적하신전반적인정책도세우고교육부하고협업하겠습니다.협업해서나가고요.그다음에지방체육회관련해서는문체부는선명합니다.정치와체육은분리되어야된다라는원칙은명확하게가지고있고요.정부광고지표개선안관련해서무가지관련해서저희도좀골머리입니다.이부분에있어서어느언론사를페널티하고자이런것도아니고,이미제가언론사들다만났는데과거의부수중심으로하는것은우리도아닌것같다,그러면새로운지표를만드는데있어서정부는광고전달력이제일중요합니다.그래서이부분에있어서뭔가좀탈법.불법하지말고정확하게정부광고의전달력이높고효율성이높은방안들을투명하게조사하는거거든요.그래서무가지부분에대해서도경로조사라든가이런부분에있어서회피할수있는그래서실제로언론재단과언론사와출입기자와여러분야에서수차례에걸쳐서간담회를한다음에정부광고지표를만들어갈계획입니다.",687,11,0.9,0.8975,PASS,unreviewed,a4c81d118875882468b5d91cb7ca3781d9842d2f08ca8c639c61795f2952d339,NO_WEAK_HIT,,
ANS_051402_T00321_T00321,QA_051402_000146,051402,2021-10-21,MSP_051402_01D2E8B4,김현모,청장,문화재,agency_head,051402_T00321,051402_T00321,1,26,26,051402_0026_0078,051402_0026_0079,051402_SEG_TURN_00321,"◯문화재청장 김현모  예, 지금 일부 사찰에서 

관람료를 징수하고 있습니다.
","◯문화재청장 김현모 예, 지금 일부 사찰에서 관람료를 징수하고 있습니다.","◯문화재청장 김현모 예, 지금 일부 사찰에서 관람료를 징수하고 있습니다.","◯문화재청장김현모예,지금일부사찰에서관람료를징수하고있습니다.",40,1,0.9,0.8975,PASS,unreviewed,6777311e8384c7e8384403e15c4b09149ca125e377ed210b7731a9f17d5dfef8,NO_WEAK_HIT,,
ANS_051402_T00540_T00540,QA_051402_000230,051402,2021-10-21,MSP_051402_C531A852,연주환,증인,,witness,051402_T00540,051402_T00540,1,41,41,051402_0041_0010,051402_0041_0011,051402_SEG_TURN_00540,"◯증인 연주환  마이크가 꺼져서……

    (발언시간 초과로 마이크 중단)
",◯증인 연주환 마이크가 꺼져서...... (발언시간 초과로 마이크 중단),◯증인 연주환 마이크가 꺼져서...... (발언시간 초과로 마이크 중단),◯증인연주환마이크가꺼져서......(발언시간초과로마이크중단),40,2,0.9,0.8975,PASS,unreviewed,d0b7cf6269926986ccdb511b588e9c83d34055c7da22f26bf2ac7de81d0a429d,NO_WEAK_HIT,,
ANS_051402_T01082_T01082,QA_051402_000470,051402,2021-10-21,MSP_051402_9C40B97D,박정렬,원장,해외문화홍보,agency_head,051402_T01082,051402_T01082,1,76,76,051402_0076_0022,051402_0076_0022,051402_SEG_TURN_01082,"◯해외문화홍보원장 박정렬  예, 알겠습니다.
","◯해외문화홍보원장 박정렬 예, 알겠습니다.","◯해외문화홍보원장 박정렬 예, 알겠습니다.","◯해외문화홍보원장박정렬예,알겠습니다.",23,1,0.9,0.8975,PASS,unreviewed,c2b401baae0a99bae33480314d1d77174d068c980718956e5ef717f224ec2a38,NO_WEAK_HIT,,
ANS_051424_T00299_T00299,QA_051424_000136,051424,2021-10-12,MSP_051424_135FD702,이기흥,회장,대한체육,agency_head,051424_T00299,051424_T00299,1,24,24,051424_0024_0007,051424_0024_0007,051424_SEG_TURN_00299,"◯대한체육회장 이기흥  그렇습니다.
",◯대한체육회장 이기흥 그렇습니다.,◯대한체육회장 이기흥 그렇습니다.,◯대한체육회장이기흥그렇습니다.,18,1,0.9,0.8975,PASS,unreviewed,30b2b9e363c44f56347d8dba692505b313aaa15a8a98fb7f168dbe0914d9651f,NO_WEAK_HIT,,
ANS_051424_T01057_T01057,QA_051424_000448,051424,2021-10-12,MSP_051424_135FD702,이기흥,회장,대한체육,agency_head,051424_T01057,051424_T01057,1,69,69,051424_0069_0016,051424_0069_0016,051424_SEG_TURN_01057,"◯대한체육회장 이기흥  감경……
",◯대한체육회장 이기흥 감경......,◯대한체육회장 이기흥 감경......,◯대한체육회장이기흥감경......,20,1,0.9,0.8975,PASS,unreviewed,9968dc04d3f68092ca887e99ea4dbdb82123721b14e78435307746d3da135ba5,NO_WEAK_HIT,,
ANS_051424_T01185_T01185,QA_051424_000504,051424,2021-10-12,MSP_051424_DEB12534,조현재,이사장,서울올림픽기념국민체육진흥공단,agency_head,051424_T01185,051424_T01185,1,74,74,051424_0074_0051,051424_0074_0054,051424_SEG_TURN_01185,"◯서울올림픽기념국민체육진흥공단이사장 조현재  

예, 골프이고요. 그래서 이건 프로선수들이라서 

이 부분은 저희가 프로골프 남녀 협회랑 좀 더 

상의해서 등록에 올리도록 노력하겠습니다.
","◯서울올림픽기념국민체육진흥공단이사장 조현재 예, 골프이고요. 그래서 이건 프로선수들이라서 이 부분은 저희가 프로골프 남녀 협회랑 좀 더 상의해서 등록에 올리도록 노력하겠습니다.","◯서울올림픽기념국민체육진흥공단이사장 조현재 예, 골프이고요. 그래서 이건 프로선수들이라서 이 부분은 저희가 프로골프 남녀 협회랑 좀 더 상의해서 등록에 올리도록 노력하겠습니다.","◯서울올림픽기념국민체육진흥공단이사장조현재예,골프이고요.그래서이건프로선수들이라서이부분은저희가프로골프남녀협회랑좀더상의해서등록에올리도록노력하겠습니다.",98,2,0.9,0.8975,PASS,unreviewed,c75be43ac48aea7b84e2ca5aab1d9966e113d98ef74872185fbda7831f312347,NO_WEAK_HIT,,
ANS_051535_T00175_T00175,QA_051535_000046,051535,2021-10-19,MSP_051535_5DE593BA,안영배,사장,한국관광공사,agency_head,051535_T00175,051535_T00175,1,16,16,051535_0016_0029,051535_0016_0030,051535_SEG_TURN_00175,"◯한국관광공사사장 안영배  제가 설명을 좀 드

려도 되겠습니까?
",◯한국관광공사사장 안영배 제가 설명을 좀 드 려도 되겠습니까?,◯한국관광공사사장 안영배 제가 설명을 좀 드 려도 되겠습니까?,◯한국관광공사사장안영배제가설명을좀드려도되겠습니까?,34,1,0.9,0.8975,PASS,unreviewed,3a7905895f7cc5de9cc0a9f8df4ea13fb4cb898d1335ffd279345a385cc89322,NO_WEAK_HIT,,
ANS_052229_T00370_T00370,QA_052229_000139,052229,2022-10-05,MSP_052229_A34C4732,관박보균,부장,문화체육관광,agency_official,052229_T00370,052229_T00370,1,30,30,052229_0030_0072,052229_0030_0072,052229_SEG_TURN_00370,"◯문화체육관광부장관 박보균  예, 그렇습니다.
","◯문화체육관광부장관 박보균 예, 그렇습니다.","◯문화체육관광부장관 박보균 예, 그렇습니다.","◯문화체육관광부장관박보균예,그렇습니다.",24,1,0.9,0.8975,PASS,unreviewed,327f3677d5cc8c736587d4d92a77c1d894aed955ad1a144538425483ee85f293,NO_WEAK_HIT,,
ANS_052229_T00376_T00376,QA_052229_000142,052229,2022-10-05,MSP_052229_A34C4732,관박보균,부장,문화체육관광,agency_official,052229_T00376,052229_T00376,1,31,31,052229_0031_0023,052229_0031_0024,052229_SEG_TURN_00376,"◯문화체육관광부장관 박보균 
 10월 
2일 
현재 

200만 명 정도 관람했습니다.
",◯문화체육관광부장관 박보균 10월 2일 현재 200만 명 정도 관람했습니다.,◯문화체육관광부장관 박보균 10월 2일 현재 200만 명 정도 관람했습니다.,◯문화체육관광부장관박보균10월2일현재200만명정도관람했습니다.,42,1,0.9,0.8975,PASS,unreviewed,fb27ed3503f33e4d9571fb668f2344a120379eaccb90c45114d440200995cec1,NO_WEAK_HIT,,
ANS_052229_T00909_T00909,QA_052229_000345,052229,2022-10-05,MSP_052229_A34C4732,관박보균,부장,문화체육관광,agency_official,052229_T00909,052229_T00909,1,69,69,052229_0069_0086,052229_0069_0086,052229_SEG_TURN_00909,"◯문화체육관광부장관 박보균  예.
",◯문화체육관광부장관 박보균 예.,◯문화체육관광부장관 박보균 예.,◯문화체육관광부장관박보균예.,17,1,0.9,0.8975,PASS,unreviewed,c5200ab886b477dfaf8680d8f9c3e65ba43f079f6741f07edf3ed701fba5d61f,NO_WEAK_HIT,,
ANS_052229_T00958_T00958,QA_052229_000364,052229,2022-10-05,MSP_052229_A34C4732,관박보균,부장,문화체육관광,agency_official,052229_T00958,052229_T00958,1,73,73,052229_0073_0006,052229_0073_0019,052229_SEG_TURN_00958,"◯문화체육관광부장관 박보균  집착하는 게 아니

라요 김영삼 대통령께서 청와대 구공간을 철거하

면서 어떤 건물을 철거했는지 조선총독부 건물이 

어떤 건지 그것을 국민께 알려 주기 위해서 모형

을 제작하라고 했다는 점을 알려 드리려고 그렇

게 넣은 겁니다. 이게 무슨 조선총독부……

  당시의 박관용 실장님의, 첫 비서실장을 하셨

던 박관용 실장님이 하신 말씀은 ‘김영삼 대통령

님께서 청와대 구공간을 철거하면서 민족정기를 

회복하는데 내가 회복한 민족정기의 대상 건물이 

어떤지를 알려 줘야 된다’고 그래서 600분의 1짜

리의 모형 건물을 제작했고 그게 과거에 지금의 

사랑채에서 전시가 됐습니다. 그 부분을 말씀드

리려고 그것을 넣은 겁니다.
","◯문화체육관광부장관 박보균 집착하는 게 아니 라요 김영삼 대통령께서 청와대 구공간을 철거하 면서 어떤 건물을 철거했는지 조선총독부 건물이 어떤 건지 그것을 국민께 알려 주기 위해서 모형 을 제작하라고 했다는 점을 알려 드리려고 그렇 게 넣은 겁니다. 이게 무슨 조선총독부...... 당시의 박관용 실장님의, 첫 비서실장을 하셨 던 박관용 실장님이 하신 말씀은 ‘김영삼 대통령 님께서 청와대 구공간을 철거하면서 민족정기를 회복하는데 내가 회복한 민족정기의 대상 건물이 어떤지를 알려 줘야 된다’고 그래서 600분의 1짜 리의 모형 건물을 제작했고 그게 과거에 지금의 사랑채에서 전시가 됐습니다. 그 부분을 말씀드 리려고 그것을 넣은 겁니다.","◯문화체육관광부장관 박보균 집착하는 게 아니 라요 김영삼 대통령께서 청와대 구공간을 철거하 면서 어떤 건물을 철거했는지 조선총독부 건물이 어떤 건지 그것을 국민께 알려 주기 위해서 모형 을 제작하라고 했다는 점을 알려 드리려고 그렇 게 넣은 겁니다. 이게 무슨 조선총독부...... 당시의 박관용 실장님의, 첫 비서실장을 하셨 던 박관용 실장님이 하신 말씀은 ‘김영삼 대통령 님께서 청와대 구공간을 철거하면서 민족정기를 회복하는데 내가 회복한 민족정기의 대상 건물이 어떤지를 알려 줘야 된다’고 그래서 600분의 1짜 리의 모형 건물을 제작했고 그게 과거에 지금의 사랑채에서 전시가 됐습니다. 그 부분을 말씀드 리려고 그것을 넣은 겁니다.","◯문화체육관광부장관박보균집착하는게아니라요김영삼대통령께서청와대구공간을철거하면서어떤건물을철거했는지조선총독부건물이어떤건지그것을국민께알려주기위해서모형을제작하라고했다는점을알려드리려고그렇게넣은겁니다.이게무슨조선총독부......당시의박관용실장님의,첫비서실장을하셨던박관용실장님이하신말씀은‘김영삼대통령님께서청와대구공간을철거하면서민족정기를회복하는데내가회복한민족정기의대상건물이어떤지를알려줘야된다’고그래서600분의1짜리의모형건물을제작했고그게과거에지금의사랑채에서전시가됐습니다.그부분을말씀드리려고그것을넣은겁니다.",357,4,0.9,0.8975,PASS,unreviewed,2c38654a3e246e5454ee143f77341c0973f6a65498eb8a5115b8534bcddba228,NO_WEAK_HIT,,
ANS_052280_T00793_T00793,QA_052280_000338,052280,2022-10-11,MSP_052280_3B602BFE,최영창,이사장,한국문화재재단,agency_head,052280_T00793,052280_T00793,1,48,48,052280_0048_0076,052280_0048_0076,052280_SEG_TURN_00793,"◯한국문화재재단이사장 최영창  예, 그렇습니다. 
","◯한국문화재재단이사장 최영창 예, 그렇습니다.","◯한국문화재재단이사장 최영창 예, 그렇습니다.","◯한국문화재재단이사장최영창예,그렇습니다.",25,1,0.9,0.8975,PASS,unreviewed,38a2a1db2d0775e4b568ba2c6a0ffcbec07eee8a8cb5335bbed8d2af9c521a90,NO_WEAK_HIT,,
ANS_052280_T00967_T00967,QA_052280_000403,052280,2022-10-11,MSP_052280_E61C88B9,최응천,청장,문화재,agency_head,052280_T00967,052280_T00967,1,59,59,052280_0059_0020,052280_0059_0020,052280_SEG_TURN_00967,"◯문화재청장 최응천  예, 여러 번 다녔습니다.
","◯문화재청장 최응천 예, 여러 번 다녔습니다.","◯문화재청장 최응천 예, 여러 번 다녔습니다.","◯문화재청장최응천예,여러번다녔습니다.",25,1,0.9,0.8975,PASS,unreviewed,6da6c77b9db312fdff9127fef9b18c10f5add5c3763dbc6262feae6c2a7a3409,NO_WEAK_HIT,,
ANS_052315_T00435_T00435,QA_052315_000162,052315,2022-10-24,MSP_052315_A34C4732,관박보균,부장,문화체육관광,agency_official,052315_T00435,052315_T00435,1,31,31,052315_0031_0026,052315_0031_0030,052315_SEG_TURN_00435,"◯문화체육관광부장관 박보균  제가 좀 살펴봐야

겠는데 출장은 제가 ‘현장에 가서 정책을 살펴라, 

현장의 목소리를 듣고 정책에 반영하라’ 그런 저

의 문체부 운영에 대한 생각들을 직원들이 행동

으로 옮긴 것으로 저는 파악하고 있습니다. 
","◯문화체육관광부장관 박보균 제가 좀 살펴봐야 겠는데 출장은 제가 ‘현장에 가서 정책을 살펴라, 현장의 목소리를 듣고 정책에 반영하라’ 그런 저 의 문체부 운영에 대한 생각들을 직원들이 행동 으로 옮긴 것으로 저는 파악하고 있습니다.","◯문화체육관광부장관 박보균 제가 좀 살펴봐야 겠는데 출장은 제가 ‘현장에 가서 정책을 살펴라, 현장의 목소리를 듣고 정책에 반영하라’ 그런 저 의 문체부 운영에 대한 생각들을 직원들이 행동 으로 옮긴 것으로 저는 파악하고 있습니다.","◯문화체육관광부장관박보균제가좀살펴봐야겠는데출장은제가‘현장에가서정책을살펴라,현장의목소리를듣고정책에반영하라’그런저의문체부운영에대한생각들을직원들이행동으로옮긴것으로저는파악하고있습니다.",129,1,0.9,0.8975,PASS,unreviewed,acad105590ac3822b7d7222eed77c7aa15a5d806ae17f3f42ad06e3161b363e6,NO_WEAK_HIT,,
ANS_052315_T00704_T00704,QA_052315_000254,052315,2022-10-24,MSP_052315_A34C4732,관박보균,부장,문화체육관광,agency_official,052315_T00704,052315_T00704,1,51,51,052315_0051_0051,052315_0051_0051,052315_SEG_TURN_00704,"◯문화체육관광부장관 박보균  알겠습니다.
",◯문화체육관광부장관 박보균 알겠습니다.,◯문화체육관광부장관 박보균 알겠습니다.,◯문화체육관광부장관박보균알겠습니다.,21,1,0.9,0.8975,PASS,unreviewed,f9d735595a6d922ccda628eff51d866b63b46334b67fb50063a5233d529792dd,NO_WEAK_HIT,,
ANS_052315_T00723_T00723,QA_052315_000263,052315,2022-10-24,MSP_052315_E61C88B9,최응천,청장,문화재,agency_head,052315_T00723,052315_T00723,1,52,52,052315_0052_0081,052315_0052_0081,052315_SEG_TURN_00723,"◯문화재청장 최응천  예.
",◯문화재청장 최응천 예.,◯문화재청장 최응천 예.,◯문화재청장최응천예.,13,1,0.9,0.8975,PASS,unreviewed,2252b4268b2e2590bf272c584a33873f3a86ef74344011e11f50627ed05725ed,NO_WEAK_HIT,,
ANS_052315_T00827_T00827,QA_052315_000304,052315,2022-10-24,MSP_052315_A34C4732,관박보균,부장,문화체육관광,agency_official,052315_T00827,052315_T00827,1,57,57,052315_0057_0088,052315_0057_0088,052315_SEG_TURN_00827,"◯문화체육관광부장관 박보균  예, 그렇습니다. 
","◯문화체육관광부장관 박보균 예, 그렇습니다.","◯문화체육관광부장관 박보균 예, 그렇습니다.","◯문화체육관광부장관박보균예,그렇습니다.",24,1,0.9,0.8975,PASS,unreviewed,327f3677d5cc8c736587d4d92a77c1d894aed955ad1a144538425483ee85f293,NO_WEAK_HIT,,
ANS_052423_T00233_T00233,QA_052423_000060,052423,2022-10-13,MSP_052423_17D90DD7,김재현,국장,문화체육관광부콘텐츠정책,agency_official,052423_T00233,052423_T00233,1,20,20,052423_0020_0027,052423_0020_0028,052423_SEG_TURN_00233,"◯문화체육관광부콘텐츠정책국장 김재현  죄송합

니다.
",◯문화체육관광부콘텐츠정책국장 김재현 죄송합 니다.,◯문화체육관광부콘텐츠정책국장 김재현 죄송합 니다.,◯문화체육관광부콘텐츠정책국장김재현죄송합니다.,27,1,0.9,0.8975,PASS,unreviewed,b8bd58854b893bc3711c18f1ced4064d1e9ad45d3fda116ee662d0dacac969bd,NO_WEAK_HIT,,
ANS_052423_T01497_T01497,QA_052423_000517,052423,2022-10-13,MSP_052423_CE985543,김규철,위원장,게임물관리,agency_head,052423_T01497,052423_T01497,1,89,89,052423_0089_0042,052423_0089_0043,052423_SEG_TURN_01497,"◯게임물관리위원장 김규철  대법원 판결로 10원

짜리 고스톱은 오락으로 알고 있습니다.
",◯게임물관리위원장 김규철 대법원 판결로 10원 짜리 고스톱은 오락으로 알고 있습니다.,◯게임물관리위원장 김규철 대법원 판결로 10원 짜리 고스톱은 오락으로 알고 있습니다.,◯게임물관리위원장김규철대법원판결로10원짜리고스톱은오락으로알고있습니다.,47,1,0.9,0.8975,PASS,unreviewed,f43de90653818e0a4f66d9c6a7213ef6a55746bcb12ea09e82da8cc68e7d65c2,NO_WEAK_HIT,,
ANS_052493_T01363_T01363,QA_052493_000583,052493,2022-10-14,MSP_052493_7436CEF3,박춘섭,사무총장,대한체육회,agency_official,052493_T01363,052493_T01363,1,69,69,052493_0069_0017,052493_0069_0018,052493_SEG_TURN_01363,"◯대한체육회사무총장 박춘섭  지금 재검토하고 

있습니다. 
",◯대한체육회사무총장 박춘섭 지금 재검토하고 있습니다.,◯대한체육회사무총장 박춘섭 지금 재검토하고 있습니다.,◯대한체육회사무총장박춘섭지금재검토하고있습니다.,29,1,0.9,0.8975,PASS,unreviewed,b62799d0535abbf92c00de21e4c1fd2134a1de435029211b0ce5f669743f02e8,NO_WEAK_HIT,,
ANS_052556_T00694_T00694,QA_052556_000301,052556,2022-10-19,MSP_052556_F6FB46DB,김장호,원장,해외문화홍보,agency_head,052556_T00694,052556_T00694,1,46,46,052556_0046_0039,052556_0046_0040,052556_SEG_TURN_00694,"◯해외문화홍보원장 김장호  예, 더욱더 열심히 

하겠습니다.
","◯해외문화홍보원장 김장호 예, 더욱더 열심히 하겠습니다.","◯해외문화홍보원장 김장호 예, 더욱더 열심히 하겠습니다.","◯해외문화홍보원장김장호예,더욱더열심히하겠습니다.",31,1,0.9,0.8975,PASS,unreviewed,f4df43d524130b4ff17e863fb696f69e5bdcb4776bdfc38981f7fe07d0fdbe43,NO_WEAK_HIT,,
ANS_052556_T00782_T00782,QA_052556_000340,052556,2022-10-19,MSP_052556_18425116,김장실,사장,한국관광공사,agency_head,052556_T00782,052556_T00782,1,51,51,052556_0051_0061,052556_0051_0062,052556_SEG_TURN_00782,"◯한국관광공사사장 김장실  예, 여기 나와 있습

니다. 
","◯한국관광공사사장 김장실 예, 여기 나와 있습 니다.","◯한국관광공사사장 김장실 예, 여기 나와 있습 니다.","◯한국관광공사사장김장실예,여기나와있습니다.",29,1,0.9,0.8975,PASS,unreviewed,041596e774260055e94e1aefd3ab896785086ebfcdf3a5bbdd5e5033bf15f79d,NO_WEAK_HIT,,
ANS_053329_T00525_T00525,QA_053329_000197,053329,2023-10-10,MSP_053329_74B43EB7,정범진,참고인,,reference_witness,053329_T00525,053329_T00525,1,38,38,053329_0038_0058,053329_0038_0058,053329_SEG_TURN_00525,"◯참고인 정범진  예.
",◯참고인 정범진 예.,◯참고인 정범진 예.,◯참고인정범진예.,11,1,0.9,0.8975,PASS,unreviewed,0150dea16545f78a9b2153b6c17807cf61330c3c5360432b00c843024226adce,NO_WEAK_HIT,,
ANS_053357_T00492_T00492,QA_053357_000221,053357,2023-10-19,MSP_053357_F6FB46DB,김장호,원장,해외문화홍보,agency_head,053357_T00492,053357_T00492,1,29,29,053357_0029_0079,053357_0029_0080,053357_SEG_TURN_00492,"◯해외문화홍보원장 김장호  제가 정확한 날짜는 

기억은 나지 않습니다마는…… 
",◯해외문화홍보원장 김장호 제가 정확한 날짜는 기억은 나지 않습니다마는......,◯해외문화홍보원장 김장호 제가 정확한 날짜는 기억은 나지 않습니다마는......,◯해외문화홍보원장김장호제가정확한날짜는기억은나지않습니다마는......,44,1,0.9,0.8975,PASS,unreviewed,1c7e35167bc2d0b0ac8bdf359dd434a38a12f4ac824ac05b48038e5898e6cc5a,NO_WEAK_HIT,,
ANS_053357_T01003_T01003,QA_053357_000447,053357,2023-10-19,MSP_053357_18425116,김장실,사장,한국관광공사,agency_head,053357_T01003,053357_T01003,1,54,54,053357_0054_0029,053357_0054_0030,053357_SEG_TURN_01003,"◯한국관광공사사장 김장실  예, 그렇게 하겠습

니다. 
","◯한국관광공사사장 김장실 예, 그렇게 하겠습 니다.","◯한국관광공사사장 김장실 예, 그렇게 하겠습 니다.","◯한국관광공사사장김장실예,그렇게하겠습니다.",28,1,0.9,0.8975,PASS,unreviewed,f21a6e6c38cdfdb0102991928de19bcf05bc212af29ea54cb9b9ec19fd446340,NO_WEAK_HIT,,
ANS_053501_T00374_T00374,QA_053501_000103,053501,2023-10-17,MSP_053501_E194E95D,조현래,원장,한국콘텐츠진흥,agency_head,053501_T00374,053501_T00374,1,25,25,053501_0025_0041,053501_0025_0041,053501_SEG_TURN_00374,"◯한국콘텐츠진흥원장 조현래  예, 알겠습니다.
","◯한국콘텐츠진흥원장 조현래 예, 알겠습니다.","◯한국콘텐츠진흥원장 조현래 예, 알겠습니다.","◯한국콘텐츠진흥원장조현래예,알겠습니다.",24,1,0.9,0.8975,PASS,unreviewed,00347acb8adc27e017c45015d65767b64abe8f13c03bda2291c09575994c6029,NO_WEAK_HIT,,
ANS_053501_T01156_T01156,QA_053501_000390,053501,2023-10-17,MSP_053501_EB11B45F,유윤옥,본부장,한국콘텐츠진흥원콘텐츠기반,agency_official,053501_T01156,053501_T01156,1,60,60,053501_0060_0068,053501_0060_0069,053501_SEG_TURN_01156,"◯한국콘텐츠진흥원콘텐츠기반본부장 유윤옥  예, 

맞습니다.
","◯한국콘텐츠진흥원콘텐츠기반본부장 유윤옥 예, 맞습니다.","◯한국콘텐츠진흥원콘텐츠기반본부장 유윤옥 예, 맞습니다.","◯한국콘텐츠진흥원콘텐츠기반본부장유윤옥예,맞습니다.",30,1,0.9,0.8975,PASS,unreviewed,d4c9048609b4bf815bda4009d4887cd1850940251d6150048781641d16658676,NO_WEAK_HIT,,
ANS_053501_T01458_T01458,QA_053501_000491,053501,2023-10-17,MSP_053501_EB11B45F,유윤옥,본부장,한국콘텐츠진흥원콘텐츠기반,agency_official,053501_T01458,053501_T01458,1,78,78,053501_0078_0025,053501_0078_0031,053501_SEG_TURN_01458,"◯한국콘텐츠진흥원콘텐츠기반본부장 유윤옥  작

년에 제가 중간에 그 팀에 부임을 해서 피아이랩

스가 국내 위탁 대행을 하고 있는 사실은 알고 

있습니다. 그렇지만 팀 내에 스타트업과 관련한 

위탁 대행사가 많기 때문에 국내 위탁 대행사 중 

리포트를 갖고 있는 회사가 있는지 문의해 봐라

였고 그게 피아이랩스였다는 겁니다.
",◯한국콘텐츠진흥원콘텐츠기반본부장 유윤옥 작 년에 제가 중간에 그 팀에 부임을 해서 피아이랩 스가 국내 위탁 대행을 하고 있는 사실은 알고 있습니다. 그렇지만 팀 내에 스타트업과 관련한 위탁 대행사가 많기 때문에 국내 위탁 대행사 중 리포트를 갖고 있는 회사가 있는지 문의해 봐라 였고 그게 피아이랩스였다는 겁니다.,◯한국콘텐츠진흥원콘텐츠기반본부장 유윤옥 작 년에 제가 중간에 그 팀에 부임을 해서 피아이랩 스가 국내 위탁 대행을 하고 있는 사실은 알고 있습니다. 그렇지만 팀 내에 스타트업과 관련한 위탁 대행사가 많기 때문에 국내 위탁 대행사 중 리포트를 갖고 있는 회사가 있는지 문의해 봐라 였고 그게 피아이랩스였다는 겁니다.,◯한국콘텐츠진흥원콘텐츠기반본부장유윤옥작년에제가중간에그팀에부임을해서피아이랩스가국내위탁대행을하고있는사실은알고있습니다.그렇지만팀내에스타트업과관련한위탁대행사가많기때문에국내위탁대행사중리포트를갖고있는회사가있는지문의해봐라였고그게피아이랩스였다는겁니다.,175,2,0.9,0.8975,PASS,unreviewed,d3cf8c6eff11d411e255cc00b9988670dfee4c2a9fb6c301fc6e18a1da32c822,NO_WEAK_HIT,,
ANS_053598_T00332_T00332,QA_053598_000149,053598,2023-10-24,MSP_053598_135FD702,이기흥,회장,대한체육,agency_head,053598_T00332,053598_T00332,1,19,19,053598_0019_0011,053598_0019_0012,053598_SEG_TURN_00332,"◯대한체육회장 이기흥  범죄 행위가 당연히 될 

겁니다.
",◯대한체육회장 이기흥 범죄 행위가 당연히 될 겁니다.,◯대한체육회장 이기흥 범죄 행위가 당연히 될 겁니다.,◯대한체육회장이기흥범죄행위가당연히될겁니다.,29,1,0.9,0.8975,PASS,unreviewed,bfc6b3aa311e798acb4549d4179054b42aac9fa246b7fb635b457e0749f99d74,NO_WEAK_HIT,,
ANS_053680_T00023_T00023,QA_053680_000008,053680,2023-10-12,MSP_053680_E61C88B9,최응천,청장,문화재,agency_head,053680_T00023,053680_T00023,1,7,7,053680_0007_0046,053680_0007_0046,053680_SEG_TURN_00023,"◯문화재청장 최응천  예, 그렇습니다.
","◯문화재청장 최응천 예, 그렇습니다.","◯문화재청장 최응천 예, 그렇습니다.","◯문화재청장최응천예,그렇습니다.",20,1,0.9,0.8975,PASS,unreviewed,d099889d91c1079f5a0a15f84b743c9190cb2386819f80e4eb5a4b8e133616a2,NO_WEAK_HIT,,
ANS_053680_T00059_T00059,QA_053680_000025,053680,2023-10-12,MSP_053680_E61C88B9,최응천,청장,문화재,agency_head,053680_T00059,053680_T00059,1,10,10,053680_0010_0011,053680_0010_0011,053680_SEG_TURN_00059,"◯문화재청장 최응천  예.
",◯문화재청장 최응천 예.,◯문화재청장 최응천 예.,◯문화재청장최응천예.,13,1,0.9,0.8975,PASS,unreviewed,2252b4268b2e2590bf272c584a33873f3a86ef74344011e11f50627ed05725ed,NO_WEAK_HIT,,
ANS_053680_T00358_T00358,QA_053680_000159,053680,2023-10-12,MSP_053680_E61C88B9,최응천,청장,문화재,agency_head,053680_T00358,053680_T00358,1,27,27,053680_0027_0049,053680_0027_0049,053680_SEG_TURN_00358,"◯문화재청장 최응천  예. 
",◯문화재청장 최응천 예.,◯문화재청장 최응천 예.,◯문화재청장최응천예.,13,1,0.9,0.8975,PASS,unreviewed,2252b4268b2e2590bf272c584a33873f3a86ef74344011e11f50627ed05725ed,NO_WEAK_HIT,,
ANS_054235_T00335_T00335,QA_054235_000138,054235,2024-10-07,MSP_054235_B01AB979,관유인촌,부장,문화체육관광,agency_official,054235_T00335,054235_T00335,1,38,38,054235_0038_0024,054235_0038_0024,054235_SEG_TURN_00335,"◯문화체육관광부장관유인촌
예, 그렇습니다.
","◯문화체육관광부장관유인촌 예, 그렇습니다.","◯문화체육관광부장관유인촌 예, 그렇습니다.","◯문화체육관광부장관유인촌예,그렇습니다.",23,1,0.9,0.8975,PASS,unreviewed,00935780dea54f0a0d43f2b7b35f02ce8169926da78d0734d77faa324bd6a07d,NO_WEAK_HIT,,
ANS_054235_T00430_T00430,QA_054235_000179,054235,2024-10-07,MSP_054235_B01AB979,관유인촌,부장,문화체육관광,agency_official,054235_T00430,054235_T00430,1,48,48,054235_0048_0033,054235_0048_0034,054235_SEG_TURN_00430,"◯문화체육관광부장관유인촌
제작사에서도마찬가지로그런의사표현을하는것같습

니다.
",◯문화체육관광부장관유인촌 제작사에서도마찬가지로그런의사표현을하는것같습 니다.,◯문화체육관광부장관유인촌 제작사에서도마찬가지로그런의사표현을하는것같습 니다.,◯문화체육관광부장관유인촌제작사에서도마찬가지로그런의사표현을하는것같습니다.,41,1,0.9,0.8975,PASS,unreviewed,a35a93a27a5ef7a13663581530bcb25d18ecad1d9187c8d86d8c16bf36e4f055,NO_WEAK_HIT,,
ANS_054235_T01681_T01681,QA_054235_000727,054235,2024-10-07,MSP_054235_233D35D5,관최현준,감사,문화체육관광부,agency_official,054235_T01681,054235_T01681,1,147,147,054235_0147_0017,054235_0147_0017,054235_SEG_TURN_01681,"◯문화체육관광부감사관최현준
아니, 그러니까저희가……
","◯문화체육관광부감사관최현준 아니, 그러니까저희가......","◯문화체육관광부감사관최현준 아니, 그러니까저희가......","◯문화체육관광부감사관최현준아니,그러니까저희가......",32,1,0.9,0.8975,PASS,unreviewed,154d771cc61caabc944a3c3d19fcef1d0016da4007b88f55bf95016041be942f,NO_WEAK_HIT,,
ANS_054235_T01717_T01717,QA_054235_000742,054235,2024-10-07,MSP_054235_B01AB979,관유인촌,부장,문화체육관광,agency_official,054235_T01717,054235_T01717,1,150,150,054235_0150_0011,054235_0150_0011,054235_SEG_TURN_01717,"◯문화체육관광부장관유인촌
예, 알겠습니다.
","◯문화체육관광부장관유인촌 예, 알겠습니다.","◯문화체육관광부장관유인촌 예, 알겠습니다.","◯문화체육관광부장관유인촌예,알겠습니다.",23,1,0.9,0.8975,PASS,unreviewed,944c1c050051202217f96eb6a7b5fb66b8c71fd3fd33ae758e58f8c7b60c1754,NO_WEAK_HIT,,
ANS_054269_T00434_T00434,QA_054269_000192,054269,2024-10-10,MSP_054269_881471F9,최응천,청장,국가유산,agency_head,054269_T00434,054269_T00434,1,40,40,054269_0040_0007,054269_0040_0007,054269_SEG_TURN_00434,"◯국가유산청장최응천
예.
",◯국가유산청장최응천 예.,◯국가유산청장최응천 예.,◯국가유산청장최응천예.,13,1,0.9,0.8975,PASS,unreviewed,1b929046862746323673ca6126227350e6dcd84d781e845ac1953b617d4ca9db,NO_WEAK_HIT,,
ANS_054269_T00760_T00760,QA_054269_000337,054269,2024-10-10,MSP_054269_7DC24B43,황평우,참고인,,reference_witness,054269_T00760,054269_T00760,1,65,65,054269_0065_0006,054269_0065_0009,054269_SEG_TURN_00760,"◯참고인황평우
그런데저도가능하면안하려고그럽니다. 왜냐하면저도접촉할수

있었지만배익기씨한테가능하면자극을하지않고가능하면좀더…… 제경험이맞는

지모르겠습니다만자극하지않고조금더그사람입장에서이해해주는척이라도하기

위해서가능하면제가일부러얼굴은안보였습니다.
",◯참고인황평우 그런데저도가능하면안하려고그럽니다. 왜냐하면저도접촉할수 있었지만배익기씨한테가능하면자극을하지않고가능하면좀더...... 제경험이맞는 지모르겠습니다만자극하지않고조금더그사람입장에서이해해주는척이라도하기 위해서가능하면제가일부러얼굴은안보였습니다.,◯참고인황평우 그런데저도가능하면안하려고그럽니다. 왜냐하면저도접촉할수 있었지만배익기씨한테가능하면자극을하지않고가능하면좀더...... 제경험이맞는 지모르겠습니다만자극하지않고조금더그사람입장에서이해해주는척이라도하기 위해서가능하면제가일부러얼굴은안보였습니다.,◯참고인황평우그런데저도가능하면안하려고그럽니다.왜냐하면저도접촉할수있었지만배익기씨한테가능하면자극을하지않고가능하면좀더......제경험이맞는지모르겠습니다만자극하지않고조금더그사람입장에서이해해주는척이라도하기위해서가능하면제가일부러얼굴은안보였습니다.,137,3,0.9,0.8975,PASS,unreviewed,6bef17aa51be1f23dc47d199385b152ab8028cae081a0069b1156427a05fdd0a,NO_WEAK_HIT,,
ANS_054269_T01589_T01589,QA_054269_000680,054269,2024-10-10,MSP_054269_881471F9,최응천,청장,국가유산,agency_head,054269_T01589,054269_T01589,1,126,126,054269_0126_0034,054269_0126_0034,054269_SEG_TURN_01589,"◯국가유산청장최응천
저희가하는거니까저희들이하는것으로알고있습니다.
",◯국가유산청장최응천 저희가하는거니까저희들이하는것으로알고있습니다.,◯국가유산청장최응천 저희가하는거니까저희들이하는것으로알고있습니다.,◯국가유산청장최응천저희가하는거니까저희들이하는것으로알고있습니다.,35,1,0.9,0.8975,PASS,unreviewed,179e516f81a05b3546b5cb648d55ee60fa382fc09497e33f81960844ddef94b7,NO_WEAK_HIT,,
ANS_054345_T00073_T00073,QA_054345_000015,054345,2024-10-15,MSP_054345_E952749B,김영산,사장,그랜드코리아레저(주),agency_head,054345_T00073,054345_T00073,1,16,16,054345_0016_0033,054345_0016_0033,054345_SEG_TURN_00073,"◯그랜드코리아레저㈜사장김영산
예.
",◯그랜드코리아레저(주)사장김영산 예.,◯그랜드코리아레저(주)사장김영산 예.,◯그랜드코리아레저(주)사장김영산예.,20,1,0.9,0.8975,PASS,unreviewed,44e305a20349be5d96e4ffc4c148c4be2b148359686412f2bf8c501ec2a774ed,NO_WEAK_HIT,,
ANS_054345_T00139_T00139,QA_054345_000045,054345,2024-10-15,MSP_054345_E013EDD9,김태정,사장,국제방송교류재단,agency_head,054345_T00139,054345_T00139,1,23,23,054345_0023_0037,054345_0023_0037,054345_SEG_TURN_00139,"◯국제방송교류재단사장김태정
딸이제와이프입니다, 부인.
","◯국제방송교류재단사장김태정 딸이제와이프입니다, 부인.","◯국제방송교류재단사장김태정 딸이제와이프입니다, 부인.","◯국제방송교류재단사장김태정딸이제와이프입니다,부인.",29,1,0.9,0.8975,PASS,unreviewed,c16155a28a16504ad06fe7c546d8d1fe655357635b6218a56b0d39deb3cb8aeb,NO_WEAK_HIT,,
ANS_054345_T00494_T00494,QA_054345_000202,054345,2024-10-15,MSP_054345_45DBCC29,직무대,사장,한국관광공사,agency_head,054345_T00494,054345_T00494,1,49,49,054345_0049_0007,054345_0049_0007,054345_SEG_TURN_00494,"◯한국관광공사사장직무대리서영충
말씀하신모든것을종합했을때확실히……
",◯한국관광공사사장직무대리서영충 말씀하신모든것을종합했을때확실히......,◯한국관광공사사장직무대리서영충 말씀하신모든것을종합했을때확실히......,◯한국관광공사사장직무대리서영충말씀하신모든것을종합했을때확실히......,39,1,0.9,0.8975,PASS,unreviewed,da97989c4718572c2f603af958bfc3c23a46b2ca86b08906ba4b96eaf291ba7b,NO_WEAK_HIT,,
ANS_054345_T00723_T00723,QA_054345_000308,054345,2024-10-15,MSP_054345_97913DD7,김효재,이사장,한국언론진흥재단,agency_head,054345_T00723,054345_T00723,1,61,61,054345_0061_0017,054345_0061_0019,054345_SEG_TURN_00723,"◯한국언론진흥재단이사장김효재
그것은우리나라여론조사가하는것이고그신뢰에

관해서는신뢰도척도가있기때문에그것과관련해서는상식에준해서신뢰하는것이지

요.
",◯한국언론진흥재단이사장김효재 그것은우리나라여론조사가하는것이고그신뢰에 관해서는신뢰도척도가있기때문에그것과관련해서는상식에준해서신뢰하는것이지 요.,◯한국언론진흥재단이사장김효재 그것은우리나라여론조사가하는것이고그신뢰에 관해서는신뢰도척도가있기때문에그것과관련해서는상식에준해서신뢰하는것이지 요.,◯한국언론진흥재단이사장김효재그것은우리나라여론조사가하는것이고그신뢰에관해서는신뢰도척도가있기때문에그것과관련해서는상식에준해서신뢰하는것이지요.,77,1,0.9,0.8975,PASS,unreviewed,a48f6b9e1b78b569497fea2ba860af33f091256bb7a1951d903f6e442c8208fd,NO_WEAK_HIT,,
ANS_054345_T01069_T01069,QA_054345_000436,054345,2024-10-15,MSP_054345_B26D0349,하종대,증인,,witness,054345_T01069,054345_T01069,1,82,82,054345_0082_0003,054345_0082_0005,054345_SEG_TURN_01069,"◯증인하종대
이것은김건희여사께서요저희들의요청에의해서…… 그전부터오시

기를바랐지만결국은안오신거고중간에잠시격려하고가신겁니다. 국악진흥발전

을위해서여사께서격려하신것이뭐가잘못입니까?
",◯증인하종대 이것은김건희여사께서요저희들의요청에의해서...... 그전부터오시 기를바랐지만결국은안오신거고중간에잠시격려하고가신겁니다. 국악진흥발전 을위해서여사께서격려하신것이뭐가잘못입니까?,◯증인하종대 이것은김건희여사께서요저희들의요청에의해서...... 그전부터오시 기를바랐지만결국은안오신거고중간에잠시격려하고가신겁니다. 국악진흥발전 을위해서여사께서격려하신것이뭐가잘못입니까?,◯증인하종대이것은김건희여사께서요저희들의요청에의해서......그전부터오시기를바랐지만결국은안오신거고중간에잠시격려하고가신겁니다.국악진흥발전을위해서여사께서격려하신것이뭐가잘못입니까?,101,3,0.9,0.8975,PASS,unreviewed,8171126ac45af4126f22b17a3bee545a1e32810c6dc89cc36932f3fa877581ac,NO_WEAK_HIT,,
ANS_054435_T00825_T00825,QA_054435_000276,054435,2024-10-17,MSP_054435_BA1734B7,직무대,원장,한국콘텐츠진흥,agency_head,054435_T00825,054435_T00825,1,62,62,054435_0062_0034,054435_0062_0034,054435_SEG_TURN_00825,"◯한국콘텐츠진흥원장직무대리유현석
예, 맞습니다.
","◯한국콘텐츠진흥원장직무대리유현석 예, 맞습니다.","◯한국콘텐츠진흥원장직무대리유현석 예, 맞습니다.","◯한국콘텐츠진흥원장직무대리유현석예,맞습니다.",26,1,0.9,0.8975,PASS,unreviewed,060a0611f731396f37d2b81ef7ef8f40c06e2191a9f5e84ce51cee7815264917,NO_WEAK_HIT,,
ANS_054435_T01266_T01266,QA_054435_000426,054435,2024-10-17,MSP_054435_A0B8E671,강석원,위원장,한국저작권,agency_head,054435_T01266,054435_T01266,1,95,95,054435_0095_0015,054435_0095_0015,054435_SEG_TURN_01266,"◯한국저작권위원장강석원
아마돌아가지않았을것같습니다.
",◯한국저작권위원장강석원 아마돌아가지않았을것같습니다.,◯한국저작권위원장강석원 아마돌아가지않았을것같습니다.,◯한국저작권위원장강석원아마돌아가지않았을것같습니다.,28,1,0.9,0.8975,PASS,unreviewed,18add94c593f7e62d83b89e3503526b569284d1030ede0636a11ad44bea381fc,NO_WEAK_HIT,,
ANS_054435_T01573_T01573,QA_054435_000561,054435,2024-10-17,MSP_054435_ED332B15,윤양수,국장,문화체육관광부콘텐츠정책,agency_official,054435_T01573,054435_T01573,1,118,118,054435_0118_0034,054435_0118_0034,054435_SEG_TURN_01573,"◯문화체육관광부콘텐츠정책국장윤양수
예, 알겠습니다.
","◯문화체육관광부콘텐츠정책국장윤양수 예, 알겠습니다.","◯문화체육관광부콘텐츠정책국장윤양수 예, 알겠습니다.","◯문화체육관광부콘텐츠정책국장윤양수예,알겠습니다.",28,1,0.9,0.8975,PASS,unreviewed,832d96f08e3b36ab0f11ff125aa5974f9eef8bb8bd70cea6036a70dd9df7779f,NO_WEAK_HIT,,
ANS_054435_T01582_T01582,QA_054435_000565,054435,2024-10-17,MSP_054435_DB9DC536,김병재,위원장,영상물등급,agency_head,054435_T01582,054435_T01582,1,119,119,054435_0119_0013,054435_0119_0013,054435_SEG_TURN_01582,"◯영상물등급위원장김병재
예, 그렇습니다.
","◯영상물등급위원장김병재 예, 그렇습니다.","◯영상물등급위원장김병재 예, 그렇습니다.","◯영상물등급위원장김병재예,그렇습니다.",22,1,0.9,0.8975,PASS,unreviewed,2c4c94f4d79f7871a0318aa3159bc69d4846c7d751cbc3fc7d03064e2bf14cb0,NO_WEAK_HIT,,
ANS_054519_T00634_T00634,QA_054519_000289,054519,2024-10-18,MSP_054519_07122C06,김일환,관장,국립한글박물,agency_head,054519_T00634,054519_T00634,1,48,48,054519_0048_0031,054519_0048_0034,054519_SEG_TURN_00634,"◯국립한글박물관장김일환
샤넬측에서먼저당시청와대대통령실의어떤관계자분

께한글재킷을기증하고싶다는의사를표현해왔고그통보를받은문체부직원이아무

튼그건한글문양재킷이기때문에, 의상이기때문에한글박물관이낫지않겠나하는, 그

렇게생각했던것같습니다.
","◯국립한글박물관장김일환 샤넬측에서먼저당시청와대대통령실의어떤관계자분 께한글재킷을기증하고싶다는의사를표현해왔고그통보를받은문체부직원이아무 튼그건한글문양재킷이기때문에, 의상이기때문에한글박물관이낫지않겠나하는, 그 렇게생각했던것같습니다.","◯국립한글박물관장김일환 샤넬측에서먼저당시청와대대통령실의어떤관계자분 께한글재킷을기증하고싶다는의사를표현해왔고그통보를받은문체부직원이아무 튼그건한글문양재킷이기때문에, 의상이기때문에한글박물관이낫지않겠나하는, 그 렇게생각했던것같습니다.","◯국립한글박물관장김일환샤넬측에서먼저당시청와대대통령실의어떤관계자분께한글재킷을기증하고싶다는의사를표현해왔고그통보를받은문체부직원이아무튼그건한글문양재킷이기때문에,의상이기때문에한글박물관이낫지않겠나하는,그렇게생각했던것같습니다.",125,1,0.9,0.8975,PASS,unreviewed,380b060bc85a0bde6c8460c70e901c7afc60bb7a2c93cd11e3efaa9d74f4c880,NO_WEAK_HIT,,
ANS_054519_T01525_T01525,QA_054519_000706,054519,2024-10-18,MSP_054519_E1D8CAB3,겸예술,단장,서울예술,agency_official,054519_T01525,054519_T01525,1,108,108,054519_0108_0038,054519_0108_0038,054519_SEG_TURN_01525,"◯서울예술단장겸예술감독직무대리류상록
예, 알겠습니다.
","◯서울예술단장겸예술감독직무대리류상록 예, 알겠습니다.","◯서울예술단장겸예술감독직무대리류상록 예, 알겠습니다.","◯서울예술단장겸예술감독직무대리류상록예,알겠습니다.",29,1,0.9,0.8975,PASS,unreviewed,bbfa32e11ce41f87bbe73cace54261feed300a2c4ef3c96a199d0e30d21a539d,NO_WEAK_HIT,,
ANS_054576_T00760_T00760,QA_054576_000326,054576,2024-10-22,MSP_054576_FBA518B9,이정우,국장,문화체육관광부체육,agency_official,054576_T00760,054576_T00760,1,57,57,054576_0057_0015,054576_0057_0017,054576_SEG_TURN_00760,"◯문화체육관광부체육국장이정우
위원님, 그건아까신동욱위원님께서말씀하셔가지

고제가자료를확인중인데저희가먼저대통령참석하신다고행사를크게하라고하지

는않았을것같습니다.
","◯문화체육관광부체육국장이정우 위원님, 그건아까신동욱위원님께서말씀하셔가지 고제가자료를확인중인데저희가먼저대통령참석하신다고행사를크게하라고하지 는않았을것같습니다.","◯문화체육관광부체육국장이정우 위원님, 그건아까신동욱위원님께서말씀하셔가지 고제가자료를확인중인데저희가먼저대통령참석하신다고행사를크게하라고하지 는않았을것같습니다.","◯문화체육관광부체육국장이정우위원님,그건아까신동욱위원님께서말씀하셔가지고제가자료를확인중인데저희가먼저대통령참석하신다고행사를크게하라고하지는않았을것같습니다.",86,1,0.9,0.8975,PASS,unreviewed,2faabfee003ae179f208dfa05ac22bc9af5b62c5d1cae1271b092d3d818a23c9,NO_WEAK_HIT,,
ANS_054576_T01209_T01209,QA_054576_000523,054576,2024-10-22,MSP_054576_C5018A12,김병철,증인,,witness,054576_T01209,054576_T01209,1,81,81,054576_0081_0024,054576_0081_0024,054576_SEG_TURN_01209,"◯증인김병철
많이좋아졌습니다.
",◯증인김병철 많이좋아졌습니다.,◯증인김병철 많이좋아졌습니다.,◯증인김병철많이좋아졌습니다.,16,1,0.9,0.8975,PASS,unreviewed,f9cca3c6f621f8f8b9a832a549e4592ea32505575fdbeaecf9ef66e5ff79420c,NO_WEAK_HIT,,
ANS_054576_T01669_T01669,QA_054576_000739,054576,2024-10-22,MSP_054576_135FD702,이기흥,회장,대한체육,agency_head,054576_T01669,054576_T01669,1,107,107,054576_0107_0019,054576_0107_0019,054576_SEG_TURN_01669,"◯대한체육회장이기흥
조만간내부규정을한번살펴보도록하겠습니다, 지침으로.
","◯대한체육회장이기흥 조만간내부규정을한번살펴보도록하겠습니다, 지침으로.","◯대한체육회장이기흥 조만간내부규정을한번살펴보도록하겠습니다, 지침으로.","◯대한체육회장이기흥조만간내부규정을한번살펴보도록하겠습니다,지침으로.",38,1,0.9,0.8975,PASS,unreviewed,1e9f0c2b33497b314b0701b9a08b196eb434ebf1589c865eea9e9ed7e3cb642d,NO_WEAK_HIT,,
ANS_054576_T02282_T02282,QA_054576_000994,054576,2024-10-22,MSP_054576_4CAAAA15,이민규,증인,,witness,054576_T02282,054576_T02282,1,142,142,054576_0142_0018,054576_0142_0019,054576_SEG_TURN_02282,"◯증인이민규
현재파리다녀온금액과파리올림픽격려행사, 취임식그렇게내서1억

정도냈습니다.
","◯증인이민규 현재파리다녀온금액과파리올림픽격려행사, 취임식그렇게내서1억 정도냈습니다.","◯증인이민규 현재파리다녀온금액과파리올림픽격려행사, 취임식그렇게내서1억 정도냈습니다.","◯증인이민규현재파리다녀온금액과파리올림픽격려행사,취임식그렇게내서1억정도냈습니다.",46,1,0.9,0.8975,PASS,unreviewed,170b8db86d3f85013559dc90cb2bdbfd16577d9feee4573d2d27a9842070e900,NO_WEAK_HIT,,
ANS_054576_T02896_T02896,QA_054576_001265,054576,2024-10-22,MSP_054576_135FD702,이기흥,회장,대한체육,agency_head,054576_T02896,054576_T02896,1,182,182,054576_0182_0039,054576_0182_0039,054576_SEG_TURN_02896,"◯대한체육회장이기흥
예, 있습니다.
","◯대한체육회장이기흥 예, 있습니다.","◯대한체육회장이기흥 예, 있습니다.","◯대한체육회장이기흥예,있습니다.",19,1,0.9,0.8975,PASS,unreviewed,9d36c5682bcbda486b9a905ae030647937e12746aa2c1bdcd8fc6fdd0ce0656d,NO_WEAK_HIT,,
ANS_054576_T03263_T03263,QA_054576_001441,054576,2024-10-22,MSP_054576_135FD702,이기흥,회장,대한체육,agency_head,054576_T03263,054576_T03263,1,203,203,054576_0203_0016,054576_0203_0016,054576_SEG_TURN_03263,"◯대한체육회장이기흥
예.
",◯대한체육회장이기흥 예.,◯대한체육회장이기흥 예.,◯대한체육회장이기흥예.,13,1,0.9,0.8975,PASS,unreviewed,268c6b47a16c0e2dfdd6e584ce3f70b3d778d536c9b1caf3c90c32132134c22c,NO_WEAK_HIT,,
ANS_054622_T00584_T00584,QA_054622_000250,054622,2024-10-24,MSP_054622_4652CCE4,이은우,원장,한국정책방송,agency_head,054622_T00584,054622_T00584,1,52,52,054622_0052_0012,054622_0052_0013,054622_SEG_TURN_00584,"◯한국정책방송원장이은우
그부분이배임에해당되는지여부는한번생각을해봐야

되겠지요.
",◯한국정책방송원장이은우 그부분이배임에해당되는지여부는한번생각을해봐야 되겠지요.,◯한국정책방송원장이은우 그부분이배임에해당되는지여부는한번생각을해봐야 되겠지요.,◯한국정책방송원장이은우그부분이배임에해당되는지여부는한번생각을해봐야되겠지요.,42,1,0.9,0.8975,PASS,unreviewed,bd99558272fe92843dac3180a815df90aa533a7a3b304a47202630608dabf8f5,NO_WEAK_HIT,,
ANS_054622_T00864_T00864,QA_054622_000357,054622,2024-10-24,MSP_054622_E3B138D7,정몽규,증인,,witness,054622_T00864,054622_T00864,1,73,73,054622_0073_0012,054622_0073_0012,054622_SEG_TURN_00864,"◯증인정몽규
예.
",◯증인정몽규 예.,◯증인정몽규 예.,◯증인정몽규예.,9,1,0.9,0.8975,PASS,unreviewed,7fdf342e83240242c1b5daa86155aefd062ddbde0343512a8fe23d5ec1532d9e,NO_WEAK_HIT,,
ANS_054622_T01442_T01442,QA_054622_000623,054622,2024-10-24,MSP_054622_AD894C6D,강신준,증인,,witness,054622_T01442,054622_T01442,1,108,108,054622_0108_0019,054622_0108_0019,054622_SEG_TURN_01442,"◯증인강신준
들었습니다.
",◯증인강신준 들었습니다.,◯증인강신준 들었습니다.,◯증인강신준들었습니다.,13,1,0.9,0.8975,PASS,unreviewed,4f9ae467ad12da258c3ad6ab98146c2495a32e03117d251b2030909ac79f789e,NO_WEAK_HIT,,
ANS_054622_T02274_T02274,QA_054622_000945,054622,2024-10-24,MSP_054622_7050DACF,윤성욱,사무총장,대한체육회,agency_official,054622_T02274,054622_T02274,1,163,163,054622_0163_0001,054622_0163_0001,054622_SEG_TURN_02274,"◯대한체육회사무총장윤성욱
그건제가모르겠습니다.
",◯대한체육회사무총장윤성욱 그건제가모르겠습니다.,◯대한체육회사무총장윤성욱 그건제가모르겠습니다.,◯대한체육회사무총장윤성욱그건제가모르겠습니다.,25,1,0.9,0.8975,PASS,unreviewed,ca55614dc75b9741060bc55f4cad04f30ed14b1e238b8e82183e649b08bf13a2,NO_WEAK_HIT,,
ANS_054622_T02607_T02607,QA_054622_001103,054622,2024-10-24,MSP_054622_A5A44A0D,황성운,실장,문화체육관광부기획조정,agency_official,054622_T02607,054622_T02607,1,180,180,054622_0180_0036,054622_0180_0036,054622_SEG_TURN_02607,"◯문화체육관광부기획조정실장황성운
비서관실은사업예산은거의없습니다.
",◯문화체육관광부기획조정실장황성운 비서관실은사업예산은거의없습니다.,◯문화체육관광부기획조정실장황성운 비서관실은사업예산은거의없습니다.,◯문화체육관광부기획조정실장황성운비서관실은사업예산은거의없습니다.,35,1,0.9,0.8975,PASS,unreviewed,bce9dc4989a483801ca5a485d9a549e9cec1846a8baf3e2a774c7b7c41dd7ff5,NO_WEAK_HIT,,
ANS_N053479_T00402_T00402,QA_N053479_000160,N053479,2025-10-14,MSP_N053479_A5A44A0D,황성운,실장,문화체육관광부기획조정,agency_official,N053479_T00402,N053479_T00402,1,47,47,N053479_0047_0032,N053479_0047_0032,N053479_SEG_TURN_00402,"◯문화체육관광부기획조정실장황성운
예산규모를말씀하십니까?
",◯문화체육관광부기획조정실장황성운 예산규모를말씀하십니까?,◯문화체육관광부기획조정실장황성운 예산규모를말씀하십니까?,◯문화체육관광부기획조정실장황성운예산규모를말씀하십니까?,30,1,0.9,0.8975,PASS,unreviewed,b0e7b4487d706b9c4f99e9c11029f4c25507cfaf8813adbcd14d77ab93acf855,NO_WEAK_HIT,,
ANS_N053479_T00786_T00786,QA_N053479_000314,N053479,2025-10-14,MSP_N053479_EF714437,관최휘영,부장,문화체육관광,agency_official,N053479_T00786,N053479_T00786,1,70,70,N053479_0070_0021,N053479_0070_0021,N053479_SEG_TURN_00786,"◯문화체육관광부장관최휘영
예, 그렇게하겠습니다.
","◯문화체육관광부장관최휘영 예, 그렇게하겠습니다.","◯문화체육관광부장관최휘영 예, 그렇게하겠습니다.","◯문화체육관광부장관최휘영예,그렇게하겠습니다.",26,1,0.9,0.8975,PASS,unreviewed,30cbb1fd3df7b132f68d7a6b17df023ccf1e094ecb9cec50518c20c1ba8dcf69,NO_WEAK_HIT,,
ANS_N053479_T01302_T01302,QA_N053479_000507,N053479,2025-10-14,MSP_N053479_EF714437,관최휘영,부장,문화체육관광,agency_official,N053479_T01302,N053479_T01302,1,130,130,N053479_0130_0022,N053479_0130_0022,N053479_SEG_TURN_01302,"◯문화체육관광부장관최휘영
예, 알겠습니다.
","◯문화체육관광부장관최휘영 예, 알겠습니다.","◯문화체육관광부장관최휘영 예, 알겠습니다.","◯문화체육관광부장관최휘영예,알겠습니다.",23,1,0.9,0.8975,PASS,unreviewed,039ac14be0b0600dc33c01c449abdd8cb0785ef547a153ea0a65ac401b7ff733,NO_WEAK_HIT,,
ANS_N053480_T00385_T00385,QA_N053480_000135,N053480,2025-10-20,MSP_N053480_17DA5862,심오택,위원장,사행산업통합감독,agency_head,N053480_T00385,N053480_T00385,1,37,37,N053480_0037_0015,N053480_0037_0016,N053480_SEG_TURN_00385,"◯사행산업통합감독위원장심오택
저희들사감위원래법에불법에대해서는감시역

할……
",◯사행산업통합감독위원장심오택 저희들사감위원래법에불법에대해서는감시역 할......,◯사행산업통합감독위원장심오택 저희들사감위원래법에불법에대해서는감시역 할......,◯사행산업통합감독위원장심오택저희들사감위원래법에불법에대해서는감시역할......,44,1,0.9,0.8975,PASS,unreviewed,558f0b953200d429b587c0b129798ccc7d257567c36eddbdf47487d9a4d854b0,NO_WEAK_HIT,,
ANS_N053480_T00449_T00449,QA_N053480_000166,N053480,2025-10-20,MSP_N053480_45DBCC29,직무대,사장,한국관광공사,agency_head,N053480_T00449,N053480_T00449,1,40,40,N053480_0040_0021,N053480_0040_0021,N053480_SEG_TURN_00449,"◯한국관광공사사장직무대행서영충
예.
",◯한국관광공사사장직무대행서영충 예.,◯한국관광공사사장직무대행서영충 예.,◯한국관광공사사장직무대행서영충예.,19,1,0.9,0.8975,PASS,unreviewed,85fe3f805598cf4ea9d057386f847773a4704aa327bf81ce840905b518d63a86,NO_WEAK_HIT,,
ANS_N053480_T00840_T00840,QA_N053480_000276,N053480,2025-10-20,MSP_N053480_43A7FBA5,한은경,증인,,witness,N053480_T00840,N053480_T00840,1,66,66,N053480_0066_0039,N053480_0066_0039,N053480_SEG_TURN_00840,"◯증인한은경
그건제가미처보지를못해서……
",◯증인한은경 그건제가미처보지를못해서......,◯증인한은경 그건제가미처보지를못해서......,◯증인한은경그건제가미처보지를못해서......,25,1,0.9,0.8975,PASS,unreviewed,a3df4493312dbdcfb555c6144aefb1c1ba66997e94038b0a049a5c0b3323331b,NO_WEAK_HIT,,
ANS_N053480_T01569_T01569,QA_N053480_000590,N053480,2025-10-20,MSP_N053480_B5BE5CA4,김도인,본부장,한국언론진흥재단정부광고,agency_official,N053480_T01569,N053480_T01569,1,115,115,N053480_0115_0031,N053480_0115_0033,N053480_SEG_TURN_01569,"◯한국언론진흥재단정부광고본부장김도인
그러니까2023년도에작성된명단이라고하

는데그명단에있는사람제가확인해봤는데저희심사위원풀에없습니다. 한분이

계신데……
",◯한국언론진흥재단정부광고본부장김도인 그러니까2023년도에작성된명단이라고하 는데그명단에있는사람제가확인해봤는데저희심사위원풀에없습니다. 한분이 계신데......,◯한국언론진흥재단정부광고본부장김도인 그러니까2023년도에작성된명단이라고하 는데그명단에있는사람제가확인해봤는데저희심사위원풀에없습니다. 한분이 계신데......,◯한국언론진흥재단정부광고본부장김도인그러니까2023년도에작성된명단이라고하는데그명단에있는사람제가확인해봤는데저희심사위원풀에없습니다.한분이계신데......,86,2,0.9,0.8975,PASS,unreviewed,2f6ab6348819bf7506e38c4092bf8967c7ea3ff745382b70779b0fa9eb7a0ce0,NO_WEAK_HIT,,
ANS_N053481_T00532_T00532,QA_N053481_000245,N053481,2025-10-16,MSP_N053481_C33CDEBC,허민,청장,국가유산,agency_head,N053481_T00532,N053481_T00532,1,43,43,N053481_0043_0004,N053481_0043_0007,N053481_SEG_TURN_00532,"◯국가유산청장허민
저도심각하게바라보고있습니다. 저희들이지정만해놓고그것

을유지·관리못한다면우리청으로서의일을잘못하고있다고생각하고있고요.

정기조사가문제가아니라제가지금지시내린게우리가갖고있는여러가지지정

된건들을다시봐서잘못된것은취소할수있을정도로노력하자이말씀드렸습니다.
",◯국가유산청장허민 저도심각하게바라보고있습니다. 저희들이지정만해놓고그것 을유지·관리못한다면우리청으로서의일을잘못하고있다고생각하고있고요. 정기조사가문제가아니라제가지금지시내린게우리가갖고있는여러가지지정 된건들을다시봐서잘못된것은취소할수있을정도로노력하자이말씀드렸습니다.,◯국가유산청장허민 저도심각하게바라보고있습니다. 저희들이지정만해놓고그것 을유지·관리못한다면우리청으로서의일을잘못하고있다고생각하고있고요. 정기조사가문제가아니라제가지금지시내린게우리가갖고있는여러가지지정 된건들을다시봐서잘못된것은취소할수있을정도로노력하자이말씀드렸습니다.,◯국가유산청장허민저도심각하게바라보고있습니다.저희들이지정만해놓고그것을유지·관리못한다면우리청으로서의일을잘못하고있다고생각하고있고요.정기조사가문제가아니라제가지금지시내린게우리가갖고있는여러가지지정된건들을다시봐서잘못된것은취소할수있을정도로노력하자이말씀드렸습니다.,143,3,0.9,0.8975,PASS,unreviewed,a5928ca168df82463112e7d678cd8445432ea1e1a0ba5c30e0ab88b011ecde32,NO_WEAK_HIT,,
ANS_N053481_T00555_T00555,QA_N053481_000256,N053481,2025-10-16,MSP_N053481_C33CDEBC,허민,청장,국가유산,agency_head,N053481_T00555,N053481_T00555,1,44,44,N053481_0044_0024,N053481_0044_0024,N053481_SEG_TURN_00555,"◯국가유산청장허민
예.
",◯국가유산청장허민 예.,◯국가유산청장허민 예.,◯국가유산청장허민예.,12,1,0.9,0.8975,PASS,unreviewed,a090cc5e5217f4da156d1766ae6c0d20943811e66ca3b1cf2f856f5b5d7be362,NO_WEAK_HIT,,
ANS_N053482_T00382_T00382,QA_N053482_000156,N053482,2025-10-22,MSP_N053482_E67B4747,정용욱,대표이사,한국예술인복지재단,agency_official,N053482_T00382,N053482_T00382,1,28,28,N053482_0028_0023,N053482_0028_0023,N053482_SEG_TURN_00382,"◯한국예술인복지재단대표이사정용욱
예.
",◯한국예술인복지재단대표이사정용욱 예.,◯한국예술인복지재단대표이사정용욱 예.,◯한국예술인복지재단대표이사정용욱예.,20,1,0.9,0.8975,PASS,unreviewed,e72c88f669e1925ae11278e2ec9784b7e15a971b2b3ec9e008146303e42f486b,NO_WEAK_HIT,,
ANS_N053482_T00396_T00396,QA_N053482_000162,N053482,2025-10-22,MSP_N053482_F67954E0,정용석,사장,국립박물관문화재단,agency_head,N053482_T00396,N053482_T00396,1,29,29,N053482_0029_0032,N053482_0029_0034,N053482_SEG_TURN_00396,"◯국립박물관문화재단사장정용석
부속실에서이배용위원장의참석을아마요청을하

셨던걸로기억이되고요. 그래서오셔가지고경복궁에대한설명을해주신걸로기억

이됩니다.
",◯국립박물관문화재단사장정용석 부속실에서이배용위원장의참석을아마요청을하 셨던걸로기억이되고요. 그래서오셔가지고경복궁에대한설명을해주신걸로기억 이됩니다.,◯국립박물관문화재단사장정용석 부속실에서이배용위원장의참석을아마요청을하 셨던걸로기억이되고요. 그래서오셔가지고경복궁에대한설명을해주신걸로기억 이됩니다.,◯국립박물관문화재단사장정용석부속실에서이배용위원장의참석을아마요청을하셨던걸로기억이되고요.그래서오셔가지고경복궁에대한설명을해주신걸로기억이됩니다.,80,2,0.9,0.8975,PASS,unreviewed,e62481d6cc5930f3046cc89ee51d21f660c97a626bb1168d09c262c3ba2c2a9a,NO_WEAK_HIT,,
ANS_N053482_T01026_T01026,QA_N053482_000416,N053482,2025-10-22,MSP_N053482_05F2B24B,송윤석,정책관,문화체육관광부지역문화,agency_official,N053482_T01026,N053482_T01026,1,71,71,N053482_0071_0009,N053482_0071_0010,N053482_SEG_TURN_01026,"◯문화체육관광부지역문화정책관송윤석
공무직을총괄하는담당국장은지금현재없

고요. 저희가각각미술관이나박물관이나도서관을담당할때……
",◯문화체육관광부지역문화정책관송윤석 공무직을총괄하는담당국장은지금현재없 고요. 저희가각각미술관이나박물관이나도서관을담당할때......,◯문화체육관광부지역문화정책관송윤석 공무직을총괄하는담당국장은지금현재없 고요. 저희가각각미술관이나박물관이나도서관을담당할때......,◯문화체육관광부지역문화정책관송윤석공무직을총괄하는담당국장은지금현재없고요.저희가각각미술관이나박물관이나도서관을담당할때......,71,2,0.9,0.7725,PASS,unreviewed,8a460c446d16f0d779adf43ba5070417da1087e490a09bb7d7bf0af8e2a7970b,NO_WEAK_HIT,,
ANS_N053482_T01079_T01079,QA_N053482_000434,N053482,2025-10-22,MSP_N053482_D391730D,정병국,위원장,한국문화예술,agency_head,N053482_T01079,N053482_T01079,1,75,75,N053482_0075_0023,N053482_0075_0024,N053482_SEG_TURN_01079,"◯한국문화예술위원장정병국
법인카드가100여개가된거는법인카드를기금별, 사업

별로별도로계좌를해가지고써야되기때문에가짓수가많을수밖에없었고요……
","◯한국문화예술위원장정병국 법인카드가100여개가된거는법인카드를기금별, 사업 별로별도로계좌를해가지고써야되기때문에가짓수가많을수밖에없었고요......","◯한국문화예술위원장정병국 법인카드가100여개가된거는법인카드를기금별, 사업 별로별도로계좌를해가지고써야되기때문에가짓수가많을수밖에없었고요......","◯한국문화예술위원장정병국법인카드가100여개가된거는법인카드를기금별,사업별로별도로계좌를해가지고써야되기때문에가짓수가많을수밖에없었고요......",79,1,0.9,0.8975,PASS,unreviewed,937fe03513af9773ed572d90c3022ef0d8400597dda77fd14bde53fe335d1148,NO_WEAK_HIT,,
ANS_N053483_T00431_T00431,QA_N053483_000154,N053483,2025-10-23,MSP_N053483_BA1734B7,직무대,원장,한국콘텐츠진흥,agency_head,N053483_T00431,N053483_T00431,1,42,42,N053483_0042_0021,N053483_0042_0021,N053483_SEG_TURN_00431,"◯한국콘텐츠진흥원장직무대행유현석
예, 알겠습니다.
","◯한국콘텐츠진흥원장직무대행유현석 예, 알겠습니다.","◯한국콘텐츠진흥원장직무대행유현석 예, 알겠습니다.","◯한국콘텐츠진흥원장직무대행유현석예,알겠습니다.",27,1,0.9,0.8975,PASS,unreviewed,29c0615f073c04320718babf33aac40ea018e84f828e3e0f26c5a213065e5931,NO_WEAK_HIT,,
ANS_N053483_T00898_T00898,QA_N053483_000269,N053483,2025-10-23,MSP_N053483_BA1734B7,직무대,원장,한국콘텐츠진흥,agency_head,N053483_T00898,N053483_T00898,1,73,73,N053483_0073_0005,N053483_0073_0021,N053483_SEG_TURN_00898,"◯한국콘텐츠진흥원장직무대행유현석
먼저지금게임인재원말씀을주셔가지고간략

하게말씀을드리도록하겠습니다.

게임인재원취업률이떨어진것은핑계라고말씀하셔도할말은없지만엔데믹이후에

게임기업들이다신규채용을줄인반면에저희는그전해까지굉장히취업률이좋았기

때문에정원을2배로늘렸습니다. 그게미스매칭이되는바람에그런결과가나왔다고

말씀드리고싶고요.

그리고2년동안의장기과정입니다. 그런데이게수업은무료지만지원금같은게전

혀안나가기때문에중도에생활비문제때문에포기하는인원이많이발생한것도사

실이었습니다. 그런이유가있었다고말씀드리고요.

그것을해소하기위해서중장기적으로개선방안을지금마련하고있습니다. AI 기반

의커리큘럼도개설하고있고요. 그리고산업계와공동적으로프로젝트하는취업률에오

리엔티드된그런교육과정도개발하고있습니다. 그리고교육기간도2년에서9개월로

줄이려고하고있고요. 기타단기교육도도입을해서문체부랑협의를거쳐서게임인재

원에정말아주적합한인재들이모이고잘양성해서그대로취업이될수있도록지속

적으로노력해나가고요.

위원님께서지금말씀하신것처럼정말저희가머리를맞대고문체부랑협의해서위원

님께따로보고를드리는기회를갖도록하겠습니다.
",◯한국콘텐츠진흥원장직무대행유현석 먼저지금게임인재원말씀을주셔가지고간략 하게말씀을드리도록하겠습니다. 게임인재원취업률이떨어진것은핑계라고말씀하셔도할말은없지만엔데믹이후에 게임기업들이다신규채용을줄인반면에저희는그전해까지굉장히취업률이좋았기 때문에정원을2배로늘렸습니다. 그게미스매칭이되는바람에그런결과가나왔다고 말씀드리고싶고요. 그리고2년동안의장기과정입니다. 그런데이게수업은무료지만지원금같은게전 혀안나가기때문에중도에생활비문제때문에포기하는인원이많이발생한것도사 실이었습니다. 그런이유가있었다고말씀드리고요. 그것을해소하기위해서중장기적으로개선방안을지금마련하고있습니다. AI 기반 의커리큘럼도개설하고있고요. 그리고산업계와공동적으로프로젝트하는취업률에오 리엔티드된그런교육과정도개발하고있습니다. 그리고교육기간도2년에서9개월로 줄이려고하고있고요. 기타단기교육도도입을해서문체부랑협의를거쳐서게임인재 원에정말아주적합한인재들이모이고잘양성해서그대로취업이될수있도록지속 적으로노력해나가고요. 위원님께서지금말씀하신것처럼정말저희가머리를맞대고문체부랑협의해서위원 님께따로보고를드리는기회를갖도록하겠습니다.,◯한국콘텐츠진흥원장직무대행유현석 먼저지금게임인재원말씀을주셔가지고간략 하게말씀을드리도록하겠습니다. 게임인재원취업률이떨어진것은핑계라고말씀하셔도할말은없지만엔데믹이후에 게임기업들이다신규채용을줄인반면에저희는그전해까지굉장히취업률이좋았기 때문에정원을2배로늘렸습니다. 그게미스매칭이되는바람에그런결과가나왔다고 말씀드리고싶고요. 그리고2년동안의장기과정입니다. 그런데이게수업은무료지만지원금같은게전 혀안나가기때문에중도에생활비문제때문에포기하는인원이많이발생한것도사 실이었습니다. 그런이유가있었다고말씀드리고요. 그것을해소하기위해서중장기적으로개선방안을지금마련하고있습니다. AI 기반 의커리큘럼도개설하고있고요. 그리고산업계와공동적으로프로젝트하는취업률에오 리엔티드된그런교육과정도개발하고있습니다. 그리고교육기간도2년에서9개월로 줄이려고하고있고요. 기타단기교육도도입을해서문체부랑협의를거쳐서게임인재 원에정말아주적합한인재들이모이고잘양성해서그대로취업이될수있도록지속 적으로노력해나가고요. 위원님께서지금말씀하신것처럼정말저희가머리를맞대고문체부랑협의해서위원 님께따로보고를드리는기회를갖도록하겠습니다.,◯한국콘텐츠진흥원장직무대행유현석먼저지금게임인재원말씀을주셔가지고간략하게말씀을드리도록하겠습니다.게임인재원취업률이떨어진것은핑계라고말씀하셔도할말은없지만엔데믹이후에게임기업들이다신규채용을줄인반면에저희는그전해까지굉장히취업률이좋았기때문에정원을2배로늘렸습니다.그게미스매칭이되는바람에그런결과가나왔다고말씀드리고싶고요.그리고2년동안의장기과정입니다.그런데이게수업은무료지만지원금같은게전혀안나가기때문에중도에생활비문제때문에포기하는인원이많이발생한것도사실이었습니다.그런이유가있었다고말씀드리고요.그것을해소하기위해서중장기적으로개선방안을지금마련하고있습니다.AI기반의커리큘럼도개설하고있고요.그리고산업계와공동적으로프로젝트하는취업률에오리엔티드된그런교육과정도개발하고있습니다.그리고교육기간도2년에서9개월로줄이려고하고있고요.기타단기교육도도입을해서문체부랑협의를거쳐서게임인재원에정말아주적합한인재들이모이고잘양성해서그대로취업이될수있도록지속적으로노력해나가고요.위원님께서지금말씀하신것처럼정말저희가머리를맞대고문체부랑협의해서위원님께따로보고를드리는기회를갖도록하겠습니다.,531,12,0.9,0.8975,PASS,unreviewed,7235d7b65433343c3810efae91e15ba8a842cd7dbb4942806e50bbee3dc1e209,NO_WEAK_HIT,,
ANS_N053485_T00987_T00987,QA_N053485_000321,N053485,2025-10-27,MSP_N053485_C27E665F,강태영,증인,,witness,N053485_T00987,N053485_T00987,1,82,82,N053485_0082_0012,N053485_0082_0012,N053485_SEG_TURN_00987,"◯증인강태영
아니요, 회장님은안계시지않습니다. 회장님계십니다.
","◯증인강태영 아니요, 회장님은안계시지않습니다. 회장님계십니다.","◯증인강태영 아니요, 회장님은안계시지않습니다. 회장님계십니다.","◯증인강태영아니요,회장님은안계시지않습니다.회장님계십니다.",34,2,0.9,0.8975,PASS,unreviewed,4de19d827ad80d090769847cda27befaf741b66debdaaa391f5fa18bbe288300,NO_WEAK_HIT,,
